gender,race,school_type,gpa,sat_score,extracurricular_activities,first_generation,income_band,admitted
Male,Black,Private,3.9,1324,3,0,Low,1
Female,Other,Charter,2.83,1049,7,0,Middle,1
Female,White,Private,3.26,1472,7,0,Middle,1
Male,White,Charter,2.44,972,0,1,Middle,0
Female,Hispanic,Public,3.38,1201,5,0,High,1
Female,White,Private,3.03,957,9,0,High,1
Male,White,Charter,2.68,1440,7,0,Low,1
Female,Black,Public,2.7,1464,7,0,Low,1
Male,Hispanic,Charter,2.75,1570,0,0,Middle,1
Female,Black,Public,2.87,1187,7,0,Middle,0
Female,Other,Charter,2.5,908,8,1,High,1
Non-binary,Hispanic,Private,2.55,1377,5,1,High,1
Male,Hispanic,Public,3.92,1448,6,0,Low,1
Male,Other,Public,2.6,1379,5,1,High,1
Female,Black,Private,3.25,1307,4,0,Middle,1
Female,Hispanic,Public,2.69,967,0,1,Middle,1
Female,White,Public,3.62,1207,1,1,Low,1
Female,Black,Public,3.39,1201,9,0,Low,1
Female,Asian,Public,2.66,1172,1,0,Middle,1
Female,Asian,Public,3.43,1432,8,0,Middle,1
Female,White,Charter,3.51,1459,5,0,High,1
Male,White,Private,2.28,1352,2,0,Middle,1
Female,Asian,Public,3.16,1416,2,0,Middle,1
Female,White,Public,3.62,1377,9,0,High,1
Female,Asian,Private,2.1,1417,9,0,Middle,1
Female,Hispanic,Public,3.02,945,1,1,Low,1
Male,White,Public,3.68,1508,6,0,Middle,1
Female,Hispanic,Public,3.91,1523,0,0,Low,0
Non-binary,Asian,Public,3.31,1356,0,0,High,1
Male,White,Public,2.66,1346,9,0,Middle,0
Female,Black,Public,3.21,1542,2,0,Low,0
Female,Asian,Charter,2.05,1570,0,1,Low,1
Male,White,Public,2.91,1278,2,0,Middle,1
Female,White,Public,3.45,1514,8,0,Middle,1
Female,Black,Public,2.07,1546,6,0,Middle,1
Male,White,Public,3.21,915,8,1,Middle,1
Female,White,Private,3.18,1407,6,0,Low,1
Male,Black,Public,2.38,1503,8,1,Low,0
Male,White,Private,3.14,1277,2,1,Middle,0
Male,White,Charter,2.82,1554,6,1,Low,1
Male,White,Private,2.96,1254,5,0,High,1
Non-binary,Asian,Public,2.65,1523,1,0,Low,1
Female,Asian,Public,3.62,1378,5,1,Middle,1
Female,White,Private,2.73,1291,2,0,Low,1
Male,White,Private,3.58,1083,1,1,Low,0
Female,White,Public,2.15,1363,4,0,High,1
Male,White,Private,2.56,1509,4,0,Middle,0
Female,Black,Public,2.81,1284,1,1,Middle,0
Male,Hispanic,Charter,2.81,1558,2,1,Low,0
Male,White,Charter,2.88,1430,7,0,Low,1
Female,White,Private,3.3,986,4,0,Middle,1
Male,Hispanic,Public,3.15,1091,7,0,Middle,0
Female,Black,Public,3.04,1541,9,0,Low,0
Male,White,Public,3.68,1103,3,0,Middle,1
Male,Hispanic,Public,2.39,922,3,0,Middle,1
Male,Black,Private,3.72,1595,5,1,Middle,0
Female,Black,Charter,3.62,1518,9,0,Low,1
Female,White,Private,2.39,1400,4,1,Middle,1
Male,White,Public,3.25,1493,4,0,High,1
Female,White,Public,2.45,1379,8,0,Middle,1
Female,Asian,Public,3.89,1058,5,0,Low,1
Male,White,Private,2.99,1213,2,0,Middle,1
Male,White,Private,2.41,1167,3,1,High,1
Female,White,Public,3.27,1532,8,1,Middle,0
Female,White,Public,3.41,1574,5,0,Middle,0
Male,Asian,Private,3.21,903,7,0,Low,1
Female,White,Public,2.48,1129,6,0,High,1
Non-binary,Black,Charter,3.47,1384,0,0,Middle,1
Male,Hispanic,Private,3.86,1229,0,0,Low,1
Male,White,Public,3.9,1105,9,1,Middle,0
Female,Asian,Private,3.36,904,6,0,Low,1
Male,White,Private,3.68,1052,1,0,High,1
Female,White,Public,3.96,1324,8,1,Middle,1
Female,White,Public,2.09,916,9,0,Middle,1
Male,White,Private,2.95,1111,8,0,Middle,0
Male,Black,Private,2.58,1188,1,1,Middle,1
Female,Black,Public,2.95,1548,8,0,Low,0
Male,Hispanic,Charter,3.83,1077,8,0,Middle,1
Female,White,Public,3.97,1570,9,0,Low,1
Female,Hispanic,Private,3.81,1073,5,1,Low,1
Male,White,Private,2.39,1522,4,0,High,1
Male,Other,Public,3.61,1543,9,0,Low,0
Female,Other,Public,3.64,930,1,0,Middle,1
Female,White,Private,3.16,903,5,0,High,1
Female,Hispanic,Public,3.43,917,8,1,Middle,1
Male,Asian,Private,3.81,1237,2,0,Middle,1
Female,White,Public,3.99,1131,2,0,Low,1
Female,White,Public,2.08,947,3,0,Low,1
Female,White,Public,2.51,962,9,1,Middle,1
Male,White,Public,3.87,1169,3,0,Middle,0
Female,Asian,Charter,2.66,989,0,0,Low,0
Male,Asian,Public,2.21,1498,1,1,Middle,1
Female,Asian,Public,2.63,1188,5,1,High,1
Female,White,Private,3.04,980,4,1,Low,1
Female,White,Public,2.77,1069,9,0,Low,0
Female,White,Private,3.58,1571,3,0,Low,1
Female,Asian,Public,3.22,1523,9,0,Middle,0
Female,Hispanic,Public,2.87,998,8,0,High,1
Male,Other,Private,3.99,1582,1,0,Low,1
Male,Asian,Private,3.77,1596,7,0,High,1
Male,White,Private,3.72,1377,3,0,Middle,0
Female,White,Charter,3.13,1042,8,1,Middle,1
Male,White,Charter,3.56,1205,3,1,Low,1
Female,Hispanic,Public,2.67,1271,1,0,Middle,1
Male,Asian,Public,2.66,1482,5,0,High,1
Female,White,Public,3.78,1474,8,0,High,1
Female,Asian,Private,3.19,1481,6,0,Middle,0
Female,Black,Private,2.69,1292,0,1,Middle,0
Male,White,Public,3.69,1552,8,1,Low,0
Non-binary,Hispanic,Public,2.89,1003,5,1,High,0
Male,Black,Private,2.8,1045,8,1,High,0
Male,White,Private,2.05,1574,1,0,Middle,1
Male,Asian,Public,3.36,900,6,1,High,1
Female,Hispanic,Private,3.07,1024,7,1,Low,1
Female,Black,Public,2.62,1269,7,0,Low,1
Male,White,Public,2.28,935,4,1,High,0
Non-binary,White,Public,2.36,1141,6,1,Middle,1
Male,White,Public,2.45,1389,6,1,Middle,1
Male,White,Public,3.73,1064,2,0,Middle,0
Female,White,Charter,2.96,1021,1,0,Low,0
Female,White,Public,3.39,1493,4,1,Middle,1
Male,White,Private,2.92,975,3,0,Middle,0
Male,Asian,Public,2.95,1232,7,1,Low,1
Male,Hispanic,Public,3.64,1590,4,1,Middle,1
Male,White,Private,3.54,985,8,1,Middle,1
Male,White,Private,2.46,1371,6,0,High,1
Male,White,Public,3.25,1269,0,0,Low,1
Male,Black,Public,3.36,1236,1,1,Middle,0
Female,Asian,Public,2.81,1480,7,0,High,1
Male,White,Private,2.14,1517,9,1,Low,1
Male,Black,Private,2.74,964,7,1,High,1
Male,White,Public,2.72,1438,1,0,Low,0
Male,White,Private,3.38,1291,6,0,High,1
Female,White,Charter,3.62,905,7,1,Middle,1
Male,Hispanic,Public,2.79,1288,3,0,High,1
Male,White,Public,3.29,1337,2,0,Low,0
Male,White,Public,3.29,1016,9,1,Middle,0
Female,Hispanic,Public,3.3,1045,8,0,Middle,1
Male,Black,Public,3.11,1575,1,1,Middle,0
Male,White,Public,3.26,996,2,0,Low,0
Male,White,Charter,3.74,1209,7,0,Low,1
Female,Hispanic,Public,3.84,1061,1,0,Middle,0
Male,White,Private,2.18,1187,4,0,Middle,1
Male,Black,Private,2.02,1462,9,1,Middle,0
Female,White,Private,3.04,1542,7,0,Low,1
Female,White,Public,2.83,1240,6,0,Middle,1
Female,White,Public,2.9,1424,3,1,Middle,1
Female,Hispanic,Public,2.92,1419,9,1,Low,0
Non-binary,Hispanic,Private,3.79,1327,8,1,Low,0
Female,Black,Public,3.27,1313,1,0,Low,1
Male,White,Public,2.88,1163,6,0,Middle,1
Female,Black,Private,2.91,1246,6,0,Middle,1
Female,Hispanic,Public,3.69,1258,6,0,Middle,0
Male,Hispanic,Public,2.43,1035,6,0,High,1
Male,White,Private,2.03,1216,4,0,Low,1
Male,Asian,Private,2.96,1362,0,1,High,1
Male,White,Public,3.92,1098,3,1,Middle,1
Male,Asian,Public,3.63,975,4,0,Low,1
Female,White,Private,2.82,1319,9,1,High,1
Female,Black,Public,2.35,1262,3,0,High,1
Male,White,Public,3.14,1505,6,1,Middle,0
Male,White,Private,3.76,1345,1,1,Middle,0
Female,Asian,Private,3.43,1302,1,0,High,1
Male,White,Private,3.08,917,1,0,Middle,1
Male,Black,Public,3.47,1583,9,0,High,1
Male,Hispanic,Private,3.93,1268,2,1,Low,0
Male,White,Public,3.11,1559,4,0,Low,1
Female,Hispanic,Public,3.11,1413,9,0,Low,1
Female,Other,Public,2.96,929,8,0,Middle,1
Female,White,Public,3.13,1334,2,0,High,0
Non-binary,Hispanic,Public,3.27,1071,5,1,Middle,0
Male,White,Public,2.41,1149,5,1,Middle,1
Female,Other,Public,3.14,1390,5,0,Middle,0
Male,White,Public,2.03,946,4,0,Low,1
Male,Other,Charter,3.88,1198,1,0,High,0
Male,White,Public,2.08,1422,0,1,Middle,1
Female,Hispanic,Private,3.92,1369,4,0,High,1
Female,Black,Public,3.94,1325,7,1,Middle,0
Male,White,Charter,3.05,1174,9,0,Middle,1
Male,Hispanic,Public,2.66,1286,4,0,High,1
Female,Hispanic,Public,2.37,1415,2,1,Low,1
Female,Asian,Charter,2.32,1382,2,0,Low,0
Female,White,Private,2.48,1577,1,1,Middle,1
Male,Asian,Charter,2.95,1355,6,0,Middle,1
Male,Hispanic,Public,3.49,1061,1,1,Middle,0
Male,Black,Public,2.8,1206,5,1,Low,1
Male,White,Public,3.56,1314,7,1,High,1
Male,Hispanic,Charter,3.13,1515,7,0,Middle,1
Male,Asian,Public,2.04,1238,1,0,Low,1
Female,Asian,Public,2.26,936,5,0,Low,0
Female,Hispanic,Public,3.14,1123,2,1,High,1
Female,Other,Public,2.32,958,8,0,Middle,1
Female,Asian,Public,3.22,1119,2,0,Middle,1
Male,Asian,Public,2.89,1260,0,1,Low,1
Male,Hispanic,Private,3.38,924,8,0,Low,1
Female,Asian,Public,2.58,1352,7,0,Middle,1
Male,White,Public,3.64,1106,1,0,Middle,1
Male,Hispanic,Private,2.78,924,9,1,Low,1
Male,White,Private,3.59,983,9,0,High,1
Male,White,Public,2.04,1147,2,1,Low,1
Male,Black,Private,2.79,1147,6,0,High,1
Male,Hispanic,Private,2.44,950,5,1,Middle,1
Female,White,Public,2.89,1421,7,0,High,1
Male,White,Public,3.89,1076,9,0,High,1
Male,White,Public,2.32,1024,4,1,Low,1
Male,Hispanic,Public,2.18,1065,4,0,Middle,0
Male,White,Public,2.12,1247,1,0,Low,1
Male,White,Public,2.25,1025,5,0,Middle,1
Male,White,Private,2.12,1268,4,0,High,1
Male,White,Public,3.37,1146,8,0,Middle,1
Female,Black,Public,2.23,969,2,0,Middle,0
Male,White,Private,2.39,1422,4,0,Low,1
Male,Black,Private,3.29,982,2,0,Middle,0
Female,White,Public,2.89,1299,8,0,Middle,1
Female,White,Private,2.11,1571,8,1,Low,1
Non-binary,Hispanic,Charter,3.94,1285,9,1,Middle,1
Male,White,Private,3.2,957,6,0,High,1
Male,Asian,Charter,3.23,1373,0,0,Middle,1
Male,Other,Private,3.71,978,8,0,Low,1
Female,Hispanic,Public,3.82,1084,8,1,Middle,1
Male,Hispanic,Public,2.11,976,9,0,High,1
Male,White,Charter,2.14,970,4,0,High,1
Female,Black,Private,3.55,1015,1,0,Low,0
Female,White,Public,3.39,1084,0,1,High,1
Non-binary,Hispanic,Public,2.43,1222,1,0,High,1
Non-binary,Hispanic,Public,2.64,914,3,0,High,1
Female,White,Charter,3.22,1341,3,0,High,1
Male,Black,Public,3.58,1414,0,1,Low,1
Male,Hispanic,Public,3.21,957,7,0,Middle,1
Male,White,Charter,3.58,1182,9,0,Middle,1
Male,Hispanic,Public,2.46,1298,7,0,High,1
Male,Hispanic,Private,2.66,1599,7,0,Low,1
Male,White,Public,2.2,1311,4,0,Middle,1
Male,White,Public,3.97,1586,9,1,Middle,1
Non-binary,White,Public,3.62,1476,1,0,Middle,1
Female,White,Public,3.43,1336,3,1,Middle,1
Female,Hispanic,Public,2.39,910,0,1,Middle,1
Male,Black,Public,3.4,1090,9,0,High,0
Female,White,Private,3.72,1415,0,1,High,1
Male,White,Private,3.62,1465,9,1,Middle,1
Female,White,Public,3.51,959,2,0,Middle,1
Female,Asian,Public,2.77,1055,3,0,High,1
Male,Hispanic,Private,3.53,1037,2,0,Low,1
Female,White,Public,2.97,1368,2,1,Low,1
Male,Asian,Private,2.81,1575,7,1,High,1
Female,White,Public,3.93,1491,3,1,Middle,1
Male,Other,Public,2.29,1214,2,0,Low,0
Male,Asian,Public,3.73,1584,8,1,High,0
Female,Asian,Public,2.64,1078,0,0,High,1
Male,Hispanic,Public,3.03,945,7,0,High,0
Male,Hispanic,Public,2.73,1296,4,1,Low,1
Female,White,Charter,3.01,1248,7,1,Low,1
Female,Black,Private,3.64,1031,9,0,Middle,1
Non-binary,Hispanic,Private,2.37,1581,2,0,Middle,0
Male,White,Private,3.51,1310,5,0,High,1
Male,White,Public,2.89,1035,6,1,High,1
Female,Asian,Private,3.87,1516,7,1,High,1
Male,White,Private,3.09,925,6,1,Low,1
Male,White,Private,2.08,1412,6,0,High,1
Female,White,Public,3.82,1390,1,0,High,0
Female,White,Public,3.85,1367,2,0,Middle,1
Female,Black,Public,2.36,1501,5,0,Low,0
Male,White,Public,3.95,938,2,1,Middle,1
Non-binary,Black,Public,2.89,926,8,0,Low,1
Female,Hispanic,Private,3.83,1097,8,0,High,0
Female,Hispanic,Public,2.73,1427,5,0,Low,0
Female,Other,Private,2.05,1222,0,0,Middle,1
Male,White,Public,3.59,921,0,0,High,1
Female,White,Private,3.77,972,3,0,High,1
Female,Asian,Public,2.33,1595,9,1,High,1
Male,White,Public,3.11,1340,7,0,High,1
Female,Asian,Public,3.66,1291,2,0,High,1
Non-binary,Other,Public,2.92,1546,3,1,High,0
Female,Asian,Public,3.58,1231,5,1,Middle,1
Male,Other,Charter,3.28,900,8,0,Middle,1
Male,White,Public,3.44,1337,3,0,Middle,1
Female,White,Public,3.84,1107,2,1,Middle,1
Female,White,Public,2.83,913,9,0,High,0
Female,Hispanic,Public,3.54,1121,9,1,Middle,1
Male,White,Private,3.43,1143,8,1,High,1
Male,Hispanic,Charter,2.88,1558,6,0,Low,0
Female,White,Private,2.76,1174,8,0,Middle,1
Female,Hispanic,Private,3.76,1488,9,0,Middle,1
Female,White,Public,2.41,1007,5,0,Middle,1
Female,White,Public,2.64,1229,3,0,Middle,0
Male,Other,Private,3.95,1522,4,0,High,0
Male,Black,Private,2.55,1024,9,1,Low,0
Female,White,Private,3.74,992,1,1,Low,1
Female,Asian,Public,2.74,1311,2,0,High,1
Female,White,Public,3.1,1136,4,1,High,1
Male,Black,Public,2.8,1554,2,0,Low,0
Female,Hispanic,Private,2.44,1108,2,0,Middle,1
Female,Hispanic,Charter,3.38,1218,8,0,Low,1
Female,White,Private,3.93,922,3,1,High,1
Male,Hispanic,Public,3.79,1326,3,1,Middle,1
Male,White,Public,3.97,909,0,1,Middle,1
Male,Black,Public,3.38,1076,6,0,Middle,1
Female,White,Private,2.07,1189,9,0,Middle,0
Male,White,Public,3.11,1506,8,0,Low,0
Female,White,Public,3.25,979,7,0,High,1
Male,Other,Public,2.24,1305,1,0,High,1
Male,White,Private,3.66,999,5,0,High,1
Male,Asian,Private,3.46,1318,9,0,High,0
Male,White,Private,2.9,922,9,0,Middle,1
Male,Black,Public,2.58,1289,4,0,Low,1
Male,White,Public,2.44,1146,7,1,Low,1
Non-binary,Hispanic,Public,3.93,1501,0,0,Middle,1
Non-binary,Hispanic,Public,3.6,1385,8,1,Low,0
Female,Hispanic,Private,3.39,1417,8,0,Middle,1
Male,Hispanic,Private,3.9,918,6,0,Low,1
Female,White,Charter,2.41,1390,7,0,High,0
Male,White,Public,3.72,1009,8,0,Middle,1
Male,White,Public,3.17,1506,4,1,Low,1
Female,White,Public,3.87,1498,1,0,High,1
Female,Asian,Private,3.32,1295,0,1,Middle,0
Male,White,Private,3.48,912,4,1,Low,1
Female,White,Public,2.44,1241,7,1,High,1
Male,Black,Private,2.69,1487,9,1,Low,1
Male,White,Public,2.6,1058,3,1,High,0
Female,Asian,Private,3.39,1232,3,0,Middle,1
Male,Asian,Public,2.82,922,3,1,Low,1
Female,White,Public,3.72,1139,7,0,High,1
Male,Other,Private,2.43,1094,6,0,Middle,0
Male,White,Public,3.59,1037,0,0,Middle,1
Female,White,Private,3.63,1409,9,0,High,1
Male,Other,Private,3.26,1122,5,0,Low,1
Female,White,Public,2.3,1327,3,1,Middle,1
Male,White,Public,2.65,1354,1,0,High,1
Male,Black,Private,2.8,907,2,0,Middle,1
Male,White,Public,2.93,1115,3,0,Middle,1
Female,White,Public,3.47,1183,9,1,Low,1
Male,Hispanic,Private,2.68,1392,6,0,Middle,1
Male,Hispanic,Public,2.04,1338,0,0,Middle,0
Female,Asian,Public,3.73,1222,0,0,Low,1
Female,Black,Private,2.86,1572,2,0,Low,1
Male,White,Charter,2.57,1525,1,1,Middle,1
Male,White,Public,3.64,1312,2,1,Low,1
Non-binary,Asian,Private,3.76,1116,2,1,Middle,0
Male,Hispanic,Private,3.46,1044,0,0,Middle,1
Male,White,Public,2.71,1545,5,0,Low,1
Male,Hispanic,Public,2.46,1073,7,1,Middle,1
Non-binary,White,Public,3.43,1169,4,0,Middle,1
Male,White,Private,2.11,1576,0,0,High,1
Female,Black,Public,2.78,1518,9,1,High,1
Female,Asian,Private,3.52,928,6,0,High,1
Female,White,Private,3.17,1119,9,0,Middle,1
Female,Other,Public,3.47,1400,8,0,High,0
Male,White,Private,3.15,948,6,0,High,0
Non-binary,White,Public,2.48,901,8,1,Middle,1
Male,White,Private,2.97,1500,9,0,Middle,0
Female,White,Public,3.55,969,8,0,Low,1
Male,White,Public,2.46,945,1,1,Low,1
Female,Black,Public,3.93,962,7,1,Middle,0
Male,White,Private,2.41,1530,6,1,Middle,1
Male,White,Charter,2.03,1391,6,1,Middle,1
Male,White,Public,3.56,1396,1,0,Low,1
Male,White,Public,3.86,926,0,1,High,1
Female,Hispanic,Public,2.49,1090,3,1,Middle,1
Female,Other,Public,2.31,1127,6,1,Middle,1
Female,Asian,Private,2.45,1123,5,0,Middle,0
Male,White,Charter,3.26,1194,9,0,Middle,1
Male,Other,Private,3.16,957,1,0,Low,1
Female,Hispanic,Public,3.24,1553,6,1,Middle,1
Female,White,Public,2.02,1561,9,0,Middle,0
Female,Black,Public,2.31,1428,8,1,High,1
Male,Other,Public,2.49,1395,1,0,Low,1
Male,White,Private,3.39,937,9,0,Low,1
Male,White,Public,3.22,997,4,1,Middle,1
Male,White,Public,3.25,957,1,0,Middle,1
Female,White,Public,3.14,1246,0,0,Middle,1
Female,White,Private,3.49,1428,6,1,Middle,1
Male,Hispanic,Private,3.88,1531,1,1,Middle,0
Female,Black,Charter,3.35,1434,5,0,Low,0
Female,White,Public,3.49,1381,6,1,High,1
Female,White,Public,3.22,1112,0,0,Low,1
Male,Hispanic,Public,3.6,1047,8,0,High,1
Male,Other,Public,3.89,995,5,0,High,1
Female,Black,Public,3.21,1359,1,0,High,0
Male,Hispanic,Public,2.36,1159,0,0,High,1
Female,White,Public,3.54,972,0,0,Low,0
Male,Asian,Public,3.3,1230,1,0,Middle,1
Female,White,Public,3.87,948,8,0,Low,1
Male,Asian,Public,2.54,1121,1,0,Low,1
Male,Hispanic,Private,3.94,1264,0,0,Low,0
Female,Hispanic,Public,3.1,1404,3,0,Middle,1
Female,White,Private,3.93,931,8,0,Middle,1
Female,Hispanic,Public,3.57,1439,7,0,High,0
Male,White,Public,3.73,1579,6,0,Middle,1
Female,Black,Private,2.65,936,7,0,Middle,1
Male,Hispanic,Public,2.44,1078,1,1,Middle,1
Female,Asian,Charter,3.25,956,4,0,High,0
Female,Black,Public,2.75,1235,6,0,High,0
Male,White,Public,3.97,1395,0,0,Middle,1
Male,Asian,Public,2.99,1483,5,0,Low,1
Male,Hispanic,Public,2.22,1094,6,0,Low,0
Female,White,Private,3.0,902,7,1,Middle,1
Female,Asian,Public,3.07,1101,4,0,Middle,1
Female,Other,Public,2.01,1090,7,0,High,1
Male,Black,Public,2.49,1106,9,0,Middle,0
Male,White,Private,2.0,1010,0,0,Middle,0
Male,Asian,Public,3.12,1246,3,0,High,1
Female,White,Public,2.58,1405,5,0,High,1
Non-binary,Hispanic,Public,2.35,1462,3,1,Middle,0
Female,White,Public,3.68,1033,4,1,Low,1
Female,Other,Public,2.06,1180,1,1,Middle,1
Male,Asian,Private,3.38,1125,6,0,Middle,1
Female,Hispanic,Charter,3.15,1437,8,0,High,0
Male,White,Charter,3.54,1115,6,0,Middle,1
Female,Hispanic,Public,2.26,1491,0,1,Middle,0
Male,Black,Public,3.74,1191,1,0,Middle,0
Female,White,Public,2.64,920,7,0,Low,1
Female,Hispanic,Public,2.02,1121,0,0,Middle,1
Female,White,Private,3.31,1460,1,0,Low,1
Male,Black,Public,3.72,1239,4,1,Low,0
Female,White,Public,2.71,1273,5,0,Middle,1
Female,Asian,Private,3.06,1471,0,0,Middle,1
Female,White,Public,2.82,1345,0,1,High,1
Female,Hispanic,Public,2.08,1278,1,1,High,1
Male,Black,Public,3.51,1430,2,1,Low,1
Male,Black,Public,3.88,1294,8,0,Low,1
Female,White,Public,2.84,1489,2,0,Middle,0
Non-binary,White,Public,2.29,1255,7,0,Middle,0
Female,Hispanic,Public,3.01,1542,5,0,Middle,1
Male,White,Public,3.81,1340,9,1,Middle,1
Female,White,Public,3.21,1113,4,1,Low,1
Male,Asian,Private,2.42,1027,8,0,Middle,1
Male,White,Public,3.11,1411,7,0,Middle,1
Male,White,Public,2.65,1518,2,1,Middle,1
Female,Hispanic,Public,2.05,1352,6,0,Middle,1
Female,White,Public,3.83,1592,3,0,Low,1
Male,Black,Public,3.59,1217,7,1,Low,0
Female,White,Public,3.85,944,6,0,Middle,0
Female,Hispanic,Charter,3.37,956,2,1,Low,1
Male,White,Public,2.9,1285,6,1,Low,0
Male,Hispanic,Private,2.99,1082,5,1,Low,0
Male,Black,Charter,2.41,1216,5,0,Middle,0
Male,Asian,Private,2.77,1307,9,1,Middle,1
Female,White,Public,2.33,1416,2,0,Low,1
Male,White,Private,2.95,1565,3,0,Low,0
Male,Asian,Public,3.29,1375,3,0,Middle,0
Male,Hispanic,Charter,2.51,918,5,0,Middle,1
Female,Other,Private,3.89,930,8,1,Middle,1
Male,White,Private,3.29,1390,4,1,Low,1
Female,Black,Public,2.44,1558,7,0,Middle,1
Male,White,Public,2.33,1367,4,0,Low,1
Female,Other,Private,2.34,1295,5,0,Middle,1
Male,White,Public,3.95,1318,5,0,Middle,1
Male,Asian,Public,2.47,1272,3,0,Middle,1
Male,Hispanic,Private,2.34,1536,9,0,Middle,0
Female,Asian,Public,2.33,1227,9,1,High,1
Male,White,Private,2.69,1436,4,0,High,1
Male,White,Public,3.23,1052,3,0,Low,0
Male,White,Private,2.16,1552,1,1,Low,1
Female,White,Public,2.32,1197,1,0,Middle,1
Male,Asian,Private,3.95,1042,7,1,Middle,1
Male,Black,Private,3.24,1434,3,1,Middle,1
Male,White,Charter,2.28,1011,8,0,High,1
Female,White,Public,3.1,1168,5,0,Low,1
Male,Black,Private,2.48,995,4,0,Middle,1
Female,Hispanic,Charter,3.95,1230,6,0,Low,1
Male,White,Public,2.78,1071,5,1,Low,1
Male,White,Public,2.28,1361,3,0,Low,1
Female,Black,Private,3.23,1190,9,0,Middle,1
Female,White,Public,2.27,1134,8,1,Middle,0
Female,Other,Public,3.04,1318,5,0,Low,0
Female,White,Public,3.7,1205,2,1,Middle,1
Male,White,Public,2.69,1387,3,0,Middle,1
Female,Asian,Private,2.95,986,3,0,Low,1
Female,White,Charter,2.22,1232,7,0,Low,1
Male,White,Private,3.29,1197,4,1,Low,1
Male,Asian,Public,2.22,1042,7,1,Middle,1
Male,Black,Public,2.65,959,7,0,Middle,1
Non-binary,White,Private,3.68,901,5,0,Middle,1
Female,White,Public,2.3,1316,4,1,Low,0
Male,White,Charter,3.68,1052,1,1,High,1
Female,Hispanic,Private,3.26,1153,0,1,Middle,0
Female,Black,Public,2.28,1470,6,1,High,1
Female,White,Private,2.34,1267,9,1,Low,1
Female,Hispanic,Public,3.33,924,9,0,Middle,0
Female,White,Private,3.46,1032,6,0,Middle,1
Non-binary,Hispanic,Public,3.31,1142,1,0,High,0
Female,White,Private,3.43,961,2,1,Middle,0
Female,White,Public,2.72,1326,7,1,Middle,1
Male,Asian,Public,2.0,1515,3,0,Low,1
Female,Hispanic,Public,3.06,1351,4,0,High,1
Female,White,Charter,3.19,977,6,0,Low,1
Male,Hispanic,Public,3.38,1004,7,1,Low,0
Female,Asian,Public,2.46,1502,0,0,Middle,1
Male,Other,Public,2.34,1575,6,1,Middle,1
Male,Hispanic,Private,3.66,1279,2,0,Low,0
Female,Hispanic,Private,3.68,1293,4,1,Middle,1
Male,Black,Public,3.98,1014,0,0,Middle,1
Female,White,Public,2.68,1561,2,0,Middle,1
Female,Black,Public,2.12,1497,4,0,High,0
Male,Asian,Public,2.95,1439,0,0,Middle,1
Male,White,Private,2.96,947,1,0,Middle,1
Male,Black,Charter,2.07,1087,2,0,Middle,0
Female,Asian,Public,3.15,1495,7,1,Middle,1
Male,White,Public,2.52,1474,4,0,Low,1
Male,White,Public,2.24,1413,4,0,High,1
Male,White,Public,3.21,950,2,1,High,1
Female,Black,Public,2.56,1125,8,0,Low,0
Female,Asian,Public,3.12,1267,8,1,High,1
Male,White,Private,2.03,979,1,1,Middle,1
Female,White,Public,2.73,1105,7,1,Low,0
Male,White,Public,3.73,1527,0,0,High,1
Male,Asian,Private,3.3,1298,4,1,Low,1
Male,Black,Public,3.74,1426,6,1,Low,1
Female,Asian,Charter,3.48,1116,7,0,High,1
Female,Asian,Public,3.44,942,7,0,Middle,1
Female,White,Public,3.74,1355,5,0,Middle,1
Female,Hispanic,Public,2.04,1514,6,0,Middle,1
Female,Hispanic,Public,2.84,1193,3,0,Low,0
Male,Hispanic,Public,3.92,1474,9,0,Low,1
Female,White,Charter,2.35,1398,6,0,High,1
Male,White,Public,3.31,1137,6,0,Low,0
Male,Hispanic,Charter,3.58,1206,8,0,Middle,0
Male,Asian,Private,3.87,1489,1,0,Low,1
Male,White,Public,3.74,1494,7,1,High,1
Female,White,Charter,3.35,1053,8,0,High,1
Male,Asian,Public,3.42,996,2,1,Low,1
Male,Hispanic,Public,2.69,1073,7,0,Middle,0
Male,White,Charter,2.45,1551,0,0,High,0
Female,Black,Private,3.92,992,9,1,High,1
Female,Other,Public,3.95,1551,4,0,Middle,1
Male,Hispanic,Public,2.85,928,0,0,Low,1
Female,White,Public,2.82,960,0,0,Middle,1
Female,White,Public,2.9,940,5,0,High,1
Female,White,Charter,2.92,1393,4,1,High,1
Female,Asian,Private,3.68,1559,4,0,Middle,1
Male,Hispanic,Private,2.86,1569,1,1,Low,1
Female,Asian,Charter,3.76,1194,9,0,Low,0
Female,White,Public,3.39,1195,8,0,High,1
Female,White,Public,3.93,1078,4,1,Middle,1
Female,Hispanic,Public,3.35,1157,2,0,Middle,0
Female,White,Public,2.82,1348,6,0,Middle,0
Female,Hispanic,Public,3.84,1567,5,0,High,1
Female,Hispanic,Public,2.46,1206,5,0,Low,0
Male,White,Public,3.93,1019,4,1,Middle,0
Female,Other,Private,2.09,1163,3,0,High,1
Male,Hispanic,Public,3.28,1186,5,0,Middle,0
Female,White,Public,2.04,1450,6,1,Low,1
Male,White,Private,2.41,1087,7,0,Low,0
Female,Hispanic,Public,2.93,1141,1,1,Low,1
Male,White,Private,2.32,1494,3,0,High,0
Male,White,Public,3.98,1104,6,1,Low,1
Male,Black,Private,3.55,1555,2,0,High,0
Non-binary,White,Public,3.7,1178,4,1,Low,1
Female,Other,Private,3.96,1294,9,0,Low,0
Male,White,Public,3.35,1371,6,0,High,1
Male,White,Public,2.53,1276,8,0,High,1
Male,White,Private,3.51,1593,5,0,Low,1
Male,Hispanic,Private,3.17,1224,1,0,Low,0
Female,White,Public,2.53,911,8,0,Middle,1
Male,Asian,Public,2.73,1191,5,1,Low,1
Female,White,Private,3.22,956,9,0,High,1
Male,Asian,Private,2.79,1053,1,1,Middle,1
Female,White,Charter,2.47,1503,0,0,Middle,1
Male,Black,Public,2.86,1363,3,0,Low,1
Female,Hispanic,Public,2.47,1501,1,0,Low,1
Female,Black,Public,3.75,1415,6,0,Middle,0
Male,Black,Public,3.39,1555,6,0,Low,1
Male,Hispanic,Public,2.75,921,2,1,Middle,1
Male,Black,Public,3.89,1006,9,1,High,1
Female,White,Public,2.78,1225,0,0,Low,0
Male,Hispanic,Public,3.15,1325,1,0,Middle,0
Female,Asian,Public,3.02,1138,7,0,High,1
Female,Black,Public,2.24,1240,3,0,Middle,0
Female,White,Public,2.85,938,2,0,High,1
Female,Hispanic,Public,2.16,1561,9,1,Low,0
Male,Hispanic,Public,2.34,929,6,1,Middle,0
Female,White,Charter,3.58,1313,9,1,Low,1
Female,White,Public,2.61,1060,3,0,High,1
Female,White,Private,2.18,1515,1,0,Low,1
Female,White,Public,3.44,1569,2,0,Middle,1
Female,Asian,Public,3.6,1208,3,0,High,1
Female,White,Charter,3.16,1313,0,1,High,1
Female,White,Private,3.83,1033,7,1,High,1
Female,White,Public,3.7,1465,7,0,Middle,1
Female,White,Public,3.11,1234,4,0,Middle,0
Female,Other,Public,3.47,935,5,0,Middle,1
Female,White,Public,2.66,1542,3,1,Middle,1
Female,White,Public,3.27,979,2,0,Middle,1
Male,Asian,Private,3.95,1336,2,0,Middle,1
Female,Hispanic,Private,3.6,1019,3,0,Middle,0
Male,Hispanic,Private,2.75,1033,5,1,High,1
Male,White,Public,3.86,1304,1,1,Low,1
Male,White,Public,3.65,1164,5,0,Middle,1
Female,Asian,Public,2.07,1132,7,0,Middle,1
Male,Hispanic,Private,3.49,1346,8,0,Low,0
Female,White,Public,3.95,1326,3,0,Low,0
Male,White,Public,2.64,927,4,0,Low,1
Female,Asian,Public,2.55,1200,7,1,High,1
Male,Other,Private,3.28,1469,9,0,High,1
Female,Hispanic,Private,2.22,928,1,0,Low,0
Male,Hispanic,Private,3.35,1276,9,0,Middle,1
Male,Black,Charter,2.45,1212,1,0,Middle,1
Female,Other,Private,2.9,932,8,0,Middle,1
Male,Hispanic,Public,3.78,1353,5,0,Low,1
Female,White,Private,3.59,1519,9,0,High,1
Male,White,Public,2.22,1400,8,0,High,1
Female,Other,Public,3.52,1171,9,1,Low,1
Male,Asian,Private,2.82,1400,6,1,Middle,1
Male,Black,Public,3.99,1492,4,0,Low,0
Male,White,Public,2.6,981,8,0,Middle,1
Female,Black,Private,2.94,1507,8,0,High,1
Female,Hispanic,Public,2.68,1045,1,0,Middle,1
Female,White,Public,3.17,1468,7,0,Middle,1
Female,Asian,Charter,2.53,1183,7,0,High,1
Male,Black,Public,3.83,1579,1,0,Middle,1
Male,Black,Public,3.23,1035,9,1,Low,1
Female,White,Public,3.89,1552,6,0,Middle,1
Male,Hispanic,Public,3.36,1071,0,1,High,0
Female,White,Public,2.37,1458,4,0,Low,1
Female,Black,Private,2.03,909,4,1,Low,0
Male,White,Public,2.82,1196,9,0,High,1
Male,Asian,Private,3.99,1229,4,0,Low,1
Male,Asian,Public,3.75,1332,1,1,Middle,1
Female,White,Public,3.69,1347,2,0,Middle,1
Male,White,Private,3.14,914,5,0,High,1
Male,Hispanic,Public,2.19,1115,0,0,High,1
Male,Black,Private,2.03,1152,5,0,High,1
Male,Asian,Charter,3.68,1229,5,1,Low,1
Female,White,Public,2.35,1463,6,0,Middle,1
Female,Asian,Private,2.15,1329,8,1,Middle,0
Female,White,Public,3.42,958,8,0,High,1
Female,Hispanic,Public,2.0,1075,3,0,Low,1
Female,Hispanic,Private,3.48,1273,1,0,Low,0
Female,Black,Public,2.38,1194,4,0,Low,0
Female,Asian,Public,2.64,1537,0,0,Middle,1
Male,Asian,Public,2.34,1453,4,1,Middle,0
Male,Asian,Public,3.55,1206,9,0,Middle,1
Male,Black,Private,2.97,1247,2,1,Low,0
Female,Black,Public,2.33,1260,6,1,High,0
Male,White,Public,2.08,965,6,0,Middle,1
Female,White,Private,3.97,1469,2,1,Middle,1
Female,Black,Public,3.43,1538,4,1,Middle,1
Male,White,Public,3.36,1415,8,0,High,1
Female,White,Public,3.01,1134,3,0,Low,1
Male,White,Public,2.87,1332,1,0,High,1
Female,White,Public,3.59,1286,2,1,Low,1
Female,Black,Charter,3.65,931,0,0,High,1
Male,Hispanic,Public,2.12,1586,4,0,Middle,1
Male,Hispanic,Private,3.72,1473,8,0,Middle,0
Male,Black,Private,3.52,1125,1,0,Low,1
Female,Black,Public,2.97,1043,2,0,High,1
Male,Black,Public,2.95,1351,2,0,Low,0
Female,White,Charter,3.67,917,6,0,Middle,1
Female,Hispanic,Private,3.59,1289,9,0,High,0
Male,Hispanic,Private,2.28,1261,6,0,Low,1
Female,White,Public,3.1,1220,0,0,High,1
Male,Hispanic,Private,3.94,1491,2,1,Middle,1
Non-binary,Asian,Public,3.47,1192,0,0,Middle,1
Male,Black,Private,3.95,972,8,0,High,0
Female,White,Private,3.55,999,6,0,Middle,1
Non-binary,White,Public,3.05,1381,4,1,Middle,1
Female,White,Public,3.21,1155,6,0,Middle,1
Female,White,Public,3.42,1214,2,0,Middle,0
Male,White,Public,3.46,1061,2,1,Low,1
Female,Black,Public,3.5,1192,0,0,Low,0
Male,White,Private,3.86,1061,4,0,Low,0
Male,Hispanic,Public,2.62,1540,6,0,Low,0
Female,White,Public,3.66,1208,2,0,Middle,1
Female,White,Public,3.14,1473,4,0,Low,1
Male,White,Charter,3.77,1042,9,0,Middle,0
Female,Black,Public,3.26,1122,0,1,Middle,1
Male,White,Public,3.87,1206,6,0,High,1
Male,White,Public,2.85,913,7,0,Middle,1
Female,White,Private,2.2,1509,7,0,High,1
Male,White,Private,3.29,1470,0,0,Middle,1
Female,Hispanic,Public,3.55,1079,3,0,Low,0
Female,Hispanic,Charter,3.38,1412,8,1,Low,0
Female,Hispanic,Public,3.45,1126,1,1,Middle,1
Non-binary,Asian,Private,2.06,1358,0,0,Low,1
Male,Asian,Public,3.93,1044,5,0,Middle,1
Female,White,Public,2.53,1544,0,0,Middle,1
Male,Black,Public,2.83,1556,5,1,Middle,1
Female,White,Private,2.84,1382,0,1,Low,1
Male,White,Public,3.81,1458,5,1,Middle,0
Male,Hispanic,Public,3.49,1332,8,0,Low,1
Female,Black,Public,3.24,1141,4,1,Middle,0
Male,White,Private,2.24,1515,3,0,Middle,1
Female,Hispanic,Public,2.65,1176,7,0,Middle,0
Male,Hispanic,Charter,2.98,1568,3,0,High,1
Female,White,Public,2.23,1087,3,1,Middle,1
Female,Black,Public,3.14,1585,8,1,Low,1
Male,Asian,Public,2.43,999,0,1,High,1
Male,White,Private,3.65,1421,2,1,Middle,1
Male,White,Charter,3.66,983,3,0,Middle,1
Female,Hispanic,Public,3.2,952,7,1,Middle,1
Female,White,Charter,2.72,1026,0,0,Low,0
Female,Other,Private,2.09,1546,2,0,Middle,0
Female,Black,Private,3.26,1185,1,0,Low,0
Male,Black,Public,3.57,954,5,1,High,1
Non-binary,White,Charter,3.58,1476,8,1,Middle,1
Female,White,Private,2.97,920,9,0,Low,1
Male,Hispanic,Private,2.28,1199,8,0,Middle,0
Female,Black,Public,2.13,1258,9,0,High,1
Female,White,Public,2.11,1042,4,0,High,1
Male,Asian,Private,2.5,1509,2,0,Middle,1
Male,Hispanic,Public,2.28,901,7,0,Low,1
Male,White,Public,2.34,1256,8,0,Middle,1
Female,Asian,Public,3.4,1542,8,0,High,1
Male,Hispanic,Public,2.36,1587,0,0,Middle,1
Male,Asian,Public,3.38,1351,9,0,Middle,1
Female,White,Private,2.7,946,4,0,Middle,1
Male,White,Public,3.55,1326,9,1,High,1
Female,Black,Private,2.32,1438,8,0,Middle,0
Non-binary,White,Public,2.05,1447,2,1,Low,1
Female,Asian,Private,2.18,1591,6,0,Low,0
Non-binary,White,Private,3.93,1387,8,0,Low,1
Female,White,Public,3.08,1462,1,1,High,1
Male,Black,Charter,3.21,1241,1,0,High,1
Female,White,Private,3.93,1571,4,0,High,1
Male,White,Public,3.55,1428,7,1,Middle,0
Female,White,Public,2.23,1178,9,0,Middle,1
Female,White,Public,2.84,1071,4,0,Low,1
Female,White,Private,3.64,1201,7,0,Middle,0
Male,Asian,Public,3.33,1295,3,0,High,1
Female,Hispanic,Public,2.43,1465,8,0,Low,1
Female,Black,Public,3.61,1424,3,0,Low,1
Male,White,Public,3.12,1226,4,0,Low,1
Female,Black,Public,3.58,1349,6,1,Low,0
Female,Asian,Public,3.25,961,8,1,High,1
Female,Hispanic,Public,2.93,1100,4,0,Middle,0
Male,White,Public,3.46,1563,6,0,Middle,1
Male,Asian,Private,3.73,969,3,1,High,0
Female,Hispanic,Public,2.93,1396,1,0,High,0
Female,White,Public,2.06,1107,1,0,High,1
Female,Black,Public,3.19,1364,4,0,Middle,0
Male,Hispanic,Public,2.18,1377,1,1,Low,1
Male,White,Charter,2.65,1355,1,0,Low,1
Female,White,Public,3.1,1030,1,1,Middle,1
Female,Hispanic,Public,2.69,1372,3,1,Low,1
Female,Asian,Public,2.56,1568,7,0,High,1
Male,Other,Charter,2.04,1176,6,1,Middle,1
Male,White,Public,2.54,953,4,0,High,1
Female,Hispanic,Public,2.77,1289,6,0,Middle,0
Male,Asian,Charter,2.58,1114,5,0,High,1
Male,Hispanic,Private,3.26,910,7,1,High,0
Female,Hispanic,Private,3.33,1353,7,1,Low,1
Female,White,Charter,3.56,1310,6,0,Middle,1
Female,Asian,Public,2.37,1483,4,0,Low,1
Male,Black,Public,3.24,1008,5,0,High,1
Female,White,Public,2.86,926,9,0,High,1
Male,Asian,Private,2.65,1315,7,1,Low,1
Female,Other,Public,2.97,1248,6,1,High,0
Male,Black,Public,2.96,1188,4,1,Low,0
Female,Hispanic,Public,3.28,1416,9,1,Middle,1
Female,Black,Private,3.12,1385,7,0,Middle,0
Male,White,Public,3.26,1164,3,0,High,0
Non-binary,White,Private,3.96,1552,5,0,High,1
Male,Other,Charter,3.62,1124,3,0,Middle,0
Male,White,Public,2.58,1249,4,1,Middle,0
Male,Black,Public,3.07,988,9,0,Low,0
Female,White,Private,2.46,1545,2,1,Middle,1
Male,White,Public,3.04,1002,1,1,Low,1
Female,White,Public,3.42,1229,0,1,Middle,1
Male,Asian,Private,2.13,1024,2,0,Middle,0
Female,White,Private,2.27,1203,0,0,High,1
Female,Black,Public,2.01,982,5,0,Low,0
Male,Black,Public,2.76,1166,1,1,Middle,1
Male,Black,Public,3.53,1300,2,1,Low,1
Male,Asian,Public,2.9,1285,7,0,Middle,0
Female,Asian,Public,3.14,1260,4,0,Middle,0
Female,White,Public,3.18,956,1,1,Middle,1
Male,Asian,Public,2.18,1276,1,0,Middle,0
Female,Black,Public,2.35,1086,2,1,Middle,0
Male,Asian,Private,3.83,1378,2,0,Middle,0
Male,Asian,Public,2.92,1585,7,1,Low,1
Female,White,Public,2.84,1236,4,0,Middle,0
Female,Hispanic,Private,3.5,1546,7,0,Middle,0
Male,Asian,Public,2.09,993,3,0,Low,0
Male,White,Charter,3.68,1386,8,1,Low,1
Female,White,Private,3.34,1297,2,0,Low,1
Female,White,Public,2.29,1420,1,1,Low,0
Male,White,Public,2.13,1420,5,0,Low,1
Female,Asian,Public,2.01,1012,3,1,Low,0
Male,White,Public,2.59,1021,1,0,Low,0
Male,Asian,Public,2.65,1285,5,0,High,1
Male,Black,Public,2.35,1519,3,0,Middle,1
Female,Black,Private,2.57,1241,9,0,Middle,1
Male,Asian,Private,3.12,1362,3,0,Low,1
Male,White,Private,2.23,1281,9,0,High,1
Male,White,Public,2.4,1529,3,1,Middle,1
Male,White,Public,3.12,1055,3,0,Middle,1
Male,White,Private,3.41,1027,7,0,Middle,1
Male,Hispanic,Private,3.86,942,0,0,Middle,0
Female,White,Public,3.02,1474,8,0,High,1
Male,Asian,Public,2.23,1280,2,0,Low,1
Female,Asian,Public,3.18,1556,4,1,Middle,1
Male,White,Public,3.99,1174,4,0,Low,1
Male,White,Public,3.77,1288,3,1,High,1
Male,Black,Public,3.56,922,3,0,Low,1
Female,Asian,Public,3.47,1283,6,0,Middle,1
Male,Hispanic,Public,3.51,1028,3,1,Low,1
Female,White,Public,2.18,1310,9,0,Middle,0
Female,White,Private,3.04,1180,2,0,Low,1
Non-binary,White,Public,3.38,1081,8,0,High,0
Female,White,Public,2.15,1127,3,1,Low,0
Female,Black,Charter,3.83,980,3,0,Middle,0
Male,Asian,Private,2.26,1487,9,1,Middle,1
Male,White,Public,2.18,1180,7,0,High,1
Male,White,Private,2.25,1530,6,0,High,1
Female,Asian,Public,2.85,1533,3,0,High,1
Female,Asian,Charter,3.09,1073,7,0,Low,1
Male,Black,Public,2.19,1258,9,0,Low,1
Female,Hispanic,Private,3.57,1470,1,1,Middle,1
Male,White,Private,2.4,1274,8,1,Middle,1
Male,Asian,Private,3.12,954,1,0,Middle,0
Female,Asian,Private,2.98,1563,9,1,Middle,1
Female,Asian,Public,3.81,1230,2,1,Low,1
Female,White,Private,3.79,1563,5,0,Low,1
Non-binary,Black,Private,2.48,1286,6,0,Middle,0
Non-binary,White,Public,3.08,1579,8,0,High,1
Female,Hispanic,Private,3.97,1047,7,0,High,1
Male,White,Charter,2.66,1242,5,1,Low,1
Male,Hispanic,Public,2.15,1096,7,0,High,1
Female,White,Public,3.44,1023,4,0,Middle,1
Female,Hispanic,Public,3.01,1232,9,1,Middle,1
Male,Hispanic,Public,3.88,1383,9,0,Low,1
Male,White,Private,3.15,1353,8,0,Middle,0
Male,Hispanic,Public,3.02,1248,3,0,Middle,1
Male,White,Public,3.83,1352,0,0,High,1
Male,White,Private,2.76,978,7,1,Middle,0
Female,Black,Public,3.19,907,4,0,High,1
Male,Black,Public,3.69,1272,8,1,Middle,1
Female,White,Public,3.2,1466,2,1,Low,0
Female,White,Private,2.6,1448,8,0,Middle,1
Female,White,Public,3.12,1356,7,0,Middle,0
Male,Asian,Private,2.86,1169,5,0,Middle,1
Male,White,Private,3.97,1331,9,0,Middle,0
Male,White,Public,2.1,1500,9,1,High,1
Female,Hispanic,Private,3.54,1125,7,0,Middle,0
Male,Hispanic,Public,2.05,1222,7,0,Low,0
Female,White,Public,3.21,1571,6,1,Middle,1
Female,White,Public,2.86,1319,6,0,High,1
Male,White,Public,3.82,1234,2,0,Middle,1
Male,Hispanic,Public,3.08,1021,6,0,Middle,1
Female,White,Public,3.65,1375,2,0,Middle,1
Female,White,Public,3.34,1136,8,0,Low,1
Female,White,Private,2.89,1543,4,0,Middle,0
Male,Black,Public,2.68,1281,7,1,Middle,0
Female,White,Public,2.23,1303,2,0,Low,1
Male,Hispanic,Public,2.03,1288,2,0,Middle,0
Male,Black,Private,2.0,1346,2,0,Low,1
Male,Hispanic,Public,2.45,1593,7,0,Middle,1
Female,Hispanic,Private,3.12,1092,8,1,Low,1
Female,Black,Public,3.95,1360,6,0,High,0
Female,White,Public,3.41,1009,0,0,Middle,1
Male,Asian,Public,2.14,1113,5,0,Middle,1
Female,Asian,Private,3.29,1552,2,0,Middle,1
Male,Black,Public,2.97,1362,0,0,Low,0
Male,White,Public,3.27,1484,9,0,Low,1
Non-binary,Hispanic,Charter,3.25,1414,1,1,High,0
Male,White,Public,2.29,901,2,0,Middle,1
Female,White,Private,3.84,1295,6,0,Middle,1
Male,Asian,Public,3.11,1243,5,1,Low,1
Male,Hispanic,Private,3.4,1109,1,0,Low,1
Male,Asian,Public,2.77,957,4,0,High,1
Female,Hispanic,Public,2.24,1383,0,0,Low,0
Male,White,Public,3.38,1012,2,0,Low,1
Male,Black,Public,3.88,1384,0,0,Low,0
Female,White,Private,3.16,970,2,0,Middle,0
Female,Hispanic,Private,2.4,1382,1,0,High,0
Male,Black,Public,3.25,1513,3,0,Low,0
Male,Hispanic,Private,2.86,944,4,0,Middle,1
Male,White,Private,2.8,1555,2,1,Middle,0
Female,Hispanic,Public,3.83,1534,9,0,High,1
Male,Hispanic,Public,3.47,1441,4,0,Middle,1
Female,Hispanic,Private,3.02,1103,6,0,High,0
Female,White,Charter,2.84,1375,9,1,Middle,1
Male,Black,Private,2.49,1139,8,1,Middle,1
Female,Asian,Private,2.69,1471,7,1,Middle,1
Female,White,Charter,3.08,1342,5,1,High,1
Female,Other,Public,2.1,1146,8,1,Middle,1
Female,White,Charter,2.72,1353,7,1,Middle,1
Male,Asian,Public,2.99,1053,3,1,Middle,1
Female,Asian,Private,3.22,1491,1,0,Middle,1
Female,Hispanic,Charter,3.49,1449,8,1,Middle,0
Female,White,Public,2.03,1548,5,0,High,1
Female,White,Private,2.59,1365,9,0,Middle,0
Female,White,Charter,2.52,1124,7,0,Low,1
Male,Asian,Public,3.04,1141,7,1,Middle,1
Male,White,Public,2.93,1457,3,0,Low,0
Female,Black,Private,2.16,1583,9,0,Low,0
Female,Hispanic,Public,3.52,1453,4,0,High,0
Female,Black,Public,3.37,1356,0,1,Low,1
Male,Asian,Public,3.64,1391,8,0,Middle,1
Male,Black,Public,2.22,1352,6,1,High,1
Female,Black,Private,3.01,1434,0,1,Low,0
Male,Hispanic,Public,3.21,1398,9,1,Low,1
Female,Asian,Public,2.1,1092,9,0,High,1
Male,White,Public,3.92,1053,2,1,Low,1
Non-binary,White,Private,3.59,1365,8,0,High,1
Female,Other,Public,2.49,1466,0,0,Low,1
Male,White,Public,3.26,914,5,0,High,0
Female,White,Public,2.29,1349,4,0,Low,0
Female,Black,Public,3.75,1592,3,0,High,0
Female,Asian,Public,2.2,978,0,0,High,1
Female,White,Private,3.81,910,6,0,Middle,0
Non-binary,White,Public,3.66,1469,0,1,High,1
Male,Hispanic,Private,2.96,1138,0,0,Low,0
Female,Black,Private,3.31,1096,1,0,Low,0
Male,White,Public,2.49,1060,8,0,Middle,1
Male,Other,Public,2.77,1398,0,0,Middle,1
Male,Black,Public,2.43,1071,7,0,High,0
Male,Hispanic,Public,3.06,1034,0,0,Middle,1
Male,White,Private,2.64,1125,0,0,Middle,1
Male,Asian,Public,2.7,1168,8,0,Middle,1
Non-binary,White,Private,2.89,931,7,0,High,1
Male,Hispanic,Public,3.75,1194,0,0,High,1
Male,White,Private,3.1,1489,6,0,High,0
Female,Black,Public,3.61,1218,7,1,Low,0
Female,Black,Private,3.7,1431,1,1,Low,1
Male,White,Public,2.49,1427,3,0,High,1
Female,White,Public,3.56,1057,1,0,High,1
Male,White,Public,3.3,1004,5,1,Low,1
Male,Asian,Private,3.01,1256,4,1,High,1
Male,Hispanic,Public,2.18,1485,4,0,High,1
Male,White,Public,3.14,1483,7,0,Low,0
Female,Black,Private,2.31,1233,0,0,High,0
Female,White,Public,3.63,1261,9,1,High,1
Female,White,Public,3.87,948,1,0,Low,0
Female,Black,Public,2.96,1512,0,0,Middle,1
Male,White,Public,2.88,1275,3,1,High,1
Male,White,Private,2.98,1389,1,1,Middle,1
Male,Asian,Private,2.13,1032,9,0,High,0
Female,White,Public,2.47,1198,6,0,Low,1
Female,Black,Private,3.88,1458,4,1,Middle,1
Male,Hispanic,Public,2.69,1598,4,0,Low,1
Non-binary,Black,Public,3.18,1096,0,1,Low,0
Male,Hispanic,Public,3.3,918,1,0,Middle,1
Female,White,Charter,3.75,1272,4,1,High,0
Female,White,Public,2.48,1053,6,0,Middle,1
Male,Hispanic,Public,3.78,1093,0,0,High,1
Male,White,Public,2.78,1297,6,0,Middle,1
Male,Black,Public,3.84,1335,1,1,Low,1
Male,Black,Public,2.82,1503,1,0,High,1
Female,Hispanic,Private,2.21,1287,8,0,Low,0
Female,White,Public,2.1,1542,7,0,High,1
Female,Other,Private,3.93,1234,9,1,Low,1
Female,Other,Public,2.24,1305,3,0,High,1
Male,White,Private,3.08,1267,4,0,Middle,1
Female,White,Private,3.05,1389,8,0,Middle,1
Male,White,Public,2.8,1461,3,0,Middle,1
Female,White,Public,2.84,1347,9,0,Low,1
Male,Black,Private,2.95,1408,7,0,Middle,0
Male,Black,Charter,2.2,1595,4,1,Low,0
Male,White,Public,3.58,1427,0,1,High,1
Male,Hispanic,Public,2.75,999,6,0,High,1
Male,Asian,Charter,2.49,1396,9,0,High,0
Male,Hispanic,Private,2.64,1392,2,1,Middle,1
Male,White,Private,3.22,1338,6,0,Low,0
Male,White,Public,3.55,1177,7,1,Low,1
Male,Hispanic,Public,2.31,1277,3,0,Middle,0
Female,Hispanic,Public,3.19,1187,5,0,Middle,0
Female,Hispanic,Public,2.84,1327,9,0,High,1
Non-binary,White,Private,3.72,1492,6,0,Middle,1
Male,Black,Public,3.9,1228,7,1,High,0
Female,White,Public,3.36,1591,2,1,Middle,1
Male,Hispanic,Private,3.18,932,6,1,Middle,1
Male,Hispanic,Private,3.56,1019,4,1,Low,1
Female,Other,Private,2.99,996,6,0,Middle,1
Male,Asian,Public,2.11,1285,5,0,Middle,0
Male,Black,Public,3.4,913,4,1,Middle,1
Male,Other,Public,3.16,1512,2,0,Middle,0
Female,White,Public,2.3,1216,9,1,Low,1
Male,White,Public,2.43,1220,1,1,Middle,1
Male,White,Public,2.46,985,2,0,Low,1
Non-binary,White,Public,3.46,1441,1,0,Middle,1
Male,Hispanic,Public,3.04,1182,2,1,Middle,1
Male,White,Public,2.1,963,1,0,Middle,1
Female,Hispanic,Public,3.68,979,0,0,Middle,0
Male,Hispanic,Public,3.29,1293,8,0,Middle,1
Male,Hispanic,Public,3.47,1566,9,1,Middle,1
Non-binary,White,Public,3.87,1576,4,1,Middle,1
Male,Black,Private,2.52,1249,8,0,Middle,0
Female,Hispanic,Public,3.18,1110,7,1,High,1
Male,White,Private,3.52,1302,6,0,Middle,1
Male,Asian,Public,3.03,1270,5,1,Middle,1
Male,Hispanic,Public,2.97,998,3,0,High,1
Female,White,Private,3.86,1166,9,0,Low,1
Female,White,Public,2.49,951,9,1,Middle,1
Male,White,Public,3.31,1537,6,0,Middle,1
Female,Asian,Public,3.94,1021,6,0,High,1
Female,White,Public,2.44,931,0,0,Middle,1
Female,Black,Public,2.92,1235,8,0,Middle,1
Male,White,Public,3.95,1367,3,0,Low,1
Male,Black,Public,2.07,1191,6,1,High,0
Female,White,Public,3.26,1330,8,0,Middle,1
Female,Black,Public,2.81,1499,1,0,Low,1
Male,White,Public,3.54,1070,7,1,Middle,1
Female,Black,Public,2.65,1267,3,0,Low,0
Male,White,Private,2.75,1207,3,1,Low,0
Male,Asian,Private,3.03,967,2,0,Middle,1
Male,Hispanic,Public,2.69,1032,9,0,Middle,1
Female,Asian,Charter,2.52,982,3,0,High,1
Female,White,Public,2.71,1075,8,1,Middle,1
Male,White,Public,3.82,1011,0,1,High,1
Female,Black,Public,2.69,1254,8,0,High,0
Female,Asian,Public,3.8,1090,9,0,Middle,1
Female,White,Public,2.41,1470,8,1,High,1
Male,White,Public,3.34,1161,0,1,High,1
Non-binary,Hispanic,Private,3.49,1515,8,1,High,1
Female,Black,Private,2.22,1238,5,0,Low,0
Male,Black,Public,3.09,1587,7,0,High,1
Female,Black,Public,2.03,1319,7,0,Low,1
Female,White,Public,3.86,947,7,0,Middle,1
Male,Hispanic,Private,3.05,1019,7,0,Middle,0
Non-binary,Asian,Public,2.07,1283,0,0,High,1
Male,Asian,Charter,3.37,1228,0,0,Middle,1
Male,White,Public,3.77,1443,6,0,Middle,1
Female,Black,Public,3.48,984,8,0,Middle,1
Female,White,Public,2.27,916,9,1,Low,1
Male,Asian,Public,3.08,1435,7,0,Middle,1
Male,White,Public,3.47,1283,4,0,Middle,1
Male,Asian,Public,3.6,1523,7,0,Middle,0
Male,White,Public,2.03,981,8,0,Low,1
Male,White,Charter,2.57,1417,6,0,Low,0
Male,Asian,Charter,3.77,1005,9,0,Low,1
Female,Asian,Public,2.52,1559,2,0,High,1
Male,Hispanic,Private,2.95,1046,8,0,Middle,1
Male,White,Public,3.39,907,4,0,Middle,1
Male,White,Public,3.97,1173,7,1,Middle,1
Non-binary,Hispanic,Public,2.85,1584,0,0,Middle,1
Male,Hispanic,Public,3.01,1410,0,0,Low,1
Male,Asian,Private,3.12,937,2,0,Low,0
Male,White,Public,2.47,1413,1,1,Middle,0
Female,White,Private,2.74,1123,4,0,Middle,1
Male,Hispanic,Private,2.87,1470,8,0,High,0
Female,White,Public,2.04,1486,8,0,Low,1
Female,Black,Public,2.02,1032,7,1,High,1
Male,Black,Public,2.45,1261,4,1,Low,1
Female,Hispanic,Public,3.02,1120,2,1,Middle,1
Male,White,Public,3.91,1559,5,0,Low,1
Male,Asian,Public,3.95,981,7,1,High,1
Male,White,Private,3.29,1295,5,1,Middle,1
Female,White,Private,3.65,1084,6,0,Middle,1
Male,White,Public,3.8,1479,6,0,Middle,1
Female,Other,Public,3.68,1148,6,0,Middle,0
Female,Black,Public,3.09,1498,8,1,Low,0
Female,Black,Private,3.41,1182,8,0,Low,0
Male,Asian,Public,2.01,1527,0,0,High,1
Female,Hispanic,Private,3.3,1336,2,0,Low,1
Male,White,Charter,2.85,1581,4,0,Middle,1
Female,White,Public,3.29,1151,3,0,Low,1
Male,Other,Charter,3.39,1271,0,1,Low,1
Male,Black,Public,2.2,1200,0,0,High,1
Female,Black,Public,3.75,1233,3,0,High,0
Female,Asian,Public,2.35,1223,4,0,Middle,1
Male,White,Public,2.02,935,3,1,Middle,1
Female,Hispanic,Public,2.86,1358,1,1,Middle,0
Female,Hispanic,Private,2.18,1129,4,0,Middle,0
Female,Hispanic,Public,3.91,1544,9,0,High,1
Non-binary,Hispanic,Public,2.57,1182,2,0,High,0
Female,White,Charter,2.45,1064,6,0,High,1
Female,Asian,Private,2.52,1438,3,0,Middle,0
Male,Asian,Public,2.57,1506,1,0,High,1
Male,White,Public,2.13,1231,7,0,Low,1
Male,Black,Private,3.08,1074,9,1,Low,0
Female,White,Public,2.04,975,1,0,Middle,1
Female,Hispanic,Public,3.49,1339,6,0,Low,0
Female,Hispanic,Private,3.54,1027,7,0,Middle,1
Male,Hispanic,Public,2.8,1411,9,0,Middle,1
Male,Hispanic,Charter,3.94,1297,2,0,Middle,1
Male,White,Private,3.56,1177,5,1,Low,1
Female,White,Charter,2.25,1594,3,1,High,1
Non-binary,White,Charter,3.96,1230,1,0,Low,0
Male,Black,Public,3.69,1259,7,0,High,1
Female,White,Private,3.41,1463,1,0,Low,1
Female,White,Public,3.31,1339,8,1,Middle,1
Male,White,Public,3.21,1001,8,0,High,0
Female,White,Public,3.98,1276,7,0,High,1
Female,White,Public,2.96,1155,9,0,High,1
Female,Other,Public,2.33,1488,2,0,High,0
Female,Hispanic,Private,2.59,1303,7,0,Middle,0
Male,White,Public,2.75,901,4,1,Middle,1
Female,Black,Public,2.63,1569,9,0,Middle,1
Male,Hispanic,Private,2.06,1027,4,0,High,1
Male,Other,Public,2.15,1031,1,0,High,1
Female,White,Private,2.01,1354,2,1,High,1
Male,White,Charter,3.36,1243,7,1,Middle,0
Female,Black,Private,3.33,1251,0,0,Middle,1
Female,Asian,Public,2.14,1302,3,0,High,0
Female,White,Private,2.63,941,5,0,Low,0
Female,White,Private,2.57,1254,8,1,Low,0
Male,White,Private,2.91,1581,7,1,High,1
Male,White,Private,2.72,1158,9,0,Middle,1
Male,White,Private,3.64,1109,4,0,Middle,1
Female,Asian,Public,3.77,936,6,0,High,1
Female,Asian,Private,2.41,921,7,1,High,1
Male,White,Public,2.24,1060,8,1,Low,1
Female,Asian,Private,3.68,1258,2,0,Low,1
Male,White,Public,3.0,1253,7,1,High,1
Female,Black,Public,2.65,1332,2,0,High,1
Male,Asian,Public,2.1,1337,0,0,Low,0
Male,White,Public,3.21,1446,3,1,High,1
Male,White,Public,2.42,1184,6,0,Middle,1
Male,White,Public,2.08,1205,8,1,Middle,1
Non-binary,Black,Public,2.89,913,9,1,High,1
Male,Asian,Private,3.19,947,6,0,Middle,1
Male,Hispanic,Public,2.34,1199,9,0,Low,0
Non-binary,White,Private,3.3,1141,4,1,Low,1
Female,Black,Private,2.38,1483,0,0,Middle,1
Male,Asian,Public,2.04,1311,0,1,High,0
Female,Black,Public,2.3,1403,8,0,Low,0
Male,White,Private,3.17,997,3,1,Middle,1
Female,Asian,Private,3.27,1025,2,1,Middle,1
Male,Asian,Public,3.73,1059,4,1,Low,1
Non-binary,White,Charter,2.12,1164,6,1,Middle,0
Male,White,Public,3.91,1146,6,0,Low,1
Female,Black,Public,3.04,1084,4,0,Low,1
Female,Other,Private,2.49,1366,7,1,High,1
Female,Asian,Charter,2.73,1201,4,0,Middle,1
Male,Asian,Public,2.11,1469,9,1,Middle,1
Female,White,Public,2.22,1595,3,0,High,1
Male,Asian,Charter,3.76,1530,5,0,Middle,1
Male,Black,Public,2.21,1344,2,1,Middle,0
Female,Asian,Charter,2.11,1555,3,1,High,1
Male,Hispanic,Private,3.2,1138,7,0,Middle,1
Male,Asian,Public,2.77,1457,9,0,Middle,1
Male,White,Public,2.81,1128,9,0,Middle,1
Male,Hispanic,Public,2.24,1226,2,0,High,1
Male,White,Public,2.09,1190,9,0,Low,1
Non-binary,White,Public,3.73,965,2,0,Low,1
Female,Black,Private,2.78,1212,5,1,Low,0
Non-binary,Black,Public,2.22,1189,7,1,Middle,0
Female,Black,Private,2.4,1126,9,0,High,0
Male,White,Charter,2.21,1423,1,0,High,1
Male,White,Public,2.96,1074,0,0,Low,0
Male,White,Public,3.61,1120,9,0,High,1
Female,White,Public,2.79,964,0,0,High,1
Female,Black,Public,3.24,1540,6,0,Middle,0
Male,White,Private,3.35,1169,1,0,Middle,0
Non-binary,Other,Private,3.42,1081,8,0,High,0
Female,White,Private,3.21,1239,9,0,High,0
Female,White,Public,3.11,1205,3,0,High,1
Male,Black,Private,2.96,1511,6,1,Low,0
Male,Asian,Public,2.95,1015,4,1,Middle,1
Female,White,Public,2.67,1575,4,0,High,0
Female,Asian,Public,3.01,910,6,0,Low,1
Female,Black,Public,2.96,1066,8,0,Low,1
Female,Hispanic,Charter,2.64,909,3,0,High,0
Male,Asian,Charter,2.6,1462,8,1,Middle,1
Male,White,Charter,2.89,1227,8,0,Middle,1
Female,Black,Public,3.61,946,7,0,Middle,1
Female,Asian,Private,2.5,1424,0,0,Low,1
Male,Asian,Private,3.69,1277,9,0,High,1
Female,Black,Private,3.45,1298,8,1,High,1
Female,Asian,Public,2.52,1336,2,1,Low,0
Female,Hispanic,Private,2.03,1020,7,1,Low,1
Male,Black,Public,2.15,946,4,1,Middle,0
Male,White,Private,3.77,1534,5,0,Middle,0
Non-binary,Black,Private,3.61,1425,2,0,Low,1
Female,White,Private,2.76,1388,6,1,High,1
Female,White,Private,2.12,1404,1,1,High,1
Male,Asian,Public,3.62,978,2,0,High,0
Male,Asian,Charter,2.51,1266,1,0,High,0
Male,White,Public,3.91,1214,8,0,Middle,1
Male,White,Public,3.05,1009,2,1,Middle,1
Female,Hispanic,Public,3.43,1475,7,0,High,0
Male,Asian,Private,2.92,1455,5,1,Middle,1
Male,White,Private,2.06,1308,0,0,Middle,1
Male,Black,Charter,2.13,990,5,1,High,0
Female,Asian,Public,3.95,1138,7,0,Low,0
Female,Hispanic,Public,2.82,1199,9,0,High,1
Male,Black,Public,2.37,1216,2,0,Low,1
Male,Hispanic,Private,3.44,1142,6,0,Middle,0
Female,Hispanic,Public,3.76,978,5,0,Low,1
Female,Asian,Private,2.53,1374,0,0,High,0
Male,Asian,Charter,3.14,1229,1,1,High,0
Male,White,Public,2.49,1409,4,1,Middle,1
Female,White,Private,3.65,1065,6,0,High,1
Female,White,Public,2.17,967,3,0,Middle,1
Female,White,Public,2.75,1136,5,0,Low,1
Female,White,Public,2.76,1569,1,0,Low,1
Male,Asian,Private,3.27,1127,4,1,Middle,1
Male,Hispanic,Public,2.36,1370,9,0,Middle,1
Male,White,Public,2.95,961,2,0,High,1
Male,Asian,Charter,3.1,1034,0,0,Low,1
Female,Asian,Public,3.78,1059,5,0,Low,1
Female,Asian,Private,3.05,1518,8,0,Low,1
Female,Asian,Private,2.26,1000,9,0,Low,0
Female,White,Public,2.2,1124,7,0,Low,1
Female,Black,Public,3.85,1181,3,0,Low,0
Male,White,Public,3.96,1454,7,1,Middle,1
Female,Hispanic,Charter,2.33,1264,4,0,High,1
Female,White,Public,3.5,1217,2,1,Low,1
Male,Asian,Private,2.5,1314,3,0,High,1
Female,Asian,Private,3.67,1377,6,0,Middle,0
Male,Black,Public,2.19,922,4,0,Middle,0
Female,Hispanic,Private,2.87,1475,3,0,High,1
Male,Asian,Public,3.19,1082,2,0,Middle,1
Female,White,Public,3.71,1555,2,0,High,1
Male,Black,Public,3.71,1531,9,0,Low,0
Male,White,Charter,2.37,1450,5,0,Middle,1
Male,Other,Charter,3.93,1199,7,0,Low,0
Male,Asian,Public,3.28,1196,3,0,Middle,1
Male,Black,Private,3.32,1168,0,0,Middle,0
Female,Black,Private,3.78,1487,3,1,High,0
Female,White,Public,2.64,1179,4,1,Middle,0
Male,White,Private,2.83,947,7,1,Middle,1
Male,White,Public,3.97,1104,6,0,High,1
Female,White,Public,2.03,1510,1,0,Middle,1
Non-binary,White,Private,3.73,1321,8,1,Middle,0
Male,White,Public,3.69,1570,2,0,High,1
Male,Hispanic,Public,2.52,1219,8,1,High,0
Male,Black,Public,3.64,1574,0,0,High,1
Female,Asian,Public,2.66,1043,8,0,Middle,1
Male,Hispanic,Private,3.26,1579,6,1,Middle,1
Male,Hispanic,Private,2.89,989,1,0,Low,0
Female,Asian,Public,2.2,1449,9,0,High,1
Male,Asian,Public,3.79,1064,6,1,High,1
Female,White,Private,3.09,1511,0,0,Low,1
Female,Black,Charter,2.96,1158,2,0,Low,1
Female,White,Public,3.76,1515,6,1,Low,1
Male,Black,Private,2.66,1586,2,0,Middle,1
Male,Asian,Public,3.14,1517,1,0,Low,1
Female,White,Private,3.76,1010,4,0,Middle,1
Male,White,Public,2.69,1438,2,0,Middle,1
Female,White,Private,3.59,1449,8,0,High,0
Female,Asian,Public,3.03,1583,6,0,Middle,0
Female,White,Public,2.32,907,0,0,Middle,1
Male,White,Public,2.08,922,0,0,Middle,1
Female,White,Private,3.45,1545,5,0,Low,1
Male,White,Public,2.52,1308,3,0,Middle,1
Male,White,Public,3.63,1470,0,0,High,0
Female,Asian,Private,2.38,1340,8,0,High,0
Female,White,Private,3.14,957,1,0,Low,1
Male,Asian,Private,2.19,1234,0,0,High,1
Female,Other,Charter,3.47,1586,2,0,Low,0
Male,Black,Public,3.53,995,9,0,High,1
Female,White,Private,3.83,1323,0,0,Middle,1
Female,Hispanic,Charter,3.12,1046,3,0,Low,1
Female,White,Public,2.21,1361,3,1,Middle,0
Male,Asian,Private,3.66,1528,5,0,High,1
Female,White,Public,2.63,1327,2,1,Low,1
Male,White,Charter,3.8,1254,8,1,Low,1
Female,White,Public,3.96,1565,5,1,High,1
Male,Other,Public,2.26,1207,6,0,Middle,1
Female,Asian,Private,2.17,1320,5,1,High,1
Female,Hispanic,Public,3.8,1202,8,1,Low,1
Male,Asian,Private,3.8,1425,1,1,High,1
Female,Other,Private,3.17,1053,7,0,Middle,1
Male,White,Public,3.78,946,4,0,High,0
Female,Hispanic,Public,3.86,1505,1,0,Low,1
Female,Hispanic,Public,3.11,1398,6,0,High,0
Male,Black,Public,3.37,1005,4,0,Middle,1
Male,White,Public,3.23,1057,7,0,Middle,1
Female,Asian,Private,2.35,1270,9,0,Low,1
Female,White,Public,2.87,1144,5,1,Middle,1
Female,Black,Public,3.36,1493,6,0,Middle,1
Male,White,Public,3.22,1434,0,0,Middle,1
Female,White,Public,2.43,1016,1,1,Middle,1
Female,Black,Public,3.82,969,8,0,Middle,0
Male,White,Private,3.57,974,6,1,Low,0
Non-binary,Black,Public,2.14,1034,6,0,High,1
Male,White,Private,2.69,1037,3,1,High,1
Female,White,Private,3.99,1313,3,1,Low,1
Female,Hispanic,Private,2.78,1331,2,1,Middle,0
Female,Other,Public,3.33,1139,9,0,Low,0
Male,Black,Public,2.2,1436,3,1,High,1
Male,Hispanic,Public,2.62,1116,9,0,Low,0
Female,Other,Public,3.76,911,5,0,High,0
Male,Hispanic,Public,3.02,1098,2,1,Middle,0
Female,White,Public,3.65,1406,9,0,Low,1
Non-binary,Asian,Public,2.02,1317,7,0,High,1
Male,Asian,Private,3.33,1286,0,1,Middle,1
Male,White,Private,2.6,1033,5,0,Middle,1
Female,White,Public,3.72,1214,1,1,Low,1
Female,Asian,Public,3.89,1494,0,1,Middle,1
Female,Hispanic,Public,3.38,935,3,0,High,0
Male,White,Public,2.29,1511,5,0,Middle,0
Female,Hispanic,Public,2.94,1365,6,0,Low,0
Male,Black,Public,2.93,1092,0,0,Middle,1
Female,White,Charter,3.66,1288,2,0,Middle,0
Male,Black,Private,2.92,1581,5,0,Low,0
Female,Black,Private,2.67,1041,5,1,Low,0
Male,Black,Private,3.22,1147,9,1,Low,0
Male,Black,Private,3.29,1220,5,0,Middle,1
Female,White,Public,3.62,1423,6,0,Middle,1
Female,White,Public,3.8,1285,6,0,Middle,1
Female,White,Public,3.78,1222,9,0,Low,1
Female,White,Private,3.25,1526,7,0,Middle,1
Female,Hispanic,Private,3.05,1360,1,1,High,0
Female,Asian,Public,3.6,1222,9,0,High,1
Male,Asian,Charter,2.61,1169,0,0,Middle,0
Male,Black,Public,3.52,1036,9,0,High,1
Female,Hispanic,Private,3.01,1293,6,0,Middle,1
Male,White,Private,2.25,1568,0,0,Middle,0
Male,White,Public,3.51,960,1,1,Low,1
Female,White,Private,3.3,1227,0,0,Low,1
Male,Other,Public,2.16,1067,0,0,Low,1
Male,Black,Private,2.9,1257,2,0,Middle,0
Non-binary,White,Public,2.97,1434,3,1,High,1
Female,Hispanic,Private,3.31,958,4,0,Low,1
Male,Black,Private,3.36,1333,4,0,Middle,1
Female,White,Public,2.38,1582,1,0,Middle,0
Male,Asian,Private,2.07,983,2,0,Middle,1
Male,Hispanic,Public,3.59,1147,7,1,Low,1
Female,Hispanic,Public,3.96,1395,1,0,Low,1
Female,White,Public,3.88,1295,3,1,Low,1
Male,White,Public,3.0,1380,6,1,High,1
Male,Hispanic,Private,3.06,1545,8,0,Low,1
Female,White,Public,3.86,1187,2,1,Middle,1
Female,Black,Public,3.09,1092,2,1,High,1
Non-binary,Black,Public,2.56,1599,6,0,Middle,1
Female,White,Private,3.36,1337,7,1,Middle,1
Male,White,Public,2.95,1399,3,0,Middle,1
Male,Hispanic,Private,3.57,1051,0,0,Middle,0
Male,Asian,Private,3.57,1568,4,0,Middle,1
Male,White,Public,3.87,1419,3,1,Middle,1
Male,Asian,Private,2.28,1168,7,0,Middle,1
Male,Hispanic,Public,3.04,1474,6,1,Middle,0
Male,Black,Public,3.57,1436,1,0,High,0
Female,Black,Private,2.87,1056,5,1,High,0
Male,Hispanic,Private,3.25,1086,3,1,Middle,1
Female,Black,Private,3.63,1216,6,1,Middle,1
Male,Asian,Public,2.95,1499,8,0,Middle,1
Female,Black,Public,2.82,1536,6,0,High,1
Male,Black,Private,2.36,1142,1,1,Low,0
Male,White,Public,3.65,1437,7,1,Middle,1
Female,White,Private,3.59,983,5,0,Low,1
Male,Asian,Public,3.49,1095,8,0,Middle,1
Male,White,Private,2.79,1177,6,0,High,1
Female,Asian,Charter,3.17,1034,4,1,Middle,1
Female,Hispanic,Public,2.25,1277,7,1,Low,1
Female,Asian,Public,2.64,1017,6,1,Low,0
Female,Asian,Private,2.87,925,0,0,Middle,0
Female,Asian,Private,2.09,1594,4,0,Low,0
Female,Black,Charter,2.21,1138,6,0,Middle,1
Male,Asian,Public,3.66,1008,9,1,Middle,1
Male,Black,Public,3.94,989,6,1,High,1
Male,White,Public,2.64,1281,2,0,Low,1
Male,Hispanic,Public,2.21,1531,4,0,High,0
Female,Hispanic,Charter,3.87,1591,7,0,Low,1
Female,White,Public,3.83,917,8,1,Middle,0
Male,Asian,Private,3.31,1563,8,0,High,0
Male,White,Public,2.68,1401,9,1,Low,1
Male,White,Public,2.23,1519,4,0,Low,1
Male,Black,Public,3.88,1554,1,0,Middle,0
Male,White,Public,3.84,1454,7,1,High,1
Male,White,Private,3.49,1116,6,1,Low,1
Male,Black,Public,3.87,923,3,0,Low,1
Female,White,Private,2.28,1393,4,0,Middle,1
Male,Asian,Public,2.22,1272,9,1,Low,0
Male,White,Public,2.38,1513,9,0,Low,1
Non-binary,White,Public,2.43,1368,1,1,Low,1
Female,White,Private,3.65,1401,8,0,Middle,1
Female,Hispanic,Private,3.84,1437,5,1,Middle,0
Female,Other,Private,2.43,1229,8,0,Middle,1
Male,Asian,Public,2.93,1053,7,0,Low,0
Male,White,Public,2.91,1316,0,1,Middle,1
Male,White,Public,2.36,1340,8,0,Middle,0
Female,White,Private,3.71,1322,8,0,Low,1
Male,Black,Public,3.04,1540,3,0,Middle,0
Male,Black,Private,3.13,1505,0,0,Middle,1
Female,White,Public,2.52,936,3,0,High,0
Male,White,Public,3.12,1173,5,0,Middle,1
Male,Other,Private,3.59,1057,3,0,High,1
Female,Other,Public,2.61,1566,8,0,High,0
Male,White,Public,2.23,1599,3,1,High,1
Male,White,Private,3.17,1332,9,0,Middle,0
Male,Asian,Public,3.27,1012,7,0,Low,1
Female,Black,Public,2.4,1441,1,0,Low,0
Female,Other,Private,2.5,1511,6,0,High,0
Male,Black,Charter,2.31,1432,7,1,Middle,1
Male,Black,Private,3.84,1337,5,0,Low,0
Male,White,Public,2.43,1299,9,0,Middle,1
Male,Asian,Private,2.02,917,5,0,High,1
Male,Asian,Public,3.68,1061,7,0,Middle,1
Female,White,Private,3.61,1304,2,1,Middle,1
Male,Black,Public,2.91,1359,1,1,Middle,0
Female,White,Public,3.59,1058,8,0,Low,1
Female,Black,Charter,2.9,909,7,0,Low,1
Female,Asian,Charter,2.45,1415,9,0,High,0
Female,White,Public,2.85,914,4,1,High,1
Female,Asian,Public,2.97,1464,4,0,High,0
Female,Other,Charter,2.02,1598,5,0,Middle,0
Female,White,Public,2.23,954,5,1,Low,0
Non-binary,Asian,Public,3.75,1345,1,0,High,1
Female,White,Public,2.78,1055,6,0,High,0
Male,White,Public,2.66,1290,2,1,High,1
Male,White,Public,3.78,1038,7,1,Middle,1
Female,Hispanic,Charter,2.31,1312,8,0,Middle,0
Female,White,Public,2.43,1573,2,0,High,1
Male,Asian,Public,3.66,1024,5,1,Middle,1
Female,Asian,Public,2.56,1527,7,0,Middle,1
Male,Black,Public,3.27,1118,5,1,High,1
Female,Black,Public,3.48,1180,9,1,High,1
Female,Hispanic,Charter,2.45,1339,2,0,Low,0
Female,Hispanic,Public,2.51,1001,3,0,Middle,1
Female,Black,Charter,3.03,939,8,0,High,1
Male,White,Private,3.58,1370,0,0,Low,1
Male,Asian,Private,3.11,1275,3,1,High,1
Female,White,Public,2.13,1504,9,1,High,1
Male,White,Public,2.7,1090,0,0,High,1
Female,Hispanic,Public,2.66,1333,7,1,Low,1
Non-binary,Asian,Private,3.62,910,6,1,Low,1
Male,White,Public,2.58,1599,6,0,Low,1
Male,Hispanic,Public,3.8,1145,1,0,Middle,1
Female,Black,Private,2.67,1031,9,0,Middle,0
Female,Hispanic,Public,2.39,1383,5,1,Low,1
Male,White,Public,3.08,1314,7,0,Low,1
Male,Hispanic,Public,2.77,1229,7,0,Middle,0
Male,White,Private,3.3,1467,4,1,Middle,1
Female,Hispanic,Public,3.83,1254,7,1,Middle,0
Female,Hispanic,Public,3.88,1455,1,1,Low,1
Non-binary,Asian,Public,2.45,1160,3,0,High,1
Female,White,Private,2.32,1491,9,1,Middle,1
Female,Hispanic,Public,3.88,1479,1,0,Low,1
Male,White,Public,3.62,1548,4,1,Low,1
Female,White,Private,2.52,903,2,0,Low,1
Female,White,Private,3.61,1240,5,1,Low,1
Female,White,Private,3.48,1528,6,1,Middle,1
Male,White,Private,2.51,994,5,0,High,1
Male,Hispanic,Public,3.81,915,1,1,Low,0
Female,Hispanic,Public,2.64,1010,1,1,High,0
Female,White,Public,2.96,1225,3,0,High,1
Male,Black,Private,3.22,1121,6,0,Middle,1
Female,White,Public,2.38,1170,7,1,Low,1
Male,Other,Public,3.22,1335,4,1,Middle,0
Female,White,Public,3.41,1570,9,1,High,1
Non-binary,White,Public,2.2,993,0,0,Low,1
Male,White,Public,2.76,1235,8,1,Middle,1
Female,White,Public,3.22,1400,7,0,High,1
Male,White,Public,3.85,1063,0,0,Middle,0
Male,Black,Public,3.78,1285,8,1,Middle,1
Female,Asian,Private,2.34,1311,4,0,Middle,1
Female,Asian,Public,3.22,1267,7,0,Middle,0
Male,Hispanic,Private,2.2,1195,9,1,Middle,1
Male,White,Public,2.59,1218,9,0,Middle,1
Female,White,Public,3.19,1154,1,0,Middle,1
Female,White,Public,2.16,1388,6,0,Low,1
Male,White,Public,3.78,1449,8,0,High,1
Female,White,Private,3.66,1319,6,1,Low,1
Male,Black,Public,2.95,1593,8,1,Low,0
Male,Asian,Private,2.98,1086,3,0,Low,1
Male,White,Public,3.76,924,4,0,High,1
Male,White,Private,2.1,1041,6,1,Middle,1
Male,White,Public,2.29,1327,0,0,Middle,1
Male,White,Private,2.62,1023,1,0,High,1
Male,Asian,Public,2.73,924,1,0,High,1
Male,White,Private,3.97,1376,9,0,Middle,1
Male,Hispanic,Public,2.29,1362,8,1,Middle,1
Male,White,Public,2.61,1586,2,1,High,1
Female,White,Private,3.66,1330,8,0,Middle,0
Female,Black,Public,3.57,1131,0,0,Middle,1
Female,White,Public,3.31,1556,2,0,High,1
Male,Hispanic,Private,2.66,1244,9,0,Middle,1
Female,Other,Public,2.24,922,1,0,Low,1
Male,White,Public,3.97,1021,1,0,Low,1
Male,Black,Private,2.5,1122,0,1,High,0
Female,White,Private,3.69,1129,5,1,Low,1
Female,Other,Public,3.79,916,4,0,High,0
Male,Other,Private,2.88,1184,4,0,Low,1
Female,White,Public,3.7,901,8,1,Middle,1
Female,Other,Private,2.56,1166,5,0,Middle,0
Female,Hispanic,Public,3.78,1427,8,0,Middle,1
Male,Other,Public,3.27,1432,3,0,Low,0
Female,Hispanic,Public,2.39,1150,6,0,Low,0
Female,White,Private,3.57,1176,3,0,Middle,1
Female,Hispanic,Public,3.83,905,0,1,Middle,1
Male,Hispanic,Private,3.14,1136,3,0,Middle,1
Male,White,Public,3.52,1434,1,0,Low,1
Male,Hispanic,Private,3.59,1596,4,0,Middle,0
Female,Hispanic,Private,3.57,1123,1,0,Middle,1
Female,Other,Private,2.91,1450,1,0,Low,1
Female,Black,Private,3.48,1385,3,1,Low,0
Female,White,Public,3.1,1312,6,0,Middle,1
Female,Other,Public,2.83,930,2,1,Middle,0
Female,Black,Private,2.33,1372,6,1,Low,1
Male,White,Private,3.82,1413,8,1,Middle,0
Male,White,Public,2.83,1241,2,0,High,1
Female,Hispanic,Public,2.48,1064,3,0,High,1
Female,White,Private,2.48,1199,0,0,Middle,1
Female,Asian,Private,2.48,1353,6,0,Middle,1
Non-binary,Other,Public,2.0,1538,0,0,High,1
Male,White,Public,2.88,1380,2,1,High,1
Male,White,Private,3.78,974,8,1,Middle,1
Male,Black,Public,2.05,1208,4,0,High,0
Female,White,Private,3.91,975,9,1,Middle,1
Male,Black,Private,2.36,1286,9,0,Low,0
Male,White,Private,3.44,1249,1,0,Middle,1
Female,Hispanic,Private,3.57,1174,8,0,Middle,1
Male,Other,Public,3.47,1200,5,0,Low,1
Male,Black,Public,2.68,954,8,0,Low,1
Non-binary,Hispanic,Public,3.41,1359,3,0,High,0
Female,White,Charter,2.95,1440,5,0,High,1
Female,Asian,Public,2.3,1474,6,0,Low,0
Male,White,Public,2.4,1560,5,0,Middle,0
Male,Black,Private,2.05,1212,3,0,Low,0
Female,White,Public,2.66,1168,7,0,Middle,0
Non-binary,White,Private,3.46,1396,5,0,High,1
Female,Black,Public,3.94,1054,1,0,Low,0
Female,White,Public,2.27,1095,5,0,Middle,1
Male,Black,Public,2.71,1379,0,0,High,1
Female,White,Public,2.36,1347,8,0,Middle,1
Female,Black,Private,3.52,1004,9,1,Middle,1
Female,White,Charter,3.84,973,6,0,High,1
Male,Asian,Public,2.23,974,7,0,High,1
Male,Black,Charter,3.81,996,3,0,Middle,0
Male,White,Charter,2.54,1140,7,0,Low,0
Male,White,Public,2.45,1290,0,1,Middle,1
Female,White,Public,2.11,1550,3,0,Middle,0
Female,White,Charter,2.16,1008,5,0,Low,0
Male,White,Public,2.14,927,9,0,Low,1
Male,White,Public,2.89,1001,6,0,Low,1
Male,Black,Public,3.32,1018,2,1,Low,0
Female,Asian,Private,2.37,1483,9,0,Middle,0
Female,White,Public,2.44,926,9,0,Low,1
Female,White,Public,2.35,1049,1,0,Middle,1
Male,White,Public,3.61,1581,8,0,Low,0
Female,White,Public,2.27,1571,0,0,High,1
Male,White,Public,2.15,1041,9,1,Middle,1
Male,Hispanic,Public,2.07,1053,0,0,Low,1
Non-binary,White,Private,2.08,1391,9,0,High,1
Female,Black,Public,3.09,1082,1,0,Middle,1
Female,Asian,Public,2.19,1102,4,1,Middle,1
Male,Asian,Private,2.44,970,0,0,High,1
Female,Black,Public,3.67,1082,5,0,Middle,1
Male,White,Public,3.94,1072,7,0,High,1
Male,Hispanic,Public,3.72,1441,9,0,Middle,0
Non-binary,Hispanic,Private,3.92,1254,1,1,Middle,0
Male,White,Public,3.34,1053,4,0,Low,0
Female,Hispanic,Charter,3.97,1500,2,0,High,1
Male,Asian,Private,2.99,1284,1,1,Low,1
Male,Hispanic,Public,3.59,1210,5,0,Middle,1
Male,White,Public,3.94,924,0,1,High,1
Female,White,Private,3.42,997,7,0,Low,1
Male,White,Public,3.91,1453,5,0,Low,1
Female,Black,Public,2.51,1199,3,0,Middle,1
Female,Asian,Private,2.6,968,4,1,High,1
Female,Other,Public,2.79,1260,1,0,Middle,0
Female,White,Public,2.93,962,7,0,Low,1
Male,White,Public,3.79,1559,5,0,Middle,1
Male,White,Public,3.78,1394,5,0,Middle,1
Male,Hispanic,Public,3.32,1323,2,0,High,1
Non-binary,Hispanic,Public,2.46,1279,0,0,Middle,1
Female,White,Public,2.48,1154,7,0,Middle,1
Female,Hispanic,Public,3.26,1160,6,0,Middle,1
Male,Black,Public,3.01,1028,0,0,Middle,0
Female,Hispanic,Public,2.52,1422,7,0,Middle,1
Male,White,Public,2.34,1321,9,0,Low,1
Male,Hispanic,Public,3.45,1428,1,0,Low,1
Female,Black,Public,3.63,1479,7,0,Middle,0
Female,White,Private,2.52,1315,4,0,Middle,1
Female,White,Public,2.85,904,7,0,Middle,1
Male,Asian,Public,3.43,1105,5,1,Low,1
Male,White,Public,2.94,1368,1,0,High,1
Male,White,Charter,3.92,981,6,0,Low,1
Male,White,Public,2.26,966,5,1,High,1
Male,White,Private,3.71,1166,3,0,High,1
Female,White,Public,2.61,1374,8,0,Middle,1
Male,White,Public,3.37,1385,3,1,Low,1
Female,Asian,Public,2.51,1052,0,0,Low,1
Male,Other,Public,3.93,1453,2,1,High,1
Male,Black,Public,2.1,1386,7,0,High,1
Male,Hispanic,Private,3.03,1490,2,1,High,0
Female,Hispanic,Charter,3.82,1470,6,0,High,0
Male,Hispanic,Public,2.94,1528,0,1,Low,1
Female,Asian,Charter,3.68,947,3,0,Middle,1
Male,Asian,Public,3.9,923,3,0,High,1
Male,Black,Public,2.14,1274,8,1,Middle,1
Male,Black,Private,2.98,1256,0,0,Middle,1
Male,White,Public,3.37,932,8,1,Low,1
Female,Black,Public,3.66,1371,9,0,Low,0
Male,White,Public,2.33,1074,7,1,Low,1
Male,White,Public,3.13,1464,9,0,Low,1
Female,Asian,Public,2.33,1584,5,1,Middle,0
Female,Other,Public,3.51,1397,3,0,Middle,1
Male,White,Public,2.57,1212,5,0,Middle,1
Female,White,Public,2.54,1097,5,0,High,1
Male,White,Public,3.54,902,1,1,High,1
Female,Asian,Private,3.68,948,6,1,Low,1
Female,Asian,Public,2.69,913,8,1,Low,1
Female,Black,Public,3.0,1303,7,0,Middle,1
Male,Black,Public,3.39,1093,2,0,Middle,0
Female,Hispanic,Public,3.49,1159,7,0,Middle,1
Male,White,Charter,3.54,1146,3,0,Middle,1
Male,White,Public,2.78,1474,9,0,Low,1
Female,White,Private,3.07,1331,0,0,Middle,1
Female,White,Private,2.22,1466,2,0,High,1
Female,Hispanic,Charter,3.9,1380,0,0,Middle,0
Female,White,Private,3.4,1157,4,0,Middle,1
Male,Asian,Private,2.75,1434,9,0,Low,0
Female,White,Public,2.78,1007,8,1,Low,1
Male,White,Private,2.18,1075,6,1,Middle,0
Female,White,Public,2.91,1368,2,1,Middle,1
Female,Asian,Public,3.35,1426,6,0,Middle,1
Male,Asian,Public,3.91,1051,7,1,Low,0
Female,Other,Public,3.3,1175,3,0,Middle,1
Female,White,Private,3.3,937,2,1,Low,0
Female,Hispanic,Private,3.57,1180,1,1,Middle,1
Male,White,Public,3.02,1497,7,0,High,1
Male,White,Public,2.06,1330,2,1,Middle,1
Female,White,Public,3.78,1491,6,0,Low,1
Male,Black,Public,2.8,1219,1,0,High,1
Female,White,Public,3.97,1070,4,0,Middle,0
Female,White,Public,2.81,970,4,0,High,1
Male,White,Private,3.34,987,8,1,Middle,1
Male,Other,Public,2.92,956,7,1,Middle,1
Male,Hispanic,Public,2.46,1066,7,0,Middle,0
Female,White,Private,3.86,1530,9,1,Low,1
Female,Asian,Public,3.25,1135,1,1,Middle,1
Male,White,Private,2.9,1297,1,0,Middle,1
Male,White,Public,2.29,1219,9,0,Middle,1
Male,Black,Public,4.0,1431,6,1,Middle,0
Male,White,Public,3.79,906,3,0,Middle,1
Female,White,Private,2.85,1357,2,1,Low,0
Female,Asian,Public,2.34,1137,2,1,Low,1
Male,White,Public,2.06,1350,6,0,Low,0
Female,Asian,Public,2.3,1013,0,0,High,1
Female,White,Public,3.07,1391,3,0,Low,1
Female,Asian,Private,3.63,1208,5,0,Low,1
Male,Black,Public,2.73,1348,8,1,Low,0
Male,Black,Private,2.87,1057,0,0,Middle,0
Female,White,Public,2.95,1298,0,0,Middle,1
Female,White,Public,2.04,1538,1,0,Low,0
Male,Black,Private,2.35,1102,6,0,Middle,1
Female,White,Public,3.0,1481,6,0,Middle,1
Female,White,Private,2.56,1353,4,0,High,1
Male,White,Charter,3.05,1019,3,0,Low,1
Male,White,Charter,2.22,1564,9,0,Middle,1
Male,Asian,Charter,3.61,1434,5,1,Low,1
Female,Asian,Public,3.57,1551,7,1,Middle,1
Male,White,Public,3.34,1523,6,0,Middle,0
Female,Hispanic,Public,3.06,1549,1,0,Middle,1
Female,Black,Public,2.78,1079,1,0,Low,1
Female,Asian,Public,3.37,1530,5,0,High,1
Female,White,Charter,3.56,1541,0,0,Low,1
Female,White,Public,3.62,1599,4,0,High,1
Female,Asian,Public,2.7,1411,0,0,High,1
Male,Asian,Private,2.39,1392,6,0,Middle,1
Male,Asian,Public,2.68,1492,2,0,High,1
Female,White,Public,2.02,1226,8,0,Low,1
Male,White,Private,2.85,1296,4,0,High,1
Female,White,Public,2.55,1485,0,0,High,1
Female,Asian,Private,3.58,1411,9,1,Middle,1
Male,White,Public,3.35,1537,3,0,Middle,1
Female,Asian,Public,2.05,1567,7,1,Middle,1
Female,Other,Private,2.29,1082,6,0,High,1
Female,White,Private,3.08,1005,5,0,Low,0
Male,Hispanic,Private,3.24,1397,8,1,Middle,1
Female,White,Public,3.54,1233,3,0,High,1
Female,White,Private,3.94,1558,9,0,High,1
Female,Hispanic,Public,3.4,1273,0,0,Middle,1
Female,White,Private,3.09,900,9,0,Middle,1
Male,White,Private,2.83,1374,5,0,High,1
Male,Black,Private,3.48,1351,3,1,Middle,0
Male,Hispanic,Public,3.87,1083,0,0,High,1
Male,White,Public,2.85,987,9,1,Middle,1
Female,White,Public,3.17,1384,2,1,Middle,1
Male,White,Public,2.41,1498,0,1,Middle,1
Female,Other,Public,3.71,1480,4,0,High,1
Male,Black,Public,3.43,1239,7,0,High,1
Male,Black,Public,2.71,1521,1,0,Low,0
Female,White,Private,3.75,1071,5,1,High,1
Female,Black,Private,3.94,1277,5,0,Middle,1
Non-binary,White,Private,2.58,1076,4,1,Low,1
Female,White,Public,2.37,1510,6,0,High,1
Female,White,Public,3.66,935,0,1,Middle,1
Female,White,Public,3.16,1352,9,0,High,1
Male,Hispanic,Private,3.77,1124,3,0,Low,0
Non-binary,Asian,Private,2.7,1192,5,1,Middle,0
Male,White,Public,3.16,1372,3,1,Middle,1
Female,Black,Public,3.15,1152,5,1,Low,1
Female,Hispanic,Private,2.38,950,1,0,Low,0
Female,Asian,Public,3.98,1192,8,1,Middle,1
Female,White,Public,3.33,1052,3,1,Middle,1
Male,Asian,Public,3.33,1160,4,1,Low,1
Female,Asian,Public,2.59,1547,6,1,Low,1
Male,Black,Charter,3.3,1004,7,1,Middle,1
Female,White,Private,3.67,1266,0,0,High,1
Male,Hispanic,Public,3.63,1182,6,1,High,1
Female,White,Public,3.84,1216,9,0,Middle,1
Female,White,Public,2.3,1382,8,1,Middle,1
Female,Black,Charter,2.37,983,1,0,High,1
Female,Black,Public,3.42,944,1,0,High,0
Female,White,Charter,3.62,1286,3,0,Low,1
Female,Hispanic,Public,3.35,1088,0,1,Middle,1
Female,Other,Private,2.29,1389,8,1,High,1
Male,White,Private,3.19,949,4,0,High,1
Male,Black,Private,3.5,1100,2,0,Middle,1
Female,Black,Private,2.27,1074,5,1,Middle,1
Female,White,Public,2.11,1041,6,0,Middle,1
Female,White,Private,2.51,1174,3,1,High,1
Non-binary,Hispanic,Private,2.18,1089,1,1,Low,1
Male,White,Private,2.3,1033,4,0,Middle,0
Female,Black,Public,2.41,1512,6,1,Middle,1
Female,Black,Public,3.06,1444,9,0,High,0
Female,Black,Private,2.31,1527,9,0,Middle,1
Female,White,Public,3.21,996,2,0,Middle,0
Male,Black,Private,2.58,940,1,1,Low,0
Non-binary,White,Public,2.62,1228,1,1,High,0
Female,Hispanic,Public,3.93,1400,3,1,High,1
Male,White,Public,3.61,1440,3,0,High,1
Female,Hispanic,Private,2.85,1272,4,0,Low,0
Male,Asian,Private,2.89,1410,2,0,Middle,1
Female,White,Charter,2.23,994,0,0,Low,1
Female,Asian,Public,3.69,1593,3,1,Middle,1
Male,Hispanic,Public,2.01,1381,0,0,Middle,1
Female,White,Public,2.29,910,7,0,High,1
Female,Other,Public,3.07,1453,4,0,Low,1
Male,Black,Public,2.38,1366,1,0,Middle,0
Male,White,Public,3.27,1370,4,0,Low,1
Male,Asian,Public,2.01,1330,4,1,Middle,1
Male,White,Private,2.2,1413,0,1,Middle,0
Female,Hispanic,Private,3.53,942,4,1,Middle,1
Male,White,Public,3.15,903,7,0,Low,1
Male,Black,Public,2.04,1236,9,0,Low,1
Non-binary,White,Public,2.41,1274,1,0,Middle,1
Male,Hispanic,Public,2.48,994,7,1,High,1
Non-binary,Black,Public,3.7,1346,7,1,Middle,0
Male,White,Public,3.17,1470,0,1,High,1
Female,White,Public,3.08,929,3,0,High,1
Male,Hispanic,Charter,2.17,987,4,1,Middle,0
Male,White,Public,3.31,1119,9,0,Middle,1
Female,Hispanic,Public,2.31,1027,7,1,Middle,1
Male,White,Public,3.04,1070,2,0,High,1
Male,White,Public,3.19,1124,0,1,Middle,1
Female,Asian,Public,3.68,1173,6,0,High,0
Male,Asian,Public,3.61,1307,3,1,Low,1
Male,Asian,Public,2.38,1576,9,0,Middle,0
Male,Asian,Public,3.83,1057,4,1,Middle,0
Female,White,Public,2.01,1306,5,0,Low,1
Male,White,Public,2.66,929,3,1,Low,0
Male,White,Private,2.13,1095,0,1,Middle,1
Male,Other,Public,3.44,1068,7,1,Middle,0
Male,Black,Private,3.0,1243,8,1,Middle,1
Male,White,Public,2.35,1478,2,0,Middle,1
Female,Black,Public,2.17,1298,9,1,Low,1
Female,Hispanic,Public,2.45,1083,3,0,Low,1
Male,White,Public,3.84,1411,4,0,High,1
Male,White,Charter,3.36,1101,9,1,Middle,1
Female,White,Public,2.48,1520,8,1,Low,1
Male,Other,Public,3.79,1117,4,1,Low,1
Male,White,Private,2.27,975,6,0,Low,1
Male,Hispanic,Public,3.38,1220,2,1,Middle,1
Female,Asian,Public,2.85,901,0,0,Middle,1
Female,Asian,Private,2.54,1422,5,0,Middle,1
Male,White,Public,2.52,1487,9,1,Middle,1
Female,White,Private,3.0,991,0,1,Middle,1
Non-binary,Asian,Public,3.86,1508,5,1,Middle,1
Male,White,Private,3.48,1069,7,0,High,1
Female,Hispanic,Charter,3.32,1204,8,0,High,0
Male,Asian,Private,3.75,1494,7,0,Middle,1
Male,Asian,Private,3.14,981,4,0,Low,0
Female,White,Public,2.38,1192,6,1,Middle,1
Female,Black,Public,3.95,1247,5,1,Middle,1
Male,White,Private,3.07,1122,8,0,Low,0
Male,Other,Public,2.63,937,3,1,Low,1
Female,Black,Private,3.56,1341,7,0,High,1
Male,White,Private,2.93,1032,8,0,Middle,0
Male,White,Private,2.02,1472,6,1,Low,1
Male,Asian,Public,2.64,1494,6,1,Middle,1
Female,White,Public,2.91,1104,1,0,Low,1
Female,Asian,Private,2.75,927,8,1,Low,1
Male,Asian,Charter,3.1,1084,4,0,Middle,1
Male,White,Private,2.37,1029,9,0,Middle,1
Female,Black,Private,3.14,969,2,0,High,0
Male,White,Private,3.97,1567,3,0,High,1
Male,White,Public,3.51,1448,9,1,Low,1
Female,White,Private,3.37,1116,1,0,Middle,1
Male,Black,Public,2.4,1507,2,0,Middle,0
Female,White,Public,3.16,1148,5,0,Low,1
Female,Asian,Private,3.64,1594,0,0,High,1
Male,Black,Private,2.48,1512,1,1,Low,0
Male,White,Public,2.17,1371,3,0,Low,0
Male,White,Public,3.32,1237,0,0,Middle,1
Female,Black,Private,3.35,1284,5,1,Low,0
Female,Hispanic,Charter,3.61,902,3,0,Middle,0
Female,White,Public,3.26,1482,1,0,High,0
Female,Other,Private,3.7,996,9,0,Middle,1
Male,Black,Public,2.53,1496,3,1,High,0
Female,Other,Public,2.07,1587,7,0,Middle,1
Female,Other,Private,3.47,1542,5,0,Middle,0
Female,Black,Public,2.77,1406,0,0,Middle,0
Male,Black,Private,2.42,1588,4,0,Middle,1
Male,White,Public,2.1,1512,5,1,Middle,1
Female,Asian,Private,3.51,1339,3,0,Middle,1
Male,Asian,Public,3.65,1599,3,0,Low,1
Female,Black,Public,2.78,1145,2,0,Middle,0
Male,White,Private,3.77,1252,9,0,Middle,1
Male,Asian,Public,2.83,1168,9,0,Low,1
Female,White,Private,3.9,1080,5,0,High,0
Female,Black,Public,3.97,1376,8,0,High,0
Female,White,Public,3.64,1302,6,1,Low,1
Female,Asian,Charter,2.51,1565,8,0,Middle,1
Female,Hispanic,Public,2.73,1080,5,1,High,0
Female,White,Private,3.07,956,1,1,Middle,1
Female,White,Private,2.66,1321,5,1,High,1
Female,White,Private,3.64,945,6,1,Low,1
Male,Black,Public,3.86,985,1,1,Low,1
Female,White,Private,3.97,1287,0,1,Low,0
Male,White,Private,2.67,1493,5,0,High,1
Female,Asian,Public,2.54,1077,7,0,Low,1
Female,White,Public,2.32,992,5,0,High,1
Male,Black,Public,2.09,1061,7,0,Middle,1
Male,White,Public,2.35,1125,5,0,Low,1
Male,White,Private,2.57,1092,5,1,Low,0
Female,Black,Private,2.78,1045,7,1,Middle,0
Male,Black,Public,2.22,1153,2,0,Low,1
Female,White,Public,3.64,1421,2,0,High,1
Female,White,Public,3.24,1386,5,0,High,1
Female,White,Public,3.13,1541,3,0,Low,1
Male,White,Private,3.09,1366,6,0,Middle,1
Female,White,Private,2.58,1344,6,1,Middle,1
Female,White,Private,3.88,1305,8,1,High,1
Female,Black,Public,2.46,1214,1,0,Low,1
Male,White,Public,3.34,990,1,0,Middle,1
Male,Hispanic,Public,2.51,1295,5,1,Low,0
Male,Black,Charter,3.98,962,8,1,Middle,0
Male,White,Public,3.82,914,6,0,Low,1
Female,Hispanic,Private,2.53,1321,5,1,Middle,1
Male,Black,Private,3.97,1115,4,0,High,1
Male,White,Private,3.25,1033,7,0,Middle,1
Male,White,Public,3.46,1193,1,1,Middle,1
Male,Black,Private,2.57,1426,2,1,Middle,0
Female,Black,Private,2.43,1227,5,0,Middle,1
Female,Asian,Public,3.72,1440,0,0,Middle,0
Male,Hispanic,Private,2.55,1157,7,0,Middle,1
Male,Asian,Charter,3.84,1341,8,0,High,1
Female,White,Public,2.73,1499,1,0,Low,1
Male,White,Public,2.02,1061,8,0,Low,1
Female,White,Private,3.18,1326,4,1,Low,1
Male,White,Private,2.71,923,7,0,Middle,1
Male,White,Public,3.95,1140,0,0,Low,1
Male,Asian,Private,2.77,1001,0,0,High,1
Female,Hispanic,Private,2.63,1180,3,1,Middle,0
Female,Hispanic,Public,3.13,1324,0,1,High,1
Male,Black,Public,3.46,1528,0,1,Middle,1
Female,Black,Public,3.93,1444,4,1,Low,1
Male,White,Charter,2.14,1198,1,0,Low,1
Male,Hispanic,Charter,2.84,916,3,0,Middle,0
Male,White,Private,3.33,906,7,1,Low,1
Female,White,Private,2.01,1438,5,1,High,1
Male,White,Public,2.98,1447,1,0,High,1
Female,Asian,Public,3.61,1302,2,0,Middle,0
Male,Asian,Private,2.1,1170,1,0,High,1
Non-binary,Asian,Public,2.68,969,3,0,Middle,1
Female,Other,Public,2.8,1084,4,1,Middle,0
Non-binary,Black,Private,3.43,1127,8,0,Middle,0
Female,Asian,Public,2.59,968,6,0,Low,1
Male,White,Public,2.49,1464,7,0,Middle,1
Male,White,Public,2.23,1136,6,1,Middle,1
Male,Black,Charter,3.99,1096,9,0,High,1
Male,White,Charter,2.94,1413,7,0,Middle,1
Female,Asian,Public,2.1,1006,4,0,Low,1
Male,White,Private,2.15,1045,2,1,Middle,1
Male,Hispanic,Private,2.26,1059,6,0,High,1
Female,Asian,Public,2.42,1138,0,0,High,0
Male,Black,Public,3.48,1268,2,0,Low,1
Male,White,Public,3.12,1025,6,1,Middle,0
Male,White,Public,3.55,1056,3,0,Middle,1
Non-binary,White,Private,2.04,1367,6,0,Low,1
Male,White,Public,2.53,1366,9,1,Middle,1
Female,Hispanic,Charter,2.81,1215,9,1,Low,1
Male,White,Public,2.86,1538,5,0,High,1
Male,White,Private,2.11,1241,3,0,Middle,0
Female,White,Public,3.02,1054,6,0,Middle,1
Male,Asian,Public,2.57,1035,7,1,Low,0
Non-binary,Black,Private,2.38,1355,7,1,High,1
Female,Asian,Public,3.34,1562,6,0,High,1
Male,White,Charter,2.17,931,1,1,High,1
Non-binary,White,Charter,3.73,914,7,0,Middle,1
Male,Black,Private,3.8,1027,4,0,Middle,1
Female,Hispanic,Public,2.65,1278,8,0,Low,1
Female,White,Charter,3.97,1323,5,1,Low,1
Female,Asian,Public,2.8,995,3,1,Low,1
Female,Hispanic,Charter,3.92,1212,8,1,Middle,1
Female,White,Private,3.97,1512,0,0,Middle,0
Male,White,Public,3.65,1017,3,1,Middle,1
Male,Hispanic,Private,2.25,1421,4,0,Middle,1
Male,Asian,Public,3.17,1016,3,1,High,1
Male,White,Private,3.46,1247,8,0,High,1
Female,White,Public,2.15,1079,0,0,Middle,1
Female,Black,Public,3.79,1123,2,0,High,0
Female,Hispanic,Public,3.7,1123,8,0,Low,0
Male,Hispanic,Public,3.87,1147,6,1,Low,0
Female,Hispanic,Public,3.03,1153,4,0,Middle,1
Female,White,Public,2.65,1218,5,0,Middle,0
Female,Black,Private,3.01,1548,3,0,High,1
Female,Black,Public,3.46,1452,4,1,Middle,0
Male,Asian,Public,2.83,1451,7,1,High,1
Male,Asian,Public,2.7,924,4,0,High,1
Male,Hispanic,Private,2.15,1037,9,0,Low,1
Female,Asian,Private,2.89,908,1,1,Middle,1
Female,Hispanic,Charter,2.79,1468,7,0,High,1
Female,Hispanic,Public,3.33,1201,2,0,Middle,1
Female,White,Public,2.88,1530,4,0,Middle,1
Male,Black,Public,2.01,1070,5,0,Low,0
Female,Asian,Private,2.97,1411,0,0,Middle,1
Female,Hispanic,Private,3.55,1268,2,0,Middle,1
Female,Black,Public,3.89,1410,0,1,Low,0
Female,White,Private,2.39,1274,6,1,High,1
Non-binary,Hispanic,Private,2.85,1103,1,1,High,1
Male,White,Private,3.69,956,9,0,High,0
Female,White,Public,2.09,1556,6,0,High,1
Female,White,Public,2.7,924,2,0,Low,1
Male,White,Public,3.18,1522,2,1,Middle,1
Female,Other,Public,2.69,1290,0,1,Low,0
Female,Hispanic,Public,2.98,954,6,0,High,1
Male,White,Public,3.88,1046,7,0,High,1
Female,Hispanic,Public,2.05,1443,3,0,Low,1
Female,White,Private,2.16,986,8,0,Middle,1
Male,Black,Public,2.39,1571,3,0,Low,1
Non-binary,Hispanic,Charter,2.77,971,9,0,Middle,1
Male,Hispanic,Private,2.94,1433,4,0,Middle,1
Male,White,Private,2.07,1594,5,0,High,1
Male,Asian,Public,3.77,1035,8,1,Low,0
Male,Asian,Public,3.52,945,8,0,Low,1
Male,White,Public,2.54,1416,7,0,Low,1
Female,White,Private,2.51,911,9,0,Low,1
Male,Asian,Public,2.05,926,1,0,Middle,1
Female,Other,Public,2.8,983,9,1,Low,1
Female,Black,Private,2.51,1447,9,0,Middle,0
Male,White,Public,3.24,951,0,0,Middle,1
Male,Asian,Private,3.1,1541,1,0,Middle,1
Male,White,Charter,3.91,973,5,0,High,1
Male,White,Charter,3.59,1389,6,1,High,1
Female,White,Public,2.16,1354,5,0,Low,1
Male,Black,Public,3.41,1147,0,0,Low,1
Male,White,Public,2.21,911,0,0,High,0
Male,White,Public,2.65,1466,0,0,Middle,1
Female,Black,Public,3.11,1235,0,0,Middle,0
Male,White,Charter,2.99,1153,9,0,High,1
Male,Black,Charter,3.39,1570,9,1,Low,1
Female,White,Public,3.62,1502,0,0,Middle,1
Female,White,Private,3.66,1571,1,1,Middle,1
Male,Asian,Public,2.12,1003,1,0,High,1
Female,Hispanic,Public,3.28,1502,3,0,High,0
Male,Asian,Private,3.92,1214,2,1,Middle,1
Male,Black,Public,3.51,967,3,1,High,1
Female,Asian,Private,3.04,1400,4,0,Low,1
Female,Asian,Charter,4.0,1071,3,0,Middle,0
Female,Other,Public,2.09,1582,2,0,Low,1
Female,Black,Charter,2.18,1042,2,0,Low,1
Male,Hispanic,Public,3.54,1096,3,1,Middle,1
Female,White,Public,3.1,1072,5,0,Low,1
Male,Asian,Public,2.25,1564,6,1,Middle,0
Female,White,Private,2.75,1564,3,0,Middle,1
Male,Asian,Private,2.13,1421,7,0,Low,1
Male,White,Private,3.05,1089,5,0,Middle,1
Male,Black,Public,2.21,911,4,1,Middle,1
Male,White,Public,2.01,928,7,0,Middle,1
Male,White,Public,2.64,1454,5,1,High,1
Male,White,Public,2.47,987,0,0,Middle,0
Male,White,Public,2.72,1372,0,0,High,1
Male,Black,Public,2.7,1010,9,0,Low,0
Male,Asian,Public,3.26,1320,9,1,Middle,1
Male,White,Public,3.36,968,5,0,High,1
Male,Black,Public,2.25,1018,7,0,Low,1
Female,White,Public,2.98,1323,8,0,Low,1
Female,Asian,Private,3.78,1146,3,0,Middle,1
Female,Black,Private,2.3,921,6,0,High,0
Male,White,Private,3.93,1298,8,1,Middle,1
Male,Black,Private,2.04,1397,7,1,High,0
Female,Black,Public,2.2,1225,7,0,Low,0
Male,Hispanic,Public,2.36,1091,0,1,High,1
Female,Other,Public,2.94,1501,9,1,Low,1
Male,White,Public,2.6,1545,5,0,Middle,1
Female,White,Private,2.84,1251,8,0,Middle,1
Female,Hispanic,Private,3.88,1303,7,1,Middle,1
Female,Asian,Public,2.68,1536,1,0,Middle,1
Non-binary,Black,Public,3.7,1326,4,0,Middle,0
Female,White,Private,2.15,1222,3,1,High,1
Female,White,Public,3.62,1493,7,0,High,1
Female,Hispanic,Private,3.8,1126,8,0,Middle,1
Male,White,Private,2.57,1079,2,1,Low,0
Male,Asian,Public,3.09,1377,8,0,High,1
Male,White,Charter,2.37,1314,0,1,High,1
Female,White,Public,2.18,1212,6,0,Middle,1
Male,Asian,Public,3.54,1563,7,0,Middle,0
Male,Black,Private,3.26,1053,5,0,Middle,1
Non-binary,White,Charter,3.5,935,3,1,Low,1
Female,White,Charter,2.88,1021,3,1,Middle,1
Female,Hispanic,Public,2.5,1081,6,1,Middle,1
Male,White,Private,2.85,1325,9,0,High,1
Male,Other,Public,2.13,1507,5,0,High,0
Male,Asian,Private,2.57,1003,3,0,Low,1
Male,White,Private,2.6,981,4,0,Middle,0
Female,Asian,Private,3.43,1435,9,0,Low,1
Male,Hispanic,Public,2.11,1579,3,0,Middle,1
Male,White,Private,2.49,1237,0,0,Low,0
Male,White,Charter,2.55,1002,3,0,Middle,1
Male,White,Public,3.1,1163,5,0,Middle,1
Female,Black,Public,2.49,1130,1,0,High,1
Female,White,Public,2.26,1081,6,0,Low,1
Male,Black,Public,2.52,1526,8,0,Low,1
Female,White,Private,2.84,1126,9,0,Low,1
Male,White,Public,3.05,1399,1,0,Middle,1
Non-binary,Asian,Public,2.07,1410,6,0,Low,1
Male,Asian,Public,2.62,902,1,0,Low,0
Male,Hispanic,Public,3.53,1375,8,0,High,0
Female,White,Public,3.2,1229,0,1,Middle,1
Male,White,Public,2.91,1220,3,0,Middle,1
Male,Black,Private,2.91,1447,1,0,Low,1
Female,Black,Public,2.74,1083,0,0,Middle,1
