gender,age_group,region,annual_premium,claim_history,vehicle_type,claim_approved
Male,46-60,Urban,3509,4,Old,0
Male,60+,Rural,3274,1,Old,1
Female,46-60,Suburban,975,2,New,1
Male,31-45,Urban,4840,0,Used,1
Male,46-60,Suburban,3239,0,New,0
Male,60+,Suburban,3400,0,Used,1
Female,46-60,Suburban,2325,2,Used,1
Male,31-45,Suburban,2397,2,New,1
Male,31-45,Urban,4256,2,New,1
Male,46-60,Rural,4066,3,New,1
Female,18-30,Urban,1848,0,Used,1
Female,46-60,Rural,2857,0,Used,1
Female,31-45,Rural,2585,0,Used,1
Male,46-60,Urban,4042,3,Used,1
Female,18-30,Rural,2946,3,New,0
Male,31-45,Urban,2100,2,New,0
Female,60+,Urban,3577,0,Used,1
Female,60+,Rural,2736,0,Old,1
Male,60+,Rural,2186,4,New,1
Male,46-60,Suburban,4623,4,Old,1
Male,18-30,Rural,2501,4,Old,1
Male,60+,Rural,634,3,Old,1
Male,18-30,Rural,2289,2,Used,0
Male,60+,Urban,4900,1,New,1
Male,18-30,Suburban,3042,0,Old,1
Female,46-60,Suburban,3851,4,Used,1
Female,18-30,Urban,3407,0,New,1
Female,46-60,Rural,2770,0,Used,1
Male,60+,Rural,4174,0,New,1
Female,60+,Urban,2527,2,New,1
Male,46-60,Suburban,1327,0,Used,0
Female,46-60,Urban,1843,2,Old,1
Female,18-30,Urban,4794,1,New,1
Male,18-30,Rural,3627,1,New,0
Female,60+,Urban,906,3,Old,1
Female,31-45,Urban,1961,0,New,1
Female,46-60,Urban,2274,4,Old,1
Female,18-30,Rural,1870,3,New,1
Female,46-60,Rural,985,3,Old,1
Male,46-60,Suburban,862,1,New,1
Male,46-60,Suburban,4301,4,New,1
Female,31-45,Suburban,711,0,New,1
Male,31-45,Rural,3161,0,Old,0
Male,60+,Suburban,1415,1,New,0
Female,60+,Urban,1960,2,Used,1
Male,18-30,Suburban,4738,1,Used,1
Male,18-30,Urban,3856,4,Used,1
Male,31-45,Suburban,1593,2,New,1
Female,31-45,Rural,2233,4,Old,1
Female,46-60,Urban,2051,0,Old,1
Female,31-45,Urban,1833,2,New,1
Female,31-45,Rural,1364,4,Used,1
Female,46-60,Urban,1786,0,Old,1
Female,46-60,Suburban,4655,4,New,1
Female,60+,Rural,808,2,Old,1
Male,46-60,Urban,2043,0,Used,1
Female,46-60,Rural,1905,4,Used,0
Male,46-60,Urban,2072,3,Old,0
Female,46-60,Urban,2501,2,New,1
Female,60+,Rural,1399,2,New,0
Female,18-30,Urban,1607,2,Old,1
Female,46-60,Suburban,3805,0,Used,1
Male,18-30,Suburban,4835,2,New,1
Female,18-30,Urban,4294,4,Old,0
Male,60+,Urban,4820,3,Old,1
Male,60+,Suburban,4874,4,Used,1
Male,46-60,Urban,4384,4,Used,1
Female,18-30,Urban,2976,2,New,1
Female,46-60,Rural,901,3,New,0
Male,31-45,Rural,2593,3,New,1
Female,31-45,Suburban,3747,3,Used,0
Female,46-60,Suburban,3571,3,Old,1
Female,18-30,Rural,4356,1,New,1
Male,31-45,Rural,4201,3,New,1
Male,18-30,Suburban,2307,2,New,1
Male,18-30,Suburban,1889,3,Old,1
Male,46-60,Suburban,4899,4,New,1
Male,31-45,Rural,2898,1,New,1
Female,31-45,Rural,591,4,Used,1
Male,60+,Urban,3732,2,Used,1
Male,31-45,Suburban,2679,2,Used,1
Male,18-30,Urban,3316,3,Old,0
Male,18-30,Suburban,1812,2,Used,0
Female,46-60,Rural,4529,1,New,0
Female,60+,Suburban,1398,4,New,1
Male,31-45,Suburban,3672,2,Old,1
Female,60+,Rural,3592,2,Old,1
Male,60+,Rural,748,1,New,0
Male,31-45,Suburban,2739,0,Old,1
Male,18-30,Suburban,3132,0,New,1
Female,18-30,Suburban,3884,1,Used,1
Female,31-45,Suburban,4763,2,New,0
Male,18-30,Suburban,4204,1,Old,1
Male,18-30,Rural,1697,1,Used,1
Male,60+,Suburban,2491,0,New,1
Female,60+,Rural,1000,3,Old,0
Male,60+,Urban,1661,2,Old,1
Male,60+,Urban,598,4,Used,0
Female,60+,Suburban,3628,1,New,0
Male,46-60,Urban,2794,0,New,1
Female,18-30,Rural,1212,3,Old,0
Male,18-30,Urban,4414,2,Used,0
Female,31-45,Urban,606,1,New,1
Male,46-60,Rural,545,0,Used,1
Male,31-45,Suburban,2943,1,Old,0
Female,31-45,Rural,3631,4,New,1
Male,31-45,Rural,3163,2,Old,1
Female,60+,Suburban,1449,2,New,1
Male,46-60,Rural,4068,2,Old,1
Female,46-60,Suburban,3221,2,New,1
Male,46-60,Rural,4298,0,Used,1
Female,18-30,Urban,3789,4,New,1
Female,18-30,Suburban,3834,1,New,1
Male,60+,Suburban,3721,0,Old,0
Male,60+,Urban,3817,3,New,1
Female,18-30,Urban,2317,2,New,1
Female,46-60,Suburban,4544,2,New,1
Female,18-30,Urban,2721,1,Old,0
Male,46-60,Rural,4767,2,New,1
Female,18-30,Rural,1457,2,Used,1
Female,31-45,Rural,2885,1,Used,1
Female,60+,Urban,1934,4,Old,1
Male,46-60,Urban,3669,0,New,1
Male,18-30,Urban,3484,4,Old,0
Male,31-45,Suburban,3756,1,New,1
Female,60+,Rural,1936,2,Old,0
Female,60+,Suburban,4973,2,New,1
Male,18-30,Suburban,1932,4,New,1
Male,18-30,Suburban,2274,3,Old,1
Male,60+,Rural,917,0,Old,1
Male,18-30,Rural,1482,2,Old,0
Female,60+,Rural,1638,1,New,1
Male,60+,Urban,3428,4,Old,0
Male,18-30,Rural,1733,0,New,1
Female,31-45,Urban,1330,3,Used,1
Female,18-30,Urban,4593,2,Used,1
Male,60+,Urban,4788,4,New,1
Male,31-45,Rural,3360,2,New,0
Male,18-30,Rural,2468,4,Old,1
Male,46-60,Rural,2971,3,New,1
Female,31-45,Rural,4837,1,New,0
Male,46-60,Suburban,2009,1,Used,1
Male,31-45,Rural,1272,0,Old,0
Male,31-45,Rural,4172,2,Old,1
Male,31-45,Rural,4486,2,New,1
Female,18-30,Rural,4696,2,Old,1
Male,60+,Rural,3357,1,Used,0
Female,46-60,Suburban,3180,0,Used,1
Male,18-30,Suburban,2278,1,Used,1
Male,31-45,Urban,2519,4,New,1
Male,46-60,Urban,3424,2,New,1
Female,18-30,Rural,1088,4,Used,0
Female,31-45,Urban,772,3,Used,1
Male,60+,Suburban,3429,4,Old,0
Female,31-45,Rural,2534,4,Old,1
Female,31-45,Urban,2001,4,Old,1
Male,60+,Urban,2605,1,Old,1
Female,46-60,Suburban,4076,4,Used,0
Female,46-60,Rural,4982,2,Old,1
Female,31-45,Urban,4640,0,Used,0
Female,60+,Suburban,1781,3,Used,1
Female,31-45,Rural,1314,2,New,0
Male,46-60,Suburban,1769,0,Old,1
Male,46-60,Rural,4835,2,Used,0
Male,46-60,Rural,3984,4,New,1
Female,60+,Rural,1651,3,New,0
Male,18-30,Suburban,2237,2,Used,1
Female,46-60,Rural,4871,3,Used,1
Male,18-30,Urban,2965,1,Old,1
Female,60+,Rural,2754,1,Old,1
Female,46-60,Rural,2075,4,Used,0
Female,60+,Suburban,1332,4,Used,1
Male,60+,Rural,1869,1,New,1
Female,18-30,Urban,4402,2,New,1
Male,46-60,Urban,1067,0,New,1
Female,18-30,Rural,4755,0,New,1
Female,18-30,Suburban,4691,1,New,1
Male,46-60,Urban,4496,0,Old,0
Male,31-45,Suburban,3687,2,New,0
Female,60+,Rural,3783,0,Used,0
Female,31-45,Suburban,1098,0,Old,1
Female,18-30,Rural,543,1,New,1
Male,18-30,Rural,4029,3,New,0
Female,46-60,Suburban,2381,3,New,1
Female,46-60,Urban,4043,2,Used,1
Female,46-60,Rural,2383,3,New,0
Female,18-30,Rural,880,4,Used,1
Male,46-60,Rural,2662,1,Used,0
Male,60+,Urban,2158,3,New,0
Male,46-60,Urban,4983,0,New,1
Male,46-60,Rural,3392,3,Old,1
Female,46-60,Urban,3482,1,Old,1
Female,18-30,Suburban,1375,0,Old,1
Male,46-60,Suburban,4015,0,Used,1
Female,31-45,Suburban,527,1,New,0
Female,60+,Suburban,1135,2,Old,0
Female,31-45,Rural,2515,2,Used,0
Male,60+,Suburban,2624,1,Old,0
Male,31-45,Urban,1086,1,Old,1
Male,46-60,Rural,4122,1,New,0
Female,46-60,Urban,4829,0,New,1
Female,46-60,Suburban,3970,0,Used,0
Female,18-30,Rural,4924,1,New,1
Male,31-45,Rural,4214,0,Old,0
Male,18-30,Rural,3576,4,Used,0
Male,60+,Suburban,2895,1,Used,1
Male,18-30,Urban,4509,0,Used,1
Female,18-30,Rural,3970,2,Used,0
Female,46-60,Urban,1782,1,New,1
Male,60+,Suburban,890,1,Old,1
Male,60+,Suburban,2443,1,New,1
Female,31-45,Urban,2450,3,New,1
Female,46-60,Rural,3137,1,Used,0
Male,31-45,Urban,503,2,New,1
Male,60+,Rural,3190,0,New,1
Male,18-30,Rural,4604,1,Old,0
Female,31-45,Urban,4038,4,Used,1
Female,46-60,Rural,3247,0,New,0
Female,60+,Rural,2174,2,Used,0
Female,46-60,Rural,4034,3,Old,1
Female,60+,Suburban,1431,2,New,1
Male,60+,Rural,624,3,Old,1
Male,46-60,Urban,3365,0,Old,1
Male,60+,Suburban,758,3,Used,0
Male,60+,Rural,4168,0,Used,1
Male,60+,Suburban,3633,2,Used,1
Female,46-60,Urban,1471,2,New,1
Male,18-30,Suburban,4874,3,Used,1
Male,31-45,Suburban,1646,4,New,1
Male,31-45,Rural,2819,2,Old,0
Female,60+,Urban,4548,3,Used,1
Male,31-45,Urban,3840,1,Old,1
Female,31-45,Suburban,1392,0,Used,1
Male,18-30,Rural,3115,1,Old,0
Male,31-45,Suburban,4813,1,New,1
Female,46-60,Suburban,4123,1,Old,1
Male,31-45,Suburban,2706,3,New,1
Male,46-60,Rural,859,2,Used,1
Female,46-60,Suburban,1988,1,Used,0
Male,18-30,Rural,790,3,Used,1
Female,31-45,Urban,3526,2,New,1
Female,31-45,Suburban,2613,0,Used,1
Female,60+,Urban,2704,2,New,1
Female,18-30,Suburban,4358,2,New,1
Female,18-30,Urban,4047,1,Old,1
Male,31-45,Rural,2066,3,Used,0
Male,46-60,Suburban,2904,4,Old,1
Male,31-45,Suburban,979,0,New,1
Female,60+,Rural,1599,3,Old,1
Male,31-45,Urban,2735,1,Used,1
Female,46-60,Urban,4262,3,New,1
Male,46-60,Rural,975,4,Old,0
Female,60+,Urban,3877,0,Used,1
Female,18-30,Rural,1416,2,Used,0
Male,18-30,Urban,2709,0,Old,0
Male,46-60,Rural,2571,4,New,1
Male,60+,Rural,1859,0,Used,1
Female,18-30,Rural,1807,0,New,1
Male,31-45,Rural,2721,1,Used,0
Female,46-60,Urban,3321,2,New,1
Male,31-45,Suburban,4825,4,New,1
Female,31-45,Urban,1202,1,Used,1
Female,46-60,Rural,617,0,Old,0
Male,18-30,Suburban,2600,0,Old,1
Male,46-60,Suburban,3763,3,Old,0
Male,18-30,Urban,2460,1,New,1
Female,31-45,Rural,1271,4,Old,0
Female,18-30,Rural,3329,4,Old,1
Male,60+,Rural,4708,4,Used,0
Male,18-30,Rural,1787,4,New,0
Male,60+,Rural,1867,0,Old,1
Female,46-60,Suburban,4094,0,Used,1
Female,18-30,Urban,598,1,New,1
Male,31-45,Urban,1546,2,Used,1
Male,46-60,Urban,4834,4,Old,0
Female,18-30,Suburban,4303,0,New,1
Female,46-60,Suburban,4255,1,New,1
Male,18-30,Urban,4982,4,Old,1
Male,46-60,Suburban,1105,2,Used,1
Male,31-45,Suburban,2669,4,New,1
Female,31-45,Urban,1062,3,New,1
Male,60+,Suburban,4500,4,New,0
Female,31-45,Rural,519,3,Old,0
Male,18-30,Urban,4460,2,Used,1
Male,31-45,Urban,1823,3,Old,0
Male,18-30,Urban,4041,2,New,1
Male,60+,Urban,3657,1,Used,1
Male,31-45,Suburban,4240,3,Used,1
Male,18-30,Urban,2659,4,Old,0
Female,31-45,Rural,1814,4,Old,0
Female,18-30,Suburban,2926,1,New,1
Male,60+,Suburban,4453,0,Old,1
Female,31-45,Urban,1439,2,Old,1
Female,18-30,Suburban,737,0,Old,1
Female,18-30,Suburban,1143,0,Old,1
Female,60+,Suburban,684,1,Old,1
Male,18-30,Urban,2330,1,New,1
Male,18-30,Rural,2285,3,Used,0
Male,31-45,Urban,1948,3,Old,1
Male,31-45,Rural,1881,3,Used,1
Male,31-45,Suburban,861,3,Used,1
Female,31-45,Rural,1559,3,Old,1
Female,60+,Urban,1015,4,Old,1
Male,18-30,Urban,829,1,Used,1
Male,46-60,Urban,3641,2,New,1
Male,31-45,Suburban,4239,2,Used,1
Male,60+,Rural,792,2,New,0
Female,46-60,Urban,859,2,Used,0
Female,46-60,Urban,2109,2,Old,1
Female,46-60,Urban,3071,4,New,1
Female,31-45,Suburban,1860,1,Used,0
Male,60+,Urban,1123,3,New,1
Male,60+,Suburban,2065,3,Old,0
Male,18-30,Suburban,2420,3,New,1
Female,46-60,Urban,2011,1,Old,1
Male,31-45,Suburban,1074,1,Old,1
Male,18-30,Suburban,2501,4,New,1
Male,18-30,Urban,896,4,Old,0
Female,60+,Urban,3208,3,Old,1
Male,18-30,Rural,4997,1,Old,1
Female,46-60,Urban,2011,3,New,1
Female,18-30,Rural,2593,4,Old,0
Female,31-45,Rural,4749,3,Used,1
Male,18-30,Rural,4856,4,Old,1
Male,60+,Urban,3192,0,Used,1
Male,60+,Rural,2532,2,New,0
Female,18-30,Rural,1854,0,Used,1
Female,60+,Rural,3252,3,Old,1
Male,60+,Urban,1792,3,Old,1
Female,31-45,Urban,4235,1,Old,1
Female,31-45,Urban,4752,2,Old,1
Male,18-30,Urban,4239,4,Old,0
Male,46-60,Suburban,2976,3,Old,0
Female,31-45,Urban,2408,4,New,0
Male,60+,Rural,3399,4,Old,1
Male,60+,Urban,1775,4,Used,1
Female,60+,Suburban,4862,0,Used,1
Female,31-45,Suburban,558,4,Used,1
Female,18-30,Suburban,4423,1,New,0
Male,31-45,Urban,1116,0,Used,0
Male,31-45,Suburban,4171,0,Used,0
Female,18-30,Suburban,2718,3,Used,1
Female,60+,Suburban,2211,2,New,1
Male,46-60,Urban,1842,2,Used,1
Female,18-30,Suburban,1523,3,Used,0
Male,18-30,Suburban,1233,2,New,1
Female,46-60,Rural,897,4,Old,1
Male,31-45,Rural,3586,1,Used,1
Male,46-60,Rural,1468,4,Old,0
Male,31-45,Suburban,961,2,Used,1
Male,31-45,Rural,637,2,New,1
Female,46-60,Urban,1261,1,Old,0
Female,18-30,Rural,2697,0,New,1
Male,46-60,Urban,1362,0,Old,1
Male,46-60,Rural,1092,1,New,1
Male,46-60,Rural,2847,0,Old,1
Female,60+,Rural,1946,2,Old,1
Female,60+,Urban,1942,0,Old,1
Female,60+,Urban,3306,2,Used,1
Female,60+,Rural,3825,3,Old,1
Male,18-30,Urban,4256,4,Old,1
Female,18-30,Rural,1836,0,Used,1
Male,18-30,Suburban,1301,3,Used,0
Female,31-45,Suburban,2857,0,New,0
Female,31-45,Suburban,3757,3,New,1
Female,31-45,Urban,4439,1,Used,0
Female,18-30,Suburban,4579,3,Used,1
Female,46-60,Rural,3795,2,Used,0
Male,46-60,Rural,1095,1,Used,0
Male,31-45,Urban,2547,1,Used,1
Male,60+,Rural,526,2,New,0
Female,18-30,Suburban,2928,0,Used,1
Female,18-30,Rural,630,1,Used,1
Male,60+,Urban,3567,0,New,1
Female,60+,Rural,3851,4,Old,0
Female,31-45,Rural,2832,3,New,1
Male,46-60,Suburban,1236,3,New,1
Female,31-45,Urban,4347,2,Used,1
Female,46-60,Suburban,1798,2,Old,0
Male,60+,Rural,1591,3,New,0
Female,46-60,Urban,732,4,Old,1
Female,18-30,Rural,721,2,New,0
Male,31-45,Rural,952,4,Used,1
Male,31-45,Suburban,4899,2,New,1
Female,31-45,Rural,1435,1,New,0
Male,60+,Urban,1843,0,New,1
Female,31-45,Urban,2811,3,Old,1
Female,31-45,Suburban,864,0,Old,1
Female,31-45,Suburban,3289,3,Used,0
Female,31-45,Urban,1750,2,Old,1
Male,46-60,Suburban,955,0,Old,1
Male,18-30,Rural,2263,4,Old,1
Male,60+,Urban,4392,2,Used,1
Male,46-60,Suburban,4923,1,Used,0
Female,31-45,Urban,4232,0,Used,0
Male,60+,Rural,1318,0,Used,1
Female,46-60,Suburban,4592,1,New,0
Female,18-30,Urban,2465,3,Used,1
Female,31-45,Rural,3891,2,Used,1
Female,18-30,Suburban,1235,1,New,0
Female,18-30,Urban,4106,4,New,1
Male,31-45,Rural,1967,2,Old,1
Female,18-30,Rural,4014,1,Old,0
Male,18-30,Rural,4275,1,Used,1
Female,46-60,Rural,1319,0,Old,0
Female,60+,Rural,2214,0,New,0
Female,46-60,Suburban,1015,0,Old,1
Female,46-60,Rural,1928,2,Old,1
Female,31-45,Suburban,4090,3,Used,1
Male,46-60,Suburban,1343,2,New,0
Female,31-45,Urban,4630,0,New,1
Male,46-60,Urban,3973,0,Old,1
Male,18-30,Suburban,3635,2,Old,1
Male,46-60,Rural,3115,1,Old,0
Male,31-45,Rural,4824,1,Used,0
Male,46-60,Suburban,4479,0,Old,1
Female,31-45,Rural,1776,0,Old,0
Female,46-60,Suburban,2011,3,Used,1
Female,46-60,Urban,3462,1,New,1
Female,46-60,Rural,1394,3,Used,1
Male,31-45,Rural,1353,0,Old,1
Female,18-30,Rural,4935,0,Old,1
Female,18-30,Urban,2910,3,New,0
Female,31-45,Rural,679,3,Used,0
Male,46-60,Suburban,1088,0,Old,1
Male,60+,Rural,2545,4,New,0
Male,18-30,Suburban,3725,0,Old,1
Male,31-45,Rural,2899,1,New,1
Male,60+,Suburban,3536,0,Old,1
Female,31-45,Urban,1064,2,Old,1
Male,31-45,Rural,4553,0,New,0
Female,31-45,Urban,4964,4,New,1
Female,46-60,Urban,3206,1,Old,1
Female,46-60,Rural,4466,0,New,0
Male,60+,Rural,4954,3,Old,0
Female,46-60,Suburban,4426,1,Old,1
Female,46-60,Rural,2140,1,Used,1
Male,60+,Rural,2150,4,Old,1
Female,60+,Suburban,1002,3,Old,1
Male,46-60,Suburban,2905,2,New,1
Male,31-45,Rural,561,0,Used,0
Male,18-30,Rural,3949,2,New,1
Female,60+,Rural,3786,3,New,1
Female,46-60,Urban,2192,1,Old,1
Female,60+,Urban,856,4,Old,1
Male,31-45,Rural,1095,4,Old,0
Female,46-60,Suburban,2124,1,New,0
Female,31-45,Rural,1629,4,New,1
Male,46-60,Rural,2941,2,Old,0
Female,31-45,Urban,2530,1,New,1
Female,18-30,Rural,3672,0,Used,0
Male,60+,Rural,2331,0,Used,1
Male,31-45,Urban,4453,3,Used,0
Female,46-60,Urban,3801,1,New,1
Female,31-45,Suburban,3070,2,Used,1
Male,60+,Suburban,592,1,Old,1
Male,18-30,Suburban,2700,1,Old,1
Male,60+,Rural,4949,2,Old,1
Female,60+,Suburban,1378,4,Used,0
Male,18-30,Urban,2396,2,Used,1
Female,46-60,Suburban,1482,1,New,1
Male,18-30,Rural,3464,1,Old,1
Female,60+,Rural,3462,1,New,0
Male,60+,Suburban,1610,1,Used,1
Male,31-45,Rural,882,3,New,0
Female,18-30,Rural,4310,4,Old,0
Male,18-30,Rural,2047,1,New,0
Male,46-60,Suburban,3418,3,New,0
Female,46-60,Rural,2958,1,Used,0
Female,18-30,Suburban,3943,4,Used,0
Male,60+,Suburban,1606,4,Used,0
Male,46-60,Rural,930,2,Used,0
Female,46-60,Suburban,4043,3,Old,1
Female,46-60,Suburban,3933,4,Old,0
Female,46-60,Rural,2959,0,New,1
Female,18-30,Rural,2582,1,Old,0
Male,60+,Suburban,4227,4,New,1
Male,18-30,Urban,2622,3,Used,1
Male,46-60,Urban,3358,3,New,1
Female,18-30,Urban,783,3,New,1
Female,18-30,Urban,1226,2,Old,1
Male,60+,Suburban,2281,1,New,1
Female,60+,Rural,836,0,Old,1
Female,18-30,Urban,4102,3,New,1
Male,31-45,Rural,1085,1,Old,0
Male,31-45,Urban,2414,3,Used,1
Female,18-30,Urban,1066,3,Old,1
Male,18-30,Urban,2865,0,Used,1
Male,31-45,Rural,2151,1,Old,1
Female,31-45,Rural,1820,3,Used,1
Female,18-30,Urban,2290,2,Used,1
Female,31-45,Rural,3381,3,Old,0
Female,46-60,Urban,1454,1,Used,1
Male,60+,Suburban,2566,4,New,0
Female,60+,Rural,4451,3,New,0
Female,46-60,Urban,3361,2,Used,1
Male,18-30,Suburban,2737,2,Used,0
Male,60+,Suburban,562,3,Used,1
Male,18-30,Urban,1513,1,Old,1
Female,18-30,Suburban,2489,3,New,1
Female,46-60,Suburban,2402,2,Used,1
Male,31-45,Urban,2304,3,Used,1
Female,18-30,Suburban,3825,2,Old,1
Male,18-30,Suburban,4198,4,New,0
Female,31-45,Urban,1525,3,Used,1
Male,18-30,Urban,1377,0,New,1
Male,60+,Suburban,3857,3,Old,0
Male,46-60,Rural,631,2,New,0
Male,46-60,Urban,3152,1,Used,1
Male,31-45,Rural,1492,2,Used,1
Male,31-45,Urban,1570,4,New,1
Female,60+,Rural,2259,1,Old,0
Female,60+,Urban,3096,0,Old,1
Male,31-45,Suburban,3599,0,Old,1
Female,60+,Suburban,3449,4,Old,1
Female,18-30,Rural,1401,4,Used,0
Female,31-45,Rural,3984,4,New,0
Female,31-45,Urban,4937,4,Used,1
Male,46-60,Urban,565,3,New,0
Female,18-30,Rural,4264,2,New,0
Female,18-30,Rural,3641,3,Old,1
Female,31-45,Suburban,3293,1,Old,1
Male,60+,Rural,3832,0,New,0
Male,60+,Suburban,3079,0,New,1
Female,18-30,Rural,1919,1,New,1
Female,60+,Suburban,4953,0,Used,1
Female,18-30,Suburban,1915,4,New,1
Female,60+,Suburban,875,4,Used,1
Female,60+,Urban,677,4,New,1
Male,46-60,Suburban,734,1,Old,1
Male,60+,Rural,3412,2,New,1
Female,18-30,Rural,1261,1,New,0
Female,46-60,Rural,4378,2,Used,1
Female,46-60,Urban,1782,0,New,1
Male,60+,Suburban,1763,0,Used,1
Male,18-30,Urban,4074,0,Used,1
Female,60+,Suburban,4113,2,Old,1
Male,31-45,Rural,4946,0,Old,1
Female,46-60,Suburban,3883,1,Old,0
Male,60+,Urban,3509,2,Old,1
Male,46-60,Urban,2122,4,Used,1
Male,31-45,Urban,3378,2,New,0
Male,46-60,Urban,529,1,Used,0
Male,46-60,Rural,808,1,Old,1
Male,60+,Urban,2009,1,New,1
Female,46-60,Urban,2593,0,Used,1
Female,31-45,Urban,3930,4,New,1
Female,31-45,Rural,636,4,Used,1
Female,60+,Suburban,1274,3,New,1
Female,18-30,Rural,2098,1,New,0
Female,46-60,Rural,1954,0,Old,1
Female,18-30,Rural,3103,2,Old,1
Female,31-45,Suburban,2980,0,New,1
Female,18-30,Urban,1346,1,New,1
Male,46-60,Rural,706,0,Old,0
Female,46-60,Urban,2993,1,Used,1
Female,31-45,Urban,3630,2,New,1
Male,60+,Suburban,1729,2,Used,1
Female,60+,Suburban,3296,4,Old,1
Female,60+,Rural,3729,3,New,1
Male,46-60,Suburban,1627,0,Used,1
Male,46-60,Suburban,1702,3,Old,1
Male,46-60,Suburban,2905,0,New,1
Female,60+,Urban,1787,4,Used,1
Female,60+,Suburban,1048,4,New,1
Female,60+,Rural,4445,2,Used,0
Female,60+,Suburban,4429,2,Used,1
Female,60+,Rural,1887,2,New,1
Female,31-45,Rural,1773,0,Old,1
Female,31-45,Suburban,3763,3,New,0
Female,31-45,Urban,1306,3,Old,1
Female,60+,Rural,2427,2,Used,1
Female,46-60,Rural,3633,4,Used,0
Male,31-45,Rural,4481,3,Used,0
Female,18-30,Suburban,2599,4,Old,1
Male,46-60,Rural,2245,2,Used,1
Female,60+,Suburban,4908,0,New,1
Male,46-60,Rural,4488,1,Used,0
Female,31-45,Urban,4983,3,Old,1
Female,31-45,Rural,1725,2,Old,1
Male,46-60,Suburban,2566,2,New,0
Male,46-60,Suburban,594,3,New,1
Male,60+,Rural,629,1,Old,0
Male,60+,Suburban,3768,0,Old,0
Male,18-30,Urban,2453,3,New,0
Male,31-45,Suburban,2807,0,New,1
Female,31-45,Rural,1486,2,New,0
Female,18-30,Urban,3610,3,New,1
Male,31-45,Suburban,4072,0,Old,1
Female,46-60,Rural,1316,4,Used,1
Female,46-60,Suburban,3100,4,Old,1
Male,46-60,Rural,2669,4,New,0
Female,60+,Suburban,2279,0,Old,0
Female,31-45,Suburban,1256,4,New,0
Male,60+,Urban,1667,2,Old,0
Male,18-30,Urban,3094,0,New,1
Female,60+,Suburban,3604,2,New,1
Female,18-30,Rural,905,1,Old,1
Male,18-30,Rural,2352,0,New,0
Male,31-45,Suburban,2911,4,Used,0
Female,60+,Suburban,3527,4,New,1
Female,31-45,Urban,4587,1,New,1
Male,60+,Suburban,662,3,New,1
Male,31-45,Suburban,3311,1,Used,0
Female,46-60,Rural,630,4,Old,1
Male,31-45,Urban,3667,4,Used,0
Male,18-30,Urban,3200,3,Used,1
Female,60+,Suburban,3555,1,Used,1
Male,46-60,Urban,2817,2,Old,1
Male,60+,Rural,3451,1,New,0
Male,18-30,Suburban,2912,2,Used,0
Male,46-60,Suburban,2433,4,New,0
Male,31-45,Rural,4005,4,Used,0
Male,46-60,Urban,3158,1,Used,1
Female,46-60,Urban,3632,4,Used,1
Male,31-45,Rural,3479,3,Used,0
Male,60+,Rural,1846,0,Used,1
Female,31-45,Rural,4300,2,Used,1
Female,60+,Rural,3136,4,Old,0
Female,60+,Urban,544,2,New,1
Male,60+,Urban,846,1,New,1
Female,31-45,Rural,4293,3,Old,0
Female,31-45,Rural,2916,2,Used,0
Female,18-30,Suburban,4953,4,Old,0
Male,46-60,Suburban,3042,0,Old,1
Female,60+,Urban,559,3,Old,0
Male,46-60,Suburban,2845,1,New,1
Male,31-45,Suburban,4826,4,Old,0
Female,31-45,Suburban,3344,3,Used,1
Male,18-30,Urban,4266,4,Old,0
Male,31-45,Suburban,947,1,New,0
Male,46-60,Rural,2915,1,New,1
Male,18-30,Urban,4578,0,Used,0
Male,18-30,Suburban,3535,3,Old,1
Female,31-45,Urban,2824,0,Used,1
Male,18-30,Suburban,4557,0,Old,1
Male,18-30,Urban,537,0,Used,0
Male,46-60,Rural,1730,2,Used,1
Male,46-60,Suburban,788,1,Used,1
Female,18-30,Suburban,2881,0,New,0
Female,46-60,Urban,703,2,New,0
Male,18-30,Rural,1543,2,Old,0
Male,18-30,Suburban,2120,2,New,0
Female,31-45,Rural,3459,0,Used,1
Male,18-30,Suburban,2943,2,New,0
Male,46-60,Rural,4336,0,New,0
Female,31-45,Suburban,3623,3,Old,1
Female,60+,Urban,4231,1,Used,1
Male,18-30,Urban,3757,4,New,0
Female,31-45,Rural,4256,0,New,0
Male,18-30,Suburban,4948,1,Old,1
Male,18-30,Suburban,1637,0,Old,1
Male,18-30,Rural,3061,3,Used,0
Male,18-30,Suburban,1045,1,Old,1
Female,18-30,Urban,4877,1,Used,0
Female,18-30,Suburban,1172,2,Used,1
Female,31-45,Urban,1259,0,New,1
Male,46-60,Rural,1844,0,New,1
Female,31-45,Suburban,1019,4,New,1
Male,18-30,Rural,4705,2,New,1
Female,46-60,Urban,4115,2,New,1
Male,60+,Rural,2101,4,Used,1
Male,60+,Rural,4114,2,New,0
Female,46-60,Suburban,2322,2,New,1
Male,46-60,Rural,2524,3,New,0
Male,18-30,Rural,1684,1,Used,0
Female,46-60,Suburban,4273,4,Old,1
Female,60+,Rural,879,3,Old,0
Male,46-60,Urban,2627,3,New,0
Male,46-60,Suburban,1794,3,Old,0
Male,46-60,Urban,1115,2,Used,1
Male,46-60,Suburban,935,4,New,1
Female,18-30,Rural,3649,2,Used,0
Female,46-60,Urban,2047,2,Used,1
Male,46-60,Urban,1634,3,New,1
Male,31-45,Urban,951,0,Used,1
Male,31-45,Rural,4855,4,New,0
Male,18-30,Urban,3205,4,Used,1
Female,60+,Urban,1211,3,Old,1
Female,31-45,Rural,4189,3,Old,1
Female,18-30,Rural,2478,1,Old,1
Female,18-30,Rural,4460,3,Used,1
Male,60+,Urban,4297,2,New,1
Male,60+,Urban,3199,3,Old,1
Male,18-30,Urban,666,4,New,1
Female,46-60,Suburban,2619,0,Old,1
Female,31-45,Urban,3046,0,Old,0
Female,46-60,Urban,1608,2,Used,0
Female,31-45,Suburban,2340,0,Old,1
Male,46-60,Suburban,3438,3,New,1
Male,46-60,Urban,3354,0,New,1
Female,31-45,Suburban,3714,3,Old,1
Female,60+,Urban,1390,1,New,0
Male,18-30,Rural,1834,4,New,1
Male,60+,Rural,3940,2,New,1
Male,60+,Rural,2219,1,New,1
Male,31-45,Rural,3360,0,New,0
Male,46-60,Suburban,1470,2,Old,0
Female,46-60,Urban,4012,3,New,1
Male,31-45,Suburban,566,1,New,1
Male,60+,Rural,4345,4,Old,1
Female,31-45,Rural,1337,4,Used,0
Male,31-45,Urban,1426,1,New,1
Male,18-30,Suburban,4105,1,Used,1
Female,46-60,Rural,840,1,Used,0
Female,31-45,Suburban,4249,0,Old,0
Female,60+,Urban,601,4,Used,1
Female,18-30,Urban,3885,4,Used,1
Female,46-60,Suburban,1633,0,Used,0
Female,18-30,Urban,2889,2,Old,0
Male,46-60,Suburban,1327,4,New,0
Male,31-45,Suburban,3226,2,Old,1
Male,46-60,Suburban,2681,2,Old,0
Male,18-30,Rural,884,2,Old,1
Female,18-30,Rural,1097,4,New,1
Female,60+,Suburban,508,3,Used,1
Female,18-30,Urban,4731,2,New,1
Male,60+,Urban,1813,3,Used,1
Female,46-60,Rural,1478,0,New,1
Male,46-60,Suburban,4223,3,Old,1
Female,46-60,Rural,2590,3,Old,1
Male,60+,Suburban,3676,1,Used,0
Female,46-60,Urban,2347,2,Old,1
Female,18-30,Urban,3602,4,Old,1
Male,31-45,Rural,4253,1,New,0
Female,31-45,Urban,4244,3,Used,0
Female,18-30,Suburban,2288,0,New,1
Male,46-60,Urban,1742,4,New,0
Male,60+,Urban,2507,0,Old,1
Female,31-45,Rural,612,3,New,1
Female,46-60,Suburban,4266,0,Used,0
Female,46-60,Rural,3831,1,Old,0
Female,31-45,Rural,4042,0,Used,1
Female,46-60,Urban,1863,1,Used,1
Female,31-45,Suburban,3419,2,Used,0
Male,18-30,Suburban,4495,4,Used,0
Female,31-45,Rural,2793,0,New,1
Male,60+,Rural,3875,1,Old,1
Male,46-60,Urban,4459,3,New,0
Female,60+,Suburban,3932,3,Old,1
Male,18-30,Suburban,1849,1,New,1
Female,31-45,Urban,807,4,Old,1
Male,31-45,Rural,1846,2,Used,1
Female,31-45,Suburban,1366,2,Used,0
Male,46-60,Urban,2012,4,New,0
Female,31-45,Rural,2783,0,New,1
Male,46-60,Urban,4524,1,Used,1
Male,60+,Suburban,4278,2,New,0
Male,31-45,Rural,1367,4,New,1
Male,46-60,Urban,1882,2,Old,1
Male,46-60,Urban,4114,2,Old,1
Male,31-45,Urban,2572,0,Old,1
Female,60+,Suburban,3362,2,New,1
Female,18-30,Suburban,1483,1,Used,0
Male,60+,Suburban,1524,4,Used,0
Male,31-45,Urban,2905,0,Used,1
Male,46-60,Suburban,617,0,Used,1
Female,31-45,Urban,3026,4,Old,1
Male,60+,Urban,2660,1,Old,1
Male,46-60,Urban,1718,2,New,0
Male,18-30,Rural,1543,2,Used,1
Female,31-45,Urban,3005,1,New,1
Male,60+,Suburban,4314,3,Used,1
Female,60+,Urban,4019,4,Used,1
Male,31-45,Suburban,3187,1,New,0
Male,31-45,Rural,3656,2,Old,0
Female,18-30,Rural,1075,4,New,1
Male,46-60,Urban,3845,4,New,1
Male,60+,Suburban,3347,2,Used,0
Male,60+,Rural,902,1,Old,0
Female,46-60,Rural,752,3,New,0
Female,46-60,Rural,2129,4,Old,1
Male,18-30,Suburban,3209,4,Old,1
Male,60+,Urban,3831,4,Old,1
Female,46-60,Urban,4543,1,Old,1
Female,46-60,Rural,3159,4,Used,1
Male,46-60,Urban,1478,2,Used,0
Male,60+,Rural,4316,2,Used,0
Male,60+,Suburban,3226,0,Used,1
Female,18-30,Urban,1068,4,Used,1
Female,46-60,Suburban,4605,3,New,1
Female,18-30,Urban,4752,0,Old,1
Female,60+,Suburban,3272,4,Used,0
Male,46-60,Suburban,4736,4,Old,0
Female,31-45,Urban,4554,1,Used,1
Female,18-30,Rural,3186,1,Used,1
Female,18-30,Rural,4498,2,New,0
Male,60+,Suburban,636,0,Old,1
Male,46-60,Suburban,1923,0,Used,1
Male,60+,Rural,1965,0,Used,0
Male,60+,Urban,3838,2,New,1
Female,46-60,Urban,4332,3,Old,1
Female,46-60,Suburban,2036,3,Old,0
Male,31-45,Urban,2824,3,Used,1
Male,31-45,Suburban,4255,0,New,1
Male,60+,Urban,1879,4,New,0
Female,46-60,Suburban,1432,0,Used,1
Female,46-60,Urban,4345,4,Old,1
Female,60+,Suburban,1567,1,Used,0
Female,60+,Rural,3438,2,Old,0
Male,31-45,Rural,710,3,New,0
Male,18-30,Rural,2890,0,Used,1
Female,31-45,Rural,3306,0,Used,1
Female,46-60,Suburban,731,1,Used,1
Male,18-30,Urban,1303,4,Old,0
Male,60+,Suburban,1693,3,Old,0
Male,18-30,Suburban,3975,2,New,1
Female,18-30,Suburban,733,4,Old,1
Male,60+,Urban,3067,4,Old,1
Female,60+,Suburban,2647,3,Used,1
Male,18-30,Rural,2855,2,New,1
Female,60+,Rural,3350,3,New,1
Male,46-60,Suburban,2223,3,Used,1
Male,31-45,Rural,4982,0,Old,0
Male,46-60,Rural,1646,2,Old,1
Male,60+,Urban,631,4,Used,0
Male,46-60,Suburban,2609,3,Used,1
Male,31-45,Suburban,1331,1,Old,1
Female,46-60,Rural,4261,2,New,1
Male,46-60,Suburban,1231,1,Used,1
Female,31-45,Suburban,902,4,Old,1
Male,46-60,Rural,2117,2,Used,1
Male,31-45,Rural,4609,0,New,1
Male,31-45,Suburban,769,2,New,0
Male,31-45,Urban,1654,4,Old,1
Female,60+,Rural,2848,0,New,0
Male,18-30,Suburban,3251,4,Used,1
Male,60+,Rural,2483,2,New,0
Male,60+,Suburban,2663,4,Old,0
Female,46-60,Suburban,2783,2,Used,0
Female,60+,Urban,4663,0,New,1
Male,46-60,Rural,3290,2,New,0
Male,18-30,Urban,4562,4,New,1
Male,46-60,Rural,4986,4,Old,1
Male,60+,Urban,2651,4,Old,1
Female,60+,Rural,3161,1,New,1
Female,18-30,Urban,1272,1,Used,0
Female,31-45,Urban,2466,1,New,1
Female,18-30,Rural,2851,3,Used,1
Female,31-45,Urban,2926,2,Used,1
Female,60+,Urban,3746,1,Old,1
Male,60+,Rural,3976,4,New,1
Male,60+,Rural,4683,4,Old,1
Male,18-30,Suburban,3177,1,New,0
Female,31-45,Rural,3424,1,Used,0
Male,31-45,Suburban,4392,4,Old,1
Female,31-45,Urban,3279,1,Old,0
Male,31-45,Rural,2962,3,Old,0
Female,31-45,Suburban,954,3,Used,1
Male,60+,Rural,4134,3,Old,1
Male,60+,Suburban,3746,0,New,0
Female,46-60,Suburban,4804,3,New,1
Male,46-60,Rural,3884,4,Used,0
Female,31-45,Urban,2918,0,Old,1
Male,60+,Urban,3350,4,New,1
Male,31-45,Suburban,2633,4,Old,1
Male,18-30,Suburban,3368,1,New,0
Male,60+,Urban,3837,2,Used,1
Male,46-60,Rural,2221,3,New,0
Female,46-60,Rural,2526,2,New,1
Female,46-60,Urban,1686,2,New,0
Female,46-60,Urban,1650,1,Used,1
Male,18-30,Urban,3374,2,New,1
Female,31-45,Suburban,4712,3,Used,0
Female,46-60,Urban,1929,0,Used,1
Male,60+,Urban,1148,4,New,1
Male,60+,Urban,855,3,Old,1
Male,46-60,Urban,3323,1,New,1
Female,31-45,Rural,3885,0,Used,1
Female,60+,Rural,4466,1,Old,0
Male,60+,Urban,4434,3,New,1
Female,31-45,Suburban,4434,4,New,1
Female,46-60,Suburban,1691,2,New,1
Female,60+,Rural,3983,2,New,1
Female,18-30,Suburban,4664,1,New,1
Male,31-45,Suburban,766,0,Old,1
Male,46-60,Rural,2380,4,New,0
Male,31-45,Urban,2048,1,Used,1
Female,60+,Urban,881,4,Used,1
Male,46-60,Rural,2135,1,Old,1
Male,46-60,Urban,4969,0,Used,1
Female,18-30,Urban,1184,3,Old,1
Male,18-30,Rural,2784,2,Used,0
Female,46-60,Rural,4158,4,Old,1
Male,18-30,Rural,2872,4,New,0
Female,46-60,Suburban,3137,0,Used,1
Male,18-30,Rural,2451,4,Used,1
Male,31-45,Rural,1945,3,Old,1
Male,18-30,Rural,520,3,Old,0
Female,60+,Rural,4900,0,Old,1
Female,46-60,Urban,3924,1,Used,1
Male,18-30,Rural,1509,1,Old,0
Female,46-60,Rural,1581,4,New,1
Female,46-60,Suburban,3148,4,Old,1
Female,60+,Suburban,4919,0,New,1
Male,46-60,Urban,2963,3,New,1
Male,18-30,Rural,4256,0,Old,1
Male,18-30,Rural,2952,1,New,0
Female,31-45,Rural,4494,3,New,0
Male,60+,Suburban,4467,4,New,1
Male,31-45,Urban,4241,1,Old,1
Male,18-30,Suburban,4413,2,Old,1
Male,18-30,Rural,4296,1,New,1
Male,60+,Suburban,884,3,Used,0
Male,46-60,Rural,4604,3,New,0
Female,60+,Rural,3062,0,Old,1
Male,31-45,Rural,2717,3,New,1
Male,18-30,Urban,646,2,New,0
Male,18-30,Suburban,4089,2,Old,1
Female,46-60,Rural,2426,3,Old,0
Male,46-60,Rural,4254,4,Used,1
Female,31-45,Urban,579,3,New,1
Female,46-60,Urban,4037,4,New,1
Female,31-45,Rural,2259,3,New,1
Male,60+,Rural,1477,1,Used,1
Female,31-45,Rural,3304,3,Used,0
Male,46-60,Rural,2085,1,New,1
Male,60+,Urban,4890,4,Old,1
Female,18-30,Suburban,1653,3,New,1
Female,46-60,Urban,1112,4,New,1
Male,31-45,Urban,3430,2,New,1
Male,31-45,Suburban,2310,0,Old,0
Female,60+,Rural,4078,4,Used,0
Male,31-45,Rural,4664,1,Used,0
Male,46-60,Suburban,3456,0,New,1
Female,46-60,Urban,3706,3,New,1
Male,18-30,Rural,1329,1,New,1
Male,31-45,Suburban,1473,0,Old,0
Male,18-30,Suburban,3916,0,New,1
Male,31-45,Suburban,1229,4,Old,0
Female,46-60,Rural,1400,3,New,1
Male,60+,Suburban,1159,3,New,0
Female,18-30,Urban,1260,3,New,1
Female,60+,Urban,831,4,Used,1
Male,46-60,Suburban,1458,4,New,1
Male,60+,Suburban,3991,3,New,1
Male,31-45,Suburban,2258,0,New,1
Male,31-45,Urban,4908,3,New,1
Female,31-45,Rural,2355,4,Old,0
Male,31-45,Urban,3709,3,Old,1
Female,31-45,Suburban,854,4,New,1
Male,18-30,Rural,2772,3,Old,0
Male,46-60,Rural,4694,0,New,1
Female,60+,Suburban,2938,0,New,0
Female,60+,Suburban,3662,4,Old,0
Female,31-45,Urban,4380,4,Old,1
Female,18-30,Urban,703,1,New,1
Female,46-60,Urban,4465,2,Used,1
Male,46-60,Suburban,2273,1,New,1
Female,31-45,Rural,1108,4,New,1
Female,60+,Urban,3180,4,Used,1
Male,46-60,Suburban,1640,3,Old,0
Male,46-60,Rural,4661,1,Used,0
Female,60+,Suburban,2678,2,New,1
Male,31-45,Suburban,1238,1,Old,0
Male,46-60,Suburban,3200,0,Used,1
Male,31-45,Urban,4223,0,Used,0
Male,31-45,Suburban,1157,1,New,1
Male,46-60,Suburban,3226,1,Used,1
Male,46-60,Suburban,1609,4,New,1
Female,46-60,Urban,3712,3,Old,1
Female,46-60,Suburban,2664,0,Used,1
Male,60+,Suburban,646,2,Old,0
Female,46-60,Urban,4555,3,Old,1
Female,18-30,Suburban,3729,1,New,1
Male,31-45,Rural,3118,0,Used,1
Male,46-60,Suburban,4100,1,Old,1
Male,60+,Suburban,3875,0,Used,1
Male,46-60,Urban,4138,2,Used,0
Female,60+,Urban,2817,3,Used,1
Male,31-45,Urban,1421,2,Used,1
Female,46-60,Urban,4039,2,Old,1
Male,18-30,Rural,4390,3,Used,0
Female,46-60,Suburban,4837,3,New,1
Male,18-30,Suburban,4529,2,New,1
Male,46-60,Rural,3478,1,Used,0
Male,60+,Urban,1587,3,Used,1
Male,31-45,Suburban,3666,2,New,1
Female,46-60,Rural,2596,2,Used,1
Male,60+,Suburban,2692,2,Old,0
Female,60+,Rural,1416,1,Used,1
Female,31-45,Rural,4993,4,Used,0
Male,31-45,Suburban,927,4,Old,1
Male,31-45,Urban,3588,3,Used,0
Female,31-45,Urban,4676,4,Old,1
Male,46-60,Rural,2731,0,Old,0
Female,31-45,Urban,1208,3,New,1
Male,46-60,Suburban,4163,3,New,0
Male,18-30,Rural,2481,2,Used,0
Male,46-60,Suburban,1888,0,New,1
Female,31-45,Suburban,702,4,Used,0
Male,31-45,Urban,3802,3,Used,1
Female,60+,Suburban,4601,0,New,1
Male,46-60,Rural,2904,1,New,0
Female,18-30,Rural,4020,1,Used,1
Male,60+,Suburban,3717,2,Used,1
Female,18-30,Suburban,2602,0,Used,1
Male,18-30,Rural,646,3,Old,1
Female,46-60,Urban,1479,1,Used,1
Female,46-60,Urban,1235,1,Used,1
Female,31-45,Urban,1194,4,Used,1
Female,31-45,Suburban,1353,4,New,1
Female,46-60,Suburban,747,0,New,1
Female,60+,Rural,2679,4,Old,0
Male,46-60,Rural,2803,0,Used,1
Male,60+,Rural,1909,3,Used,1
Male,60+,Rural,3052,3,Used,0
Female,60+,Urban,4271,3,Used,1
Male,46-60,Suburban,2963,4,Used,0
Female,18-30,Suburban,4237,4,Used,1
Female,31-45,Urban,1485,2,New,1
Male,31-45,Rural,4554,1,Old,1
Male,60+,Rural,3634,3,New,0
Male,46-60,Suburban,4500,4,New,1
Female,31-45,Rural,2432,1,New,1
Male,46-60,Suburban,1920,3,Old,0
Female,46-60,Urban,622,3,Used,1
Female,60+,Suburban,2817,1,Old,1
Female,31-45,Urban,1185,1,New,1
Male,46-60,Rural,2161,4,New,0
Male,46-60,Suburban,2420,1,New,1
Male,18-30,Rural,3375,1,New,1
Male,60+,Rural,4132,4,Used,0
Female,31-45,Rural,4931,3,New,1
Female,18-30,Suburban,4400,1,New,1
Female,46-60,Rural,2663,2,Used,0
Female,60+,Suburban,3338,0,New,1
Male,46-60,Rural,3960,1,Used,0
Male,31-45,Urban,2419,1,Old,0
Female,31-45,Suburban,2597,0,Used,0
Male,46-60,Urban,1671,2,New,1
Female,31-45,Urban,1054,3,Used,1
Female,31-45,Suburban,3707,2,New,1
Male,46-60,Suburban,3789,0,New,1
Female,60+,Suburban,4508,1,Old,1
Male,31-45,Rural,2316,3,New,0
Male,31-45,Rural,2377,2,New,0
Female,46-60,Urban,688,2,New,1
Male,31-45,Suburban,1940,3,Used,1
Male,46-60,Urban,1720,2,New,0
Female,31-45,Rural,3097,0,New,0
Male,31-45,Urban,3368,3,New,1
Male,60+,Urban,2561,0,Old,1
Male,60+,Suburban,3407,3,Old,0
Male,60+,Suburban,2215,0,Used,1
Male,60+,Urban,4035,1,Old,1
Male,31-45,Rural,1111,1,Old,1
Female,31-45,Urban,3009,2,Used,1
Male,46-60,Rural,3425,3,Old,1
Female,46-60,Urban,783,3,New,0
Female,31-45,Urban,3170,0,New,1
Female,31-45,Suburban,4594,2,New,1
Female,60+,Urban,2127,2,Old,1
Female,60+,Rural,2111,3,Used,1
Female,46-60,Urban,1216,1,Old,1
Male,31-45,Urban,1181,3,Used,0
Male,60+,Rural,3939,3,New,1
Female,60+,Urban,4756,4,Used,1
Female,31-45,Urban,4769,0,New,1
Female,60+,Urban,2022,0,Old,1
Male,46-60,Urban,1859,4,Old,1
Male,46-60,Rural,2573,2,Used,1
Female,60+,Rural,2289,0,Old,1
Female,60+,Rural,4075,2,Used,1
Female,60+,Rural,3870,1,Old,1
Female,46-60,Urban,2984,2,Old,1
Female,46-60,Rural,2318,0,Old,0
Female,60+,Urban,2558,2,Used,1
Male,31-45,Suburban,3166,1,Used,0
Male,60+,Urban,1933,4,Used,1
Male,31-45,Urban,3905,0,Old,1
Female,46-60,Rural,3884,1,New,1
Male,60+,Rural,3572,3,Used,1
Male,18-30,Rural,1022,4,New,0
Female,60+,Suburban,2193,4,Used,1
Female,60+,Urban,4683,0,Used,1
Female,46-60,Suburban,2789,1,New,1
Female,31-45,Urban,1655,3,New,0
Female,18-30,Urban,1097,1,Old,1
Male,31-45,Suburban,2145,2,New,1
Male,31-45,Suburban,2658,0,Used,1
Female,46-60,Urban,2836,2,New,1
Female,60+,Suburban,2357,2,New,1
Male,60+,Rural,2214,4,New,0
Male,46-60,Urban,4238,4,New,1
Male,46-60,Rural,3284,2,Old,1
Female,31-45,Suburban,3676,1,Used,0
Female,18-30,Rural,702,0,Used,0
Female,31-45,Suburban,3398,0,Used,1
Female,60+,Rural,4072,1,Old,1
Male,31-45,Suburban,1764,2,New,1
Male,60+,Urban,2959,0,Used,1
Female,31-45,Urban,1737,4,Used,1
Male,46-60,Urban,2054,3,New,1
Female,46-60,Urban,4242,4,Used,1
Male,60+,Suburban,552,1,New,1
Female,31-45,Rural,4082,3,Old,1
Female,18-30,Urban,3659,0,Used,0
Male,31-45,Suburban,1171,0,Used,1
Male,60+,Suburban,4604,3,New,1
Male,60+,Urban,1190,0,Old,1
Male,31-45,Urban,582,3,Used,1
Male,31-45,Suburban,4820,2,New,0
Female,46-60,Rural,4068,1,Old,1
Female,18-30,Suburban,2977,4,New,1
Female,46-60,Urban,1951,3,Used,1
Male,31-45,Urban,2520,3,Used,0
Female,46-60,Urban,2625,2,Used,1
Male,31-45,Rural,1675,4,New,1
Male,46-60,Rural,1579,2,Old,1
Male,31-45,Rural,2904,2,Used,1
Female,60+,Suburban,1782,1,Used,1
Female,46-60,Suburban,1034,0,New,1
Male,31-45,Rural,4348,4,Used,1
Female,46-60,Rural,2953,2,New,1
Female,31-45,Urban,2662,0,Used,1
Male,31-45,Urban,2326,0,Old,1
Male,31-45,Suburban,4498,0,Used,1
Female,31-45,Rural,4192,0,New,1
Female,46-60,Rural,2339,1,Used,1
Male,60+,Suburban,4559,1,New,0
Female,31-45,Rural,830,2,New,1
Female,18-30,Urban,3272,0,New,1
Female,46-60,Rural,2027,2,Old,0
Male,31-45,Suburban,4683,3,Old,1
Male,60+,Suburban,1073,1,Used,0
Male,60+,Rural,4195,1,New,1
Female,31-45,Suburban,1023,4,Old,1
Male,31-45,Urban,1671,3,New,1
Male,18-30,Urban,3053,1,Used,0
Female,46-60,Urban,4679,0,New,1
Female,31-45,Rural,1921,0,Old,1
Female,18-30,Suburban,2731,0,Old,0
Female,46-60,Urban,2716,2,New,1
Male,18-30,Suburban,2655,1,New,1
Male,60+,Suburban,1351,2,New,1
Female,18-30,Suburban,1679,1,New,1
Male,46-60,Urban,4095,4,New,0
Male,60+,Suburban,4867,2,New,0
Female,31-45,Urban,2359,1,Used,1
Female,18-30,Urban,1237,4,Used,1
Female,60+,Urban,3312,1,Old,0
Male,46-60,Rural,3292,3,New,1
Male,18-30,Suburban,3318,2,Used,1
Male,31-45,Rural,2663,0,New,1
Male,18-30,Rural,3576,4,Old,0
Male,18-30,Rural,4661,4,Used,1
Male,46-60,Rural,1026,0,New,0
Female,31-45,Urban,948,4,New,1
Female,46-60,Urban,3720,0,New,1
Female,18-30,Suburban,4661,0,New,1
Female,46-60,Suburban,2351,1,New,1
Male,46-60,Urban,619,2,New,1
Female,18-30,Suburban,4984,3,Old,1
Female,60+,Suburban,4882,4,New,1
Female,60+,Rural,3347,1,New,0
Female,46-60,Rural,2290,3,Used,0
Male,60+,Rural,3517,3,New,0
Male,60+,Rural,850,4,New,1
Male,46-60,Rural,2702,4,Used,1
Female,18-30,Urban,3832,1,Used,1
Female,46-60,Rural,2052,4,New,0
Male,18-30,Rural,2750,3,Old,1
Female,60+,Urban,3737,4,Used,1
Female,60+,Rural,4009,1,Used,1
Male,46-60,Suburban,547,1,New,1
Female,60+,Urban,2776,1,Used,1
Female,31-45,Suburban,4296,4,New,1
Female,60+,Suburban,4524,2,Old,1
Female,60+,Urban,3684,1,Old,1
Female,18-30,Urban,2392,2,New,1
Female,46-60,Rural,1397,0,Old,1
Female,31-45,Urban,2238,1,New,1
Female,31-45,Urban,1468,2,Used,1
Female,18-30,Rural,3502,2,Used,0
Female,18-30,Rural,3660,3,New,1
Male,60+,Urban,4606,2,New,1
Male,18-30,Rural,3598,3,Used,0
Male,18-30,Rural,3003,2,New,0
Male,18-30,Rural,1970,2,Used,1
Female,60+,Suburban,3999,0,New,1
Male,46-60,Rural,4252,2,Used,1
Male,46-60,Suburban,4130,4,Old,1
Male,60+,Urban,3138,4,Old,0
Male,60+,Suburban,3061,4,Used,1
Male,31-45,Suburban,4994,0,Used,1
Female,46-60,Suburban,4103,2,Used,1
Male,60+,Suburban,886,0,Used,1
Female,46-60,Suburban,4173,2,Used,0
Female,60+,Suburban,637,3,Old,0
Female,60+,Urban,4251,0,Used,1
Female,31-45,Urban,3200,4,New,1
Male,60+,Urban,799,4,Old,1
Female,60+,Suburban,531,4,Used,1
Female,60+,Rural,3004,2,New,0
Female,31-45,Suburban,1041,2,Old,1
Male,18-30,Urban,3956,0,New,0
Female,46-60,Suburban,3903,1,Used,1
Male,18-30,Urban,2591,2,New,1
Male,46-60,Rural,1046,1,New,1
Female,31-45,Rural,1483,1,Old,0
Female,46-60,Urban,4640,2,New,0
Female,46-60,Urban,879,0,New,1
Female,46-60,Suburban,996,1,Old,1
Male,31-45,Suburban,2415,0,Used,1
Female,46-60,Suburban,2685,0,New,1
Male,18-30,Rural,684,2,Used,0
Male,18-30,Rural,988,1,Old,0
Male,60+,Rural,2565,0,Used,1
Male,60+,Suburban,2220,1,New,0
Female,18-30,Urban,670,0,New,1
Male,31-45,Urban,899,2,Used,1
Male,60+,Suburban,4092,0,Used,1
Female,60+,Suburban,4152,2,New,0
Female,31-45,Urban,738,2,Old,1
Female,60+,Urban,1840,1,New,1
Female,60+,Rural,4915,1,New,0
Male,18-30,Suburban,4121,1,Used,0
Male,18-30,Rural,3069,3,New,1
Male,31-45,Rural,3075,1,Used,1
Male,31-45,Urban,1848,1,Old,0
Male,18-30,Suburban,2589,0,New,0
Male,18-30,Urban,733,3,Old,0
Female,18-30,Rural,1055,3,Old,0
Female,31-45,Suburban,2984,0,New,1
Male,18-30,Rural,2454,1,Used,1
Male,60+,Rural,4233,4,Used,0
Male,46-60,Urban,3775,2,New,0
Male,18-30,Suburban,1302,3,Used,1
Male,31-45,Suburban,1496,0,Used,1
Female,46-60,Suburban,1345,4,Old,1
Female,46-60,Suburban,1819,2,Used,1
Female,31-45,Rural,4617,4,Used,0
Male,60+,Urban,2210,1,New,1
Male,18-30,Suburban,741,0,Old,1
Female,18-30,Rural,3390,2,Used,1
Male,60+,Urban,3125,2,New,1
Male,60+,Urban,3998,1,Used,1
Male,46-60,Urban,952,1,Old,1
Male,18-30,Suburban,2129,1,Old,1
Female,60+,Rural,2760,0,Old,0
Male,60+,Urban,3812,3,Old,1
Female,18-30,Urban,1058,4,Old,1
Male,18-30,Urban,3215,0,Old,1
Female,60+,Rural,1568,0,New,1
Female,18-30,Rural,3254,4,Old,0
Male,60+,Suburban,1760,2,Used,1
Female,60+,Suburban,3270,4,Used,0
Female,31-45,Rural,949,1,Used,1
Female,31-45,Suburban,4139,2,Used,1
Female,46-60,Rural,2413,0,Old,0
Female,46-60,Suburban,3297,4,Old,1
Male,60+,Suburban,3045,0,New,1
Female,46-60,Rural,3754,0,Old,1
Male,18-30,Urban,4995,4,Used,1
Female,31-45,Urban,3961,0,New,1
Female,18-30,Suburban,1959,3,New,1
Male,31-45,Urban,1420,3,New,1
Female,18-30,Urban,3718,0,New,1
Female,31-45,Suburban,956,2,Old,1
Female,46-60,Urban,2384,2,New,1
Male,31-45,Rural,1144,2,Old,1
Male,31-45,Rural,2829,2,New,0
Female,31-45,Urban,2710,3,Old,1
Male,18-30,Rural,4756,2,Old,1
Female,18-30,Rural,4850,4,Used,1
Male,46-60,Urban,1593,2,Old,1
Male,31-45,Rural,2959,4,New,1
Male,31-45,Suburban,3261,3,New,1
Female,46-60,Suburban,2542,4,Old,1
Male,18-30,Suburban,535,4,Old,0
Female,46-60,Urban,969,0,Old,1
Male,60+,Rural,808,4,Old,0
Female,31-45,Urban,3768,0,Used,1
Female,60+,Urban,980,2,Used,1
Male,18-30,Rural,1288,4,Used,1
Male,31-45,Rural,790,4,Used,0
Female,18-30,Rural,929,1,Used,0
Female,46-60,Urban,1097,2,Old,1
Male,18-30,Urban,2057,4,Used,1
Male,60+,Suburban,1172,4,Used,1
Female,46-60,Urban,3354,1,Old,1
Female,46-60,Rural,2078,0,Old,1
Female,31-45,Urban,1932,2,New,1
Female,46-60,Suburban,540,1,New,0
Male,60+,Rural,4979,2,New,1
Male,60+,Suburban,3433,2,Used,1
Male,31-45,Urban,1814,0,Old,1
Male,46-60,Urban,2315,0,New,0
Male,31-45,Suburban,4778,3,New,1
Male,18-30,Suburban,2395,1,Used,1
Female,60+,Rural,1563,1,New,0
Male,18-30,Rural,3796,2,Old,0
Female,46-60,Suburban,637,3,Old,0
Male,18-30,Rural,834,3,New,0
Male,31-45,Suburban,4733,2,Old,1
Female,18-30,Suburban,3176,0,New,1
Male,46-60,Urban,2133,3,New,1
Female,31-45,Suburban,2033,1,Old,0
Female,18-30,Rural,1608,0,Old,1
Female,46-60,Suburban,2086,4,Used,1
Male,60+,Urban,4361,3,Used,1
Female,60+,Rural,1612,2,New,0
Female,60+,Suburban,1612,1,Old,1
Female,31-45,Urban,2766,3,New,1
Female,18-30,Rural,3389,2,Used,1
Female,60+,Urban,849,1,New,1
Male,46-60,Urban,4462,3,Old,0
Male,31-45,Rural,2423,1,Old,0
Male,18-30,Urban,542,4,Used,1
Female,18-30,Urban,4045,1,New,1
Male,60+,Urban,2805,2,New,1
Male,18-30,Rural,1351,3,Old,1
Female,60+,Urban,3892,2,Used,1
Female,31-45,Suburban,1786,4,Old,0
Male,60+,Urban,2982,0,Old,1
Male,31-45,Suburban,4279,1,Used,1
Male,46-60,Urban,3868,2,Old,1
Female,18-30,Suburban,4190,3,New,0
Male,60+,Rural,2616,3,New,1
Male,18-30,Urban,1548,0,New,1
Male,18-30,Suburban,3115,3,Old,0
Male,31-45,Rural,1012,4,Used,1
Female,46-60,Urban,682,0,Used,0
Male,46-60,Urban,2601,4,Used,0
Female,60+,Urban,1604,1,Used,1
Male,31-45,Rural,659,4,Used,0
Female,46-60,Rural,3957,1,Old,0
Male,31-45,Suburban,1237,4,Used,0
Male,18-30,Urban,2811,0,New,1
Female,46-60,Suburban,3168,1,Old,0
Male,31-45,Suburban,3553,4,New,1
Male,60+,Suburban,3880,4,Used,1
Female,60+,Suburban,3615,3,Used,1
Female,46-60,Suburban,700,4,New,1
Female,60+,Urban,1807,3,New,1
Male,31-45,Rural,2694,4,Old,0
Male,60+,Suburban,3975,2,Used,1
Female,46-60,Rural,4589,3,Used,0
Female,18-30,Suburban,2269,0,Used,1
Female,46-60,Urban,3755,0,New,0
Male,60+,Suburban,3094,1,Used,1
Male,31-45,Suburban,2438,0,Old,1
Female,18-30,Suburban,1732,1,Old,1
Female,18-30,Urban,1074,0,New,1
Female,18-30,Suburban,581,3,New,0
Female,60+,Urban,762,2,Old,1
Male,18-30,Rural,4338,1,New,1
Female,60+,Rural,3470,2,New,0
Female,31-45,Rural,785,4,Used,1
Male,18-30,Urban,522,4,Old,1
Female,31-45,Suburban,4167,2,Used,1
Female,31-45,Rural,4490,3,Old,1
Male,46-60,Rural,4045,2,Used,0
Female,60+,Suburban,4801,2,Old,1
Female,46-60,Rural,1955,2,Old,1
Female,46-60,Rural,594,1,Old,1
Male,46-60,Suburban,3022,1,New,1
Female,46-60,Urban,636,2,Used,1
Male,46-60,Urban,2537,3,New,0
Male,46-60,Rural,2749,4,New,0
Male,31-45,Rural,4170,4,Old,1
Female,31-45,Urban,4669,4,Old,1
Male,31-45,Rural,1845,0,New,1
Male,18-30,Urban,3184,3,New,1
Female,31-45,Rural,1499,1,New,0
Male,18-30,Rural,3737,4,Old,0
Male,18-30,Urban,1524,1,Old,1
Male,46-60,Suburban,4886,1,Old,1
Female,60+,Rural,4666,1,Used,1
Male,60+,Rural,4703,1,New,1
Male,18-30,Suburban,3145,2,New,1
Female,46-60,Rural,3596,1,Used,1
Female,31-45,Suburban,2333,0,New,1
Male,60+,Suburban,2750,1,New,0
Female,60+,Urban,4134,4,New,0
Male,60+,Suburban,1998,1,Used,1
Female,46-60,Urban,1068,4,Used,1
Male,60+,Urban,4759,1,New,1
Female,60+,Urban,1792,3,Old,1
Male,31-45,Rural,4775,2,New,1
Male,31-45,Rural,3145,4,New,1
Female,46-60,Suburban,971,0,Old,1
Female,18-30,Urban,4121,1,New,1
Female,46-60,Rural,1031,4,New,1
Female,18-30,Rural,2489,2,Used,1
Female,46-60,Suburban,1108,1,New,1
Male,46-60,Rural,1582,2,Old,1
Male,31-45,Rural,1474,0,Used,0
Female,31-45,Rural,1474,4,Used,0
Male,31-45,Rural,4819,0,Old,0
Male,31-45,Rural,4481,2,Old,0
Female,31-45,Rural,4784,3,Used,1
Male,31-45,Suburban,4654,3,New,1
Female,31-45,Urban,2007,4,New,0
Male,18-30,Rural,1113,1,Used,0
Male,31-45,Urban,4043,0,New,1
Female,18-30,Suburban,883,3,Used,0
Male,60+,Suburban,911,3,Old,0
Female,60+,Urban,3876,1,New,0
Male,60+,Urban,3275,0,New,1
Male,46-60,Suburban,2783,2,Used,0
Male,18-30,Rural,1162,3,Used,0
Female,18-30,Urban,4641,4,New,1
Female,18-30,Urban,4535,4,New,0
Male,18-30,Rural,721,2,New,1
Female,31-45,Urban,1251,1,Old,1
Female,60+,Rural,3666,1,New,0
Female,31-45,Suburban,3654,3,New,0
Male,31-45,Urban,1768,3,Used,0
Female,31-45,Rural,4605,3,Old,0
Female,46-60,Rural,2636,2,Used,0
Female,46-60,Suburban,2873,2,New,1
Female,18-30,Urban,2833,3,Old,0
Female,31-45,Rural,714,1,New,1
Female,60+,Urban,1495,0,Old,1
Female,60+,Rural,2371,3,Old,0
Female,46-60,Urban,3710,1,Old,0
Female,46-60,Urban,3950,1,Old,1
Female,31-45,Rural,2164,4,Old,1
Male,46-60,Rural,1481,0,Old,0
Male,60+,Urban,901,3,Used,1
Male,46-60,Urban,1111,0,Used,1
Male,60+,Suburban,1405,3,New,1
Male,18-30,Rural,4952,0,Old,1
Female,46-60,Urban,2405,0,Old,1
Female,46-60,Urban,4860,1,Used,0
Female,18-30,Rural,4595,0,New,1
Female,18-30,Urban,1606,0,New,1
Male,46-60,Urban,727,3,Used,1
Male,18-30,Suburban,2488,1,Used,1
Female,31-45,Suburban,2678,0,Old,1
Female,60+,Rural,4507,1,Used,1
Male,46-60,Rural,743,1,Old,0
Female,18-30,Rural,1749,2,New,0
Female,60+,Suburban,943,3,Old,0
Male,31-45,Suburban,1114,2,Used,1
Female,18-30,Suburban,4280,1,Old,0
Female,46-60,Urban,1324,0,Old,1
Female,31-45,Suburban,4032,3,Used,1
Male,46-60,Suburban,1435,4,Old,1
Male,46-60,Rural,2244,3,New,1
Male,46-60,Suburban,4977,2,Old,1
Male,31-45,Suburban,3186,3,Used,1
Male,46-60,Urban,1021,0,Used,1
Male,60+,Suburban,2376,3,Used,1
Male,46-60,Rural,4532,4,Old,0
Female,31-45,Urban,2705,2,New,0
Male,46-60,Suburban,1046,2,Used,0
Female,60+,Suburban,3053,1,Used,1
Male,46-60,Suburban,3368,2,New,1
Female,31-45,Urban,666,4,Used,1
Female,60+,Urban,2569,4,Old,0
Male,31-45,Suburban,3435,2,Used,1
Female,31-45,Rural,516,3,Used,1
Male,60+,Suburban,3206,4,Old,1
Female,31-45,Urban,3309,2,New,1
Female,46-60,Urban,4850,2,New,1
Female,31-45,Urban,3759,3,Used,1
Male,18-30,Rural,827,2,Old,0
Female,18-30,Suburban,3951,0,Old,1
Female,46-60,Suburban,2497,1,New,1
Male,46-60,Urban,845,4,New,1
Male,60+,Suburban,2854,3,New,0
Female,46-60,Rural,4771,3,Old,1
Male,60+,Rural,1043,1,Old,1
Male,60+,Suburban,2882,0,Old,0
Male,31-45,Suburban,3950,1,Used,1
Male,18-30,Suburban,4205,2,Used,1
Female,60+,Suburban,3248,3,New,0
Male,18-30,Suburban,1856,2,New,1
Female,18-30,Suburban,2306,3,Used,1
Male,18-30,Urban,1866,3,Used,1
Male,18-30,Urban,3353,2,Used,1
Male,18-30,Urban,685,1,Used,1
Female,46-60,Rural,4705,4,New,0
Female,46-60,Rural,1266,4,Used,1
Female,31-45,Rural,534,1,Used,1
Female,46-60,Rural,4415,0,Old,1
Male,18-30,Urban,2145,1,New,1
Female,31-45,Suburban,4085,1,New,1
Male,60+,Suburban,1297,1,Old,1
Female,18-30,Suburban,4605,4,New,1
Male,60+,Rural,4156,3,New,0
Female,31-45,Urban,2159,0,Used,1
Male,18-30,Suburban,537,0,Used,1
Male,60+,Rural,2478,0,New,0
Female,31-45,Rural,1386,2,Old,1
Female,18-30,Rural,3229,1,Old,1
Male,31-45,Suburban,3954,3,New,1
Male,31-45,Urban,3860,3,New,1
Female,60+,Suburban,3163,2,New,0
Male,46-60,Urban,4736,4,New,1
Female,18-30,Urban,4798,2,Used,1
Male,31-45,Suburban,3975,2,Used,1
Female,60+,Suburban,3349,1,New,1
Female,18-30,Rural,3877,4,Old,1
Female,60+,Rural,2684,2,Used,1
Male,60+,Suburban,3172,3,New,1
Female,46-60,Suburban,1639,1,Old,1
Female,18-30,Urban,4733,4,Used,0
Female,60+,Urban,2962,3,Used,0
Female,46-60,Rural,3732,0,New,0
Female,31-45,Urban,3167,1,Old,1
Male,46-60,Suburban,747,3,New,1
Male,18-30,Urban,1025,2,Used,1
Male,31-45,Urban,4820,2,Old,1
Female,18-30,Urban,1644,1,Used,0
Male,46-60,Suburban,962,4,New,0
Female,46-60,Rural,3463,2,New,1
Male,60+,Urban,4616,3,Used,1
Male,31-45,Suburban,2478,0,New,1
Male,60+,Urban,3900,4,New,1
Male,18-30,Urban,2463,1,Used,1
Female,18-30,Suburban,4850,2,Old,1
Male,46-60,Urban,1685,4,Used,1
Male,18-30,Suburban,802,0,Used,0
Female,60+,Rural,1276,4,Old,1
Male,46-60,Urban,3759,4,New,0
Male,60+,Suburban,1123,1,Old,1
Female,46-60,Urban,4356,0,Used,1
Male,46-60,Urban,1959,0,Old,1
Male,60+,Urban,3886,4,New,0
Female,18-30,Suburban,979,2,Old,0
Female,18-30,Suburban,4730,4,Old,1
Male,46-60,Suburban,1561,3,Used,1
Male,18-30,Rural,787,2,Old,0
Male,18-30,Urban,4139,1,Used,1
Female,31-45,Suburban,1643,0,New,1
Female,60+,Urban,1923,2,Old,1
Male,31-45,Urban,1157,1,Old,1
Female,60+,Urban,3585,4,Used,0
Female,60+,Suburban,2239,1,Used,1
Male,60+,Rural,3016,3,New,1
Female,18-30,Rural,2701,1,Used,0
Female,60+,Rural,1178,2,Used,0
Female,31-45,Rural,3957,0,New,1
Female,60+,Suburban,3244,2,Used,0
Male,31-45,Rural,2853,2,Used,1
Female,18-30,Rural,2148,0,Used,0
Male,18-30,Suburban,2179,3,Used,1
Male,18-30,Suburban,4466,2,New,1
Male,46-60,Urban,3241,0,New,1
Male,46-60,Urban,1353,0,Used,1
Female,60+,Rural,1092,2,Old,1
Male,46-60,Urban,3906,0,New,0
Male,46-60,Suburban,3452,4,Old,0
Female,31-45,Urban,1519,2,Used,1
Female,18-30,Urban,2084,3,Used,1
Female,18-30,Suburban,3114,4,New,1
Male,18-30,Rural,2371,3,Old,0
Male,18-30,Urban,1590,2,New,1
Female,60+,Urban,1126,1,New,1
Female,31-45,Rural,4707,0,New,0
Male,31-45,Urban,3678,4,Used,1
Female,18-30,Rural,525,2,Old,1
Female,60+,Suburban,3548,0,Used,1
Male,31-45,Suburban,1121,1,Used,0
Female,60+,Rural,3985,3,Used,0
Female,31-45,Suburban,1216,2,New,0
Female,31-45,Suburban,3160,2,Used,1
Female,60+,Suburban,2241,1,Used,0
Female,31-45,Suburban,3572,3,Used,0
Female,46-60,Suburban,4233,2,Used,1
Male,60+,Suburban,4964,0,Used,0
Male,60+,Urban,3274,1,Used,1
Female,31-45,Urban,2345,2,Old,1
Male,31-45,Urban,4737,3,New,1
Female,18-30,Suburban,513,4,Used,0
Male,46-60,Urban,3258,2,New,0
Female,31-45,Rural,1030,3,Old,1
Male,46-60,Rural,3378,1,Old,0
Female,46-60,Rural,3904,3,New,0
Female,31-45,Urban,937,3,Old,1
Female,18-30,Suburban,882,1,Used,1
Male,46-60,Rural,1789,4,Old,1
Male,31-45,Urban,3352,0,Used,1
Male,18-30,Urban,2537,4,New,1
Female,31-45,Suburban,4216,0,New,1
Male,60+,Suburban,2952,0,New,1
Male,46-60,Urban,1385,0,New,0
Female,46-60,Suburban,3994,2,New,0
Female,31-45,Suburban,3514,4,New,1
Male,46-60,Suburban,4482,3,Used,1
Female,18-30,Suburban,4674,2,New,0
Male,18-30,Suburban,808,1,Old,1
Female,18-30,Urban,1226,1,Used,1
Female,18-30,Rural,3604,0,Used,0
Male,18-30,Urban,3437,2,Used,1
Female,18-30,Urban,2213,2,Used,1
Female,60+,Urban,4371,1,New,0
Female,46-60,Urban,1212,3,New,1
Female,18-30,Urban,1450,4,New,1
Female,18-30,Suburban,1935,4,Old,1
Female,31-45,Rural,2038,0,New,0
Female,46-60,Suburban,3112,0,New,1
Female,46-60,Rural,2668,0,Old,0
Female,60+,Urban,2697,1,New,1
Female,31-45,Urban,2700,1,New,1
Female,46-60,Urban,3551,4,Used,0
Female,60+,Urban,2170,0,New,1
Male,31-45,Urban,3634,2,Old,0
Female,18-30,Urban,3864,3,Used,1
Female,18-30,Urban,2615,1,Old,1
Female,46-60,Rural,724,0,Old,0
Male,60+,Urban,1346,0,New,1
Male,60+,Urban,4569,1,Used,1
Male,18-30,Urban,3456,4,New,1
Male,31-45,Rural,4887,4,Used,0
Female,60+,Rural,2761,4,Used,0
Female,60+,Urban,2083,4,Used,1
Female,31-45,Suburban,1470,2,Old,0
Male,60+,Rural,4472,0,New,0
Female,60+,Urban,1716,4,Used,1
Male,18-30,Rural,2138,4,Used,1
Male,18-30,Suburban,2621,3,Old,1
Male,31-45,Urban,3211,3,Used,0
Female,18-30,Rural,1786,0,Used,1
Female,18-30,Suburban,3657,1,New,1
Female,31-45,Rural,557,4,Old,0
Female,46-60,Rural,2184,2,Old,1
Male,31-45,Urban,3988,3,Used,1
Female,60+,Urban,1804,4,Used,0
Female,46-60,Rural,2130,1,Old,1
Female,31-45,Suburban,4580,2,Used,1
Male,31-45,Urban,4803,3,Used,1
Male,18-30,Rural,1666,1,Old,0
Female,46-60,Rural,912,1,Used,1
Female,46-60,Urban,2118,2,New,1
Male,46-60,Urban,3277,2,Used,1
Male,60+,Rural,1239,3,Old,1
Female,18-30,Urban,1418,2,New,1
Male,18-30,Rural,2748,4,Used,1
Male,60+,Suburban,4582,2,New,1
Male,60+,Urban,4675,1,Old,1
Male,60+,Urban,2003,2,New,1
Male,31-45,Rural,3727,3,Used,0
Male,46-60,Urban,1327,4,Used,1
Male,31-45,Suburban,3731,2,Old,1
Female,18-30,Rural,3373,4,New,1
Male,60+,Suburban,2117,2,New,0
Female,60+,Suburban,1685,4,Old,0
Female,46-60,Suburban,2184,2,Old,0
Female,46-60,Suburban,1009,2,Old,1
Female,60+,Rural,1194,0,Old,0
Female,31-45,Urban,3779,1,Used,1
Female,46-60,Suburban,4516,3,Used,1
Male,60+,Suburban,2568,3,Old,1
Male,46-60,Rural,1746,0,Old,0
Female,31-45,Suburban,899,2,New,0
Female,31-45,Suburban,3107,1,Used,0
Male,18-30,Suburban,787,4,New,1
Male,18-30,Suburban,1903,0,New,0
Female,46-60,Urban,2677,3,Used,1
Female,31-45,Suburban,940,3,Old,1
Female,18-30,Rural,1768,3,Used,0
Male,31-45,Urban,3012,2,New,1
Male,18-30,Rural,685,4,Used,1
Male,31-45,Urban,4757,4,Old,0
Female,31-45,Urban,3770,4,Used,0
Male,31-45,Suburban,2948,2,Old,0
Female,46-60,Suburban,4043,3,Old,1
Female,46-60,Rural,1979,3,New,0
Male,31-45,Urban,3562,2,New,1
Male,60+,Urban,2960,1,Old,1
Male,46-60,Suburban,3078,2,Old,1
Female,46-60,Urban,1644,2,New,1
Male,31-45,Suburban,4664,3,Old,1
Female,46-60,Suburban,1134,4,Used,0
Male,46-60,Rural,1803,3,Old,1
Female,46-60,Suburban,1032,1,Old,1
Male,18-30,Suburban,2381,0,New,1
Female,31-45,Urban,3197,0,New,0
Male,60+,Rural,1452,2,New,1
Female,18-30,Rural,3305,0,Used,1
Male,18-30,Rural,1069,4,Old,1
Male,18-30,Suburban,3322,3,Old,1
Male,18-30,Rural,3715,1,New,1
Male,60+,Suburban,1479,1,Old,1
Female,31-45,Suburban,4630,1,Old,1
Male,18-30,Suburban,4041,3,Used,0
Female,60+,Suburban,3073,4,Old,1
Male,18-30,Rural,3886,1,Used,1
Male,31-45,Rural,4055,0,Old,1
Male,31-45,Urban,3377,4,New,1
Male,31-45,Rural,2237,4,New,0
Female,60+,Urban,2923,4,Old,1
Female,31-45,Rural,3381,1,New,1
Male,60+,Rural,3203,4,Used,1
Female,60+,Rural,3035,1,New,1
Female,46-60,Suburban,4067,0,Used,0
Male,31-45,Rural,2900,0,Old,0
Male,18-30,Rural,4949,0,Old,1
Female,60+,Urban,4455,0,New,0
Female,18-30,Rural,4052,4,Old,1
Male,60+,Suburban,1478,4,Old,1
Male,18-30,Rural,902,1,Used,1
Male,31-45,Urban,3304,0,Used,1
Male,46-60,Rural,2014,2,Old,1
Male,46-60,Rural,2047,0,New,1
Male,60+,Urban,893,3,New,0
Male,31-45,Rural,3130,2,New,1
Male,60+,Urban,603,3,Old,1
Male,18-30,Urban,2243,2,New,1
Male,46-60,Suburban,921,1,New,0
Female,18-30,Suburban,3677,4,Old,1
Female,18-30,Urban,4276,1,Used,1
Female,31-45,Suburban,4890,2,Used,1
Male,31-45,Suburban,775,0,Old,1
Female,18-30,Urban,693,1,Used,1
Male,31-45,Rural,4906,2,New,1
Male,31-45,Rural,1626,0,Old,1
Male,31-45,Rural,4518,4,Old,0
Female,46-60,Suburban,749,2,Used,1
Male,31-45,Suburban,3967,3,Old,1
Male,31-45,Rural,3329,3,Old,1
Female,31-45,Urban,4891,3,New,1
Male,46-60,Urban,737,0,Old,1
Female,31-45,Urban,4220,0,Old,1
Female,31-45,Suburban,4509,1,Old,1
Male,18-30,Rural,2836,0,Old,0
Female,60+,Urban,3084,2,Used,0
Female,46-60,Rural,2265,3,Old,0
Male,46-60,Rural,4417,4,New,1
Male,60+,Suburban,1642,3,Used,1
Male,60+,Urban,2666,2,Old,1
Male,18-30,Suburban,1614,4,Used,1
Female,18-30,Rural,2719,1,Old,1
Male,31-45,Rural,1639,0,Old,0
Female,60+,Rural,4016,2,Used,0
Male,31-45,Urban,2476,0,Used,1
Female,31-45,Urban,2096,1,Used,0
Male,60+,Urban,1645,4,Used,1
Female,60+,Rural,2127,2,New,0
Male,46-60,Rural,2358,4,Used,0
Female,18-30,Urban,1745,2,New,0
Male,31-45,Rural,1982,1,Old,1
Female,31-45,Rural,2021,1,Old,0
Male,46-60,Rural,869,1,Used,0
Male,18-30,Urban,3692,0,Old,1
Male,46-60,Suburban,3732,3,New,1
Male,18-30,Suburban,2285,4,New,1
Male,46-60,Suburban,1074,2,Used,0
Female,46-60,Urban,4203,4,Used,1
Female,18-30,Rural,4972,3,Used,1
Female,31-45,Suburban,3072,0,New,0
Male,18-30,Suburban,2615,0,Used,0
Male,18-30,Urban,2402,3,New,1
Female,60+,Rural,4579,2,New,0
Male,60+,Rural,1656,3,Old,0
Female,18-30,Urban,1585,0,Old,1
Male,18-30,Suburban,660,0,Used,0
Female,18-30,Rural,1258,4,Used,0
Female,46-60,Rural,3248,2,Used,1
Female,31-45,Suburban,1329,2,Used,1
Male,60+,Urban,1348,0,New,1
Female,60+,Suburban,2476,3,Used,0
Female,60+,Rural,4844,0,Old,0
Male,46-60,Urban,2029,4,Used,1
Male,31-45,Suburban,2749,3,New,1
Male,31-45,Suburban,3392,0,Old,1
Female,46-60,Urban,4124,2,Old,1
Male,60+,Rural,2177,4,Used,0
Male,46-60,Urban,4605,0,Old,1
Male,31-45,Urban,4954,0,Old,1
Male,18-30,Rural,1799,1,Used,1
Male,46-60,Suburban,2671,3,Used,1
Female,46-60,Urban,1129,1,New,1
Female,31-45,Urban,4863,2,Old,1
Male,60+,Suburban,777,3,Used,0
Male,46-60,Rural,1523,4,Old,0
Male,31-45,Suburban,4671,3,Used,1
Female,46-60,Suburban,1699,0,New,1
Female,60+,Urban,2217,0,Used,0
Female,60+,Urban,2480,0,Used,1
Male,31-45,Rural,2090,3,New,0
Female,46-60,Urban,769,0,Used,1
Female,46-60,Suburban,4597,0,New,1
Female,46-60,Suburban,3120,1,Old,0
Male,31-45,Rural,1886,0,Old,0
Female,60+,Urban,1034,1,Old,1
Female,31-45,Urban,2108,2,Used,1
Female,46-60,Rural,2898,3,New,0
Male,31-45,Rural,3414,1,Used,1
Female,60+,Urban,963,3,Used,0
Male,18-30,Rural,522,3,Used,0
Male,31-45,Suburban,1188,4,New,0
Female,60+,Rural,4566,1,Used,0
Male,60+,Suburban,4723,0,Used,1
Female,31-45,Suburban,1786,4,New,0
Female,60+,Suburban,4360,1,New,0
Male,46-60,Urban,2582,1,Old,0
Female,31-45,Suburban,3034,2,New,1
Female,60+,Rural,4696,0,Old,1
Female,31-45,Suburban,1236,2,Old,0
Male,31-45,Urban,1840,3,Used,1
Male,18-30,Urban,2877,0,Used,1
Male,46-60,Urban,695,2,Used,1
Female,60+,Urban,2961,2,Used,1
Female,60+,Rural,2004,0,Used,0
Male,31-45,Urban,2615,1,Used,1
Male,18-30,Rural,3418,3,Used,1
Female,60+,Urban,4524,4,Old,0
Male,46-60,Urban,1370,4,Old,0
Female,60+,Rural,684,4,Used,1
Male,18-30,Suburban,2189,3,Used,1
Female,31-45,Rural,1712,0,Old,1
Female,31-45,Suburban,4145,0,Old,1
Female,18-30,Rural,997,0,New,0
Male,18-30,Suburban,2065,4,New,1
Female,18-30,Urban,2162,1,Used,1
Male,60+,Suburban,717,2,Used,1
Female,31-45,Suburban,1861,4,Used,0
Female,46-60,Urban,4716,3,Old,0
Female,60+,Urban,2005,0,Used,1
Male,18-30,Suburban,2658,2,Used,0
Female,31-45,Suburban,2556,0,Used,0
Male,46-60,Rural,4817,0,New,1
Female,18-30,Urban,1296,0,New,1
Female,60+,Urban,4550,1,Used,1
Male,18-30,Urban,4219,2,Old,1
Male,60+,Rural,2751,4,New,1
Female,60+,Rural,3000,1,Used,0
Male,18-30,Suburban,2808,3,New,1
Female,46-60,Rural,1532,3,Old,0
Male,18-30,Rural,4344,4,Old,0
Female,31-45,Rural,3684,2,Old,0
Male,18-30,Urban,839,4,Old,0
Male,46-60,Suburban,2594,1,Used,1
Male,46-60,Rural,988,2,Old,0
Male,46-60,Rural,1845,3,Used,0
Female,31-45,Rural,1290,2,Old,1
Male,46-60,Urban,4016,2,Used,1
Male,31-45,Suburban,4688,2,Old,1
Male,31-45,Suburban,2334,4,Used,1
Female,60+,Rural,1686,0,New,1
Female,60+,Suburban,4733,1,Used,0
Male,31-45,Urban,3955,2,Used,1
Female,18-30,Rural,4907,2,Old,1
Female,60+,Suburban,3769,4,Old,1
Male,46-60,Rural,2206,1,New,0
Female,18-30,Urban,4099,1,Old,1
Male,18-30,Rural,1202,3,Used,0
Male,18-30,Urban,1773,1,Old,1
Female,60+,Rural,1038,1,Old,0
Female,60+,Rural,4253,2,Used,1
Male,31-45,Suburban,4712,0,New,1
Male,31-45,Suburban,3439,2,Old,0
Male,46-60,Urban,3114,4,Old,1
Female,60+,Urban,985,1,Used,1
Female,46-60,Urban,1886,0,New,1
Female,18-30,Suburban,1549,2,New,0
Female,60+,Rural,1283,3,Old,1
Male,18-30,Urban,3559,4,Used,1
Female,18-30,Rural,3424,4,Old,0
Female,60+,Rural,1119,4,Used,0
Female,18-30,Suburban,4032,2,Used,1
Male,60+,Suburban,4838,0,Old,1
Female,46-60,Rural,3974,0,Used,0
Male,31-45,Urban,2304,1,Old,1
Female,31-45,Suburban,1598,0,New,0
Male,46-60,Rural,611,3,New,1
Male,31-45,Suburban,1469,4,Old,1
Male,60+,Rural,2133,2,New,1
Male,60+,Suburban,859,4,New,1
Female,31-45,Urban,1418,4,New,1
Female,60+,Urban,667,3,New,1
Female,60+,Suburban,3821,4,Used,1
Male,60+,Suburban,4403,4,Old,0
Male,60+,Suburban,3305,3,Old,1
Male,46-60,Urban,2760,3,New,1
Male,46-60,Suburban,2369,0,Old,1
Female,18-30,Urban,3339,4,Old,1
Female,46-60,Suburban,1257,1,Old,1
Male,31-45,Suburban,4993,1,Used,0
Female,46-60,Rural,4317,1,New,1
Male,18-30,Urban,2473,3,Old,1
Female,31-45,Suburban,3208,4,Used,0
Female,46-60,Urban,597,0,New,1
Male,31-45,Rural,3576,4,Used,0
Female,46-60,Urban,2419,1,Used,1
Male,31-45,Urban,2706,2,Used,0
Female,46-60,Urban,586,1,Old,1
Male,31-45,Urban,2266,3,New,0
Male,18-30,Urban,3691,4,New,1
Male,18-30,Urban,4147,3,Old,0
Female,18-30,Urban,4177,0,New,1
Female,31-45,Suburban,1181,4,New,0
Male,31-45,Suburban,4716,4,Used,1
Male,31-45,Urban,2969,4,Old,1
Female,31-45,Urban,634,2,Used,0
Male,31-45,Suburban,4910,4,New,1
Male,60+,Rural,2745,2,New,1
Female,46-60,Suburban,4289,4,Old,1
Male,18-30,Rural,4606,1,Used,1
Male,18-30,Urban,3701,0,Used,1
Male,60+,Urban,1234,4,Used,1
Female,18-30,Suburban,1633,3,Old,1
Female,31-45,Suburban,3598,1,Used,1
Male,46-60,Suburban,3971,3,Used,1
Male,18-30,Urban,3765,3,New,0
Female,18-30,Suburban,2468,2,New,0
Male,18-30,Suburban,4611,0,Used,1
Male,46-60,Rural,3644,3,Used,0
Male,31-45,Urban,1724,1,New,0
Female,31-45,Urban,1687,0,Old,1
Female,60+,Urban,506,1,New,0
Female,31-45,Suburban,2608,3,Used,0
Male,46-60,Urban,3032,0,Old,1
Male,31-45,Suburban,4022,4,Used,1
Female,18-30,Rural,1937,3,Used,1
Male,60+,Urban,1435,3,Used,1
Female,46-60,Rural,1059,2,Old,0
Male,60+,Rural,4686,1,Used,0
Female,18-30,Urban,945,4,Old,1
Female,60+,Urban,1808,0,New,1
Female,46-60,Suburban,1916,3,Old,1
Male,60+,Rural,2405,3,Used,1
Male,31-45,Rural,3710,4,Used,1
Female,60+,Suburban,829,3,New,0
Male,46-60,Urban,3897,1,New,1
Female,60+,Rural,4178,0,New,0
Female,60+,Suburban,2053,4,Old,0
Female,31-45,Rural,3502,4,Old,1
Female,18-30,Rural,4029,2,Old,1
Male,18-30,Suburban,3065,0,Old,1
Female,31-45,Rural,3083,4,New,1
Male,46-60,Suburban,2772,3,Used,1
Female,31-45,Suburban,3119,0,Used,1
Female,18-30,Rural,2314,1,Old,1
Female,31-45,Rural,4418,4,New,0
Female,31-45,Urban,3713,1,New,1
Female,31-45,Urban,4387,4,New,1
Female,31-45,Rural,1722,3,Used,1
Female,60+,Urban,3607,2,Used,1
Male,60+,Urban,3013,3,Old,1
Male,46-60,Suburban,3051,1,Used,0
Male,46-60,Rural,3938,0,New,1
Male,18-30,Urban,2697,1,Used,1
Male,60+,Urban,4638,2,Used,1
Female,31-45,Urban,1820,4,Used,1
Female,60+,Rural,2866,4,Old,1
Male,46-60,Suburban,4813,1,Used,0
Female,18-30,Rural,4290,0,Old,1
Female,31-45,Suburban,3035,4,Used,1
Female,31-45,Urban,2875,4,Old,1
Male,60+,Rural,2806,2,New,1
Male,18-30,Suburban,3113,2,New,1
Male,60+,Urban,4714,0,New,1
Female,60+,Urban,4885,4,Old,0
Male,46-60,Rural,2162,3,New,1
Female,31-45,Suburban,724,1,Old,1
Female,31-45,Urban,3300,4,Old,1
Female,46-60,Urban,1780,1,Old,1
Female,18-30,Urban,4840,4,New,1
Female,46-60,Suburban,1021,2,Old,1
Male,60+,Suburban,2118,0,Used,1
Male,31-45,Urban,4714,3,New,1
Male,46-60,Suburban,4182,2,Used,1
Female,18-30,Urban,2101,0,New,1
Male,46-60,Urban,2806,2,Old,0
Male,60+,Suburban,4327,1,Old,1
Female,60+,Suburban,1715,4,Old,0
Male,31-45,Rural,1442,2,New,1
Female,18-30,Rural,4431,0,New,0
Female,46-60,Suburban,1653,4,Old,1
Female,60+,Suburban,2705,1,New,1
Female,31-45,Suburban,4249,1,Used,1
Male,60+,Suburban,760,3,Old,1
Male,31-45,Urban,889,4,Used,1
Female,60+,Urban,4727,1,Used,1
Male,18-30,Rural,907,2,New,1
Male,46-60,Suburban,2543,1,Used,1
Female,60+,Rural,1066,1,Old,1
Female,60+,Suburban,3870,1,Used,0
Female,18-30,Suburban,2479,3,New,1
Male,18-30,Suburban,2452,0,New,1
Male,31-45,Urban,2506,1,Old,1
Female,31-45,Rural,4338,0,Old,0
Female,46-60,Suburban,2815,4,Old,1
Female,60+,Rural,600,0,Old,0
Male,31-45,Rural,3944,4,Old,1
Female,31-45,Urban,532,3,Used,1
Male,60+,Urban,4831,4,Used,0
Female,60+,Suburban,831,4,New,1
Male,46-60,Rural,4016,2,Used,1
Male,31-45,Urban,4715,3,Old,1
Female,31-45,Rural,657,1,Old,1
Male,31-45,Rural,3608,3,New,1
Male,46-60,Suburban,2691,2,Old,1
Male,31-45,Rural,4128,4,New,0
Female,31-45,Urban,4282,3,Used,1
Male,31-45,Suburban,4321,2,Used,1
Male,60+,Suburban,3188,1,Used,0
Male,18-30,Suburban,1192,4,New,1
Female,46-60,Urban,1551,3,Old,0
Female,18-30,Suburban,4383,3,New,1
Female,46-60,Rural,3422,4,Used,1
Male,60+,Suburban,2598,3,New,1
Female,31-45,Urban,2656,4,Old,1
