race,gender,age_group,annual_income,credit_score,rental_history_years,num_occupants,has_pets,rental_approved
White,Non-binary,60+,38260,632,3,1,0,1
White,Female,31-45,53603,554,7,1,1,1
Black,Female,46-60,68677,612,7,4,1,1
White,Male,31-45,89558,323,3,2,0,1
Hispanic,Female,18-30,76824,450,3,1,0,1
White,Female,18-30,75414,471,4,2,0,1
White,Male,31-45,56048,422,2,2,1,1
White,Female,60+,43497,573,5,2,1,1
White,Male,60+,45779,554,8,1,0,1
White,Male,60+,77762,467,1,2,1,1
Asian,Male,46-60,93407,383,2,2,0,1
Black,Female,31-45,17437,625,9,4,0,0
Hispanic,Male,18-30,16961,541,0,1,0,1
White,Female,60+,68675,669,5,4,0,1
Black,Male,31-45,95897,572,2,2,1,1
Hispanic,Male,46-60,26772,747,0,1,1,1
White,Female,18-30,15997,422,6,3,0,1
Black,Male,60+,46185,552,5,4,1,0
Hispanic,Male,18-30,80491,324,9,4,0,1
White,Male,46-60,52262,777,9,3,1,1
White,Male,31-45,30803,790,6,1,0,1
Hispanic,Female,46-60,95622,811,6,2,0,1
White,Female,18-30,90715,343,1,3,0,1
Black,Male,18-30,60768,731,3,3,0,1
White,Male,18-30,57923,740,4,1,0,1
Black,Male,46-60,92690,597,8,1,0,1
Black,Female,46-60,88902,438,7,3,0,1
Black,Female,18-30,60418,583,7,3,0,1
Asian,Female,18-30,62655,471,8,4,1,1
White,Male,46-60,25100,831,6,2,1,1
Hispanic,Non-binary,31-45,48352,427,5,2,1,1
White,Female,60+,20141,685,8,4,0,1
Black,Female,60+,73658,844,4,1,0,1
White,Female,46-60,92500,693,4,3,1,1
White,Female,46-60,16658,382,2,4,1,1
Hispanic,Female,46-60,87594,708,8,4,0,1
White,Male,46-60,52059,646,1,2,0,1
White,Male,31-45,60906,846,9,2,0,1
White,Female,18-30,96030,534,2,1,1,1
Black,Male,31-45,16675,845,3,3,0,1
Black,Male,18-30,93426,435,0,3,0,1
Asian,Male,31-45,34871,388,1,1,0,1
Asian,Male,46-60,72114,516,4,4,1,1
Hispanic,Female,18-30,77904,546,5,2,0,1
White,Female,31-45,35420,807,5,1,0,1
White,Female,18-30,54250,441,2,1,0,1
White,Male,18-30,92938,479,3,4,1,1
White,Male,31-45,67211,534,8,3,0,1
Asian,Female,46-60,77836,541,0,4,1,1
Hispanic,Male,31-45,67742,542,8,3,0,1
White,Female,31-45,88416,538,7,1,1,1
Asian,Female,18-30,97980,479,3,2,0,1
Hispanic,Female,60+,49097,591,3,2,0,1
Asian,Male,60+,58388,350,4,2,0,1
White,Female,46-60,28192,715,9,1,0,1
White,Male,31-45,36039,783,1,1,0,1
White,Female,46-60,48032,726,6,3,0,1
White,Female,60+,66891,783,1,1,1,1
White,Female,46-60,89061,304,6,3,0,1
White,Male,31-45,57242,695,4,2,1,1
Hispanic,Male,60+,74059,766,6,1,1,1
White,Male,18-30,95023,531,0,4,0,1
Black,Female,60+,57651,462,8,3,0,0
Asian,Male,18-30,95550,683,3,2,1,1
Hispanic,Female,31-45,64994,839,9,3,0,1
Hispanic,Female,31-45,73576,652,7,1,0,1
Black,Female,60+,18153,726,5,2,1,1
White,Male,60+,28810,398,3,4,0,1
White,Female,46-60,89448,828,9,2,1,1
White,Non-binary,60+,15664,502,7,2,0,0
White,Male,31-45,63488,463,8,1,1,1
Hispanic,Female,60+,95141,848,4,1,0,1
White,Female,60+,81004,445,9,1,0,1
White,Male,60+,84898,586,7,4,1,1
Black,Male,46-60,53574,364,3,2,1,1
Black,Female,31-45,41627,458,9,1,0,1
White,Female,31-45,67146,415,3,3,1,1
White,Male,31-45,58624,339,8,3,1,1
Black,Non-binary,18-30,78777,582,6,2,0,1
Black,Female,18-30,90025,799,4,3,0,1
Black,Male,46-60,94355,659,6,3,0,1
White,Female,31-45,97450,314,0,1,1,1
White,Male,18-30,47721,446,1,2,0,1
White,Male,46-60,71462,367,3,1,0,1
White,Male,31-45,53474,442,9,3,0,1
White,Male,46-60,71098,528,1,3,1,1
Asian,Female,31-45,40123,802,5,3,1,1
Black,Male,31-45,81292,734,1,2,1,1
Black,Male,31-45,85897,312,7,4,0,1
White,Female,46-60,20263,358,6,3,1,1
White,Female,60+,93566,753,4,3,1,1
White,Male,18-30,49091,649,9,4,1,1
White,Female,46-60,73275,399,0,4,1,1
Black,Male,31-45,81973,586,7,2,1,1
Hispanic,Male,18-30,71335,568,3,4,0,1
Hispanic,Male,18-30,68071,648,3,4,0,1
Hispanic,Male,18-30,64747,796,3,1,1,1
Asian,Female,46-60,93856,355,0,4,0,1
Asian,Female,60+,47892,601,9,4,0,1
Asian,Female,18-30,43717,799,9,2,0,1
Black,Male,60+,20854,759,1,2,1,0
White,Male,46-60,92227,488,6,1,0,1
White,Female,46-60,28121,661,0,2,1,1
Asian,Male,31-45,15633,495,4,1,0,1
White,Male,31-45,98441,828,8,4,0,1
White,Male,46-60,49651,447,7,4,0,1
White,Male,46-60,31969,392,7,4,0,1
Hispanic,Male,18-30,69355,772,4,3,0,1
Asian,Male,31-45,56566,705,3,2,1,1
White,Male,60+,94796,757,9,1,0,1
White,Female,31-45,80964,508,1,2,1,1
Hispanic,Male,46-60,50247,667,0,1,1,1
Black,Male,31-45,45451,741,1,4,1,0
White,Male,31-45,97550,511,6,1,1,1
Asian,Male,46-60,16105,813,5,4,1,1
Black,Female,31-45,56995,584,6,1,1,0
White,Male,46-60,41977,305,9,4,1,1
White,Female,31-45,64196,447,2,3,1,1
White,Female,31-45,83187,766,4,4,1,1
Hispanic,Female,46-60,48451,321,2,2,1,0
White,Female,31-45,30739,734,8,1,0,1
White,Female,46-60,95610,313,7,4,0,1
White,Female,60+,90152,676,6,4,0,1
Black,Female,18-30,39138,817,5,4,1,1
White,Male,31-45,34772,576,3,4,1,1
Black,Female,46-60,70708,705,3,3,0,0
White,Female,46-60,40331,481,1,3,1,1
Hispanic,Male,31-45,73456,665,5,1,1,1
Hispanic,Female,46-60,69825,600,5,3,1,0
White,Female,31-45,93037,803,9,2,0,1
White,Female,46-60,47919,609,1,2,1,1
White,Female,31-45,55948,484,6,2,1,1
Black,Male,18-30,74410,379,9,1,0,1
Hispanic,Female,60+,93318,502,3,1,0,1
Hispanic,Male,18-30,35840,347,5,1,0,0
White,Female,60+,82649,768,5,2,1,1
White,Male,46-60,41458,597,6,4,1,1
Black,Male,18-30,49879,578,2,4,0,1
Hispanic,Female,60+,87135,481,4,2,0,1
Hispanic,Male,18-30,96035,778,4,3,0,1
White,Female,46-60,78004,731,3,1,0,1
Asian,Non-binary,18-30,73780,691,9,1,1,1
White,Male,60+,88941,349,9,4,0,1
White,Female,31-45,66908,692,9,4,0,1
White,Female,31-45,21013,624,6,3,1,1
White,Male,31-45,31995,728,4,4,1,1
Hispanic,Male,60+,92836,452,2,3,1,1
White,Female,46-60,92678,650,3,1,0,1
White,Female,18-30,89881,453,1,2,0,1
White,Female,46-60,87224,639,2,2,1,1
White,Male,60+,95643,305,4,4,0,1
Asian,Female,18-30,38113,780,0,1,0,1
Hispanic,Male,31-45,91216,767,3,2,0,1
White,Male,60+,73208,615,4,1,0,1
White,Female,31-45,37206,310,4,4,0,1
Hispanic,Female,18-30,50595,565,7,4,0,1
Hispanic,Male,46-60,28455,766,2,1,1,1
Black,Female,60+,41683,710,8,2,1,1
Black,Male,46-60,55162,781,3,4,0,1
Black,Female,18-30,50255,675,9,2,0,1
White,Male,31-45,20299,447,4,4,0,1
Black,Female,31-45,40103,345,1,4,0,1
Black,Female,31-45,53375,368,1,1,1,1
Hispanic,Male,60+,89450,362,8,1,1,1
White,Female,18-30,56246,459,8,1,0,1
White,Female,18-30,33432,467,1,4,0,1
White,Female,18-30,36942,391,0,1,0,1
Black,Female,31-45,48309,577,0,4,1,1
Black,Non-binary,46-60,91750,621,8,3,1,1
White,Female,60+,98471,590,4,4,0,1
Black,Male,46-60,84799,326,2,3,1,1
Black,Female,46-60,50609,746,0,1,0,1
White,Female,18-30,15462,676,3,1,0,1
White,Male,46-60,74802,328,2,2,0,1
Asian,Male,46-60,59276,462,4,1,1,1
Black,Non-binary,31-45,31014,336,9,1,1,0
Hispanic,Female,31-45,18527,810,7,2,0,1
Asian,Male,31-45,59018,303,6,2,1,1
White,Female,60+,58456,668,4,1,0,1
White,Male,46-60,15482,547,9,2,1,1
White,Male,46-60,63263,821,2,3,1,1
White,Male,31-45,26664,841,4,3,0,1
Hispanic,Male,46-60,29363,690,0,4,0,0
White,Female,46-60,29277,417,2,3,1,1
White,Male,18-30,73235,300,1,3,0,1
White,Female,18-30,60930,600,0,3,0,1
Asian,Female,46-60,84125,681,4,3,1,1
Black,Male,46-60,82382,596,0,3,0,1
Hispanic,Male,46-60,41690,623,1,2,1,1
White,Non-binary,18-30,74571,813,0,4,0,1
White,Female,31-45,30310,572,9,2,1,1
Hispanic,Male,18-30,54975,787,7,4,1,0
Black,Male,31-45,94443,692,7,4,0,1
White,Male,60+,76071,599,0,4,0,1
Black,Female,31-45,24289,739,6,2,1,1
White,Female,31-45,46821,378,2,2,0,1
White,Non-binary,31-45,94886,730,2,2,0,1
Black,Non-binary,31-45,81216,487,1,3,1,1
White,Male,60+,62625,844,1,1,1,1
Hispanic,Non-binary,46-60,96895,301,9,4,1,1
Black,Non-binary,46-60,68051,359,5,1,0,1
Hispanic,Female,31-45,29628,703,4,4,0,1
White,Male,46-60,92567,421,5,2,1,1
Black,Male,31-45,67493,381,9,4,0,0
Hispanic,Male,31-45,66933,591,2,1,1,1
Black,Male,18-30,22604,417,6,1,0,1
Black,Female,31-45,49973,444,9,4,0,1
Black,Female,46-60,84562,680,3,4,0,1
White,Female,46-60,35414,460,1,3,0,1
Hispanic,Female,60+,80378,356,6,3,0,1
White,Male,18-30,30310,525,3,1,1,1
Asian,Female,31-45,64374,481,0,3,0,1
Hispanic,Female,60+,28179,715,8,3,0,1
Black,Male,46-60,77962,614,0,1,1,1
Asian,Female,18-30,92181,819,0,4,0,1
Black,Male,18-30,54362,669,6,3,0,1
Hispanic,Male,46-60,28400,304,6,2,1,1
White,Female,60+,68007,469,8,2,1,1
White,Female,18-30,73574,661,4,4,0,1
Black,Female,60+,17899,479,1,1,0,1
White,Female,31-45,97984,480,7,1,1,1
Black,Male,18-30,79187,312,2,2,0,1
White,Non-binary,31-45,35565,511,4,3,0,1
Asian,Female,18-30,74810,414,5,1,0,1
Black,Female,31-45,29618,335,2,3,0,1
White,Female,18-30,85923,838,5,3,0,1
White,Male,46-60,64568,528,4,4,0,1
Hispanic,Female,31-45,33583,396,6,1,1,1
Hispanic,Non-binary,18-30,54065,390,9,2,0,1
White,Male,46-60,30835,516,1,2,1,1
White,Male,46-60,85931,419,7,2,1,1
Asian,Non-binary,31-45,80223,432,5,4,1,1
Asian,Male,31-45,42825,350,0,4,0,1
White,Female,31-45,46861,339,1,2,0,1
White,Male,18-30,69991,582,2,4,0,1
Black,Female,46-60,24823,806,2,2,0,0
Black,Female,46-60,37813,786,9,2,1,1
Black,Female,31-45,66682,508,2,3,1,1
White,Female,18-30,15655,481,4,2,1,1
White,Male,18-30,36167,677,8,1,0,1
Black,Male,18-30,38944,502,5,4,0,1
White,Male,46-60,70989,820,8,1,1,1
White,Female,18-30,66602,566,2,2,1,1
Black,Male,31-45,87865,369,8,2,0,1
White,Male,31-45,15599,329,3,1,1,1
Black,Female,31-45,94027,522,6,1,0,1
Hispanic,Male,31-45,85455,770,0,4,1,1
White,Female,60+,87491,632,9,1,0,1
Black,Male,46-60,15449,417,2,2,0,0
Black,Female,31-45,42366,720,3,4,0,1
White,Female,46-60,64112,759,7,4,1,1
Hispanic,Female,46-60,36757,631,0,1,1,1
White,Female,60+,35875,550,6,2,0,1
White,Male,60+,54027,783,3,4,0,1
White,Female,46-60,18698,672,2,2,0,1
Black,Female,31-45,74681,508,7,2,0,1
Black,Male,18-30,33669,440,4,2,0,0
White,Male,31-45,97750,585,5,1,0,1
Asian,Female,18-30,59369,419,1,3,1,1
White,Female,31-45,27322,583,0,4,1,0
White,Male,31-45,30023,450,6,4,1,1
White,Male,46-60,55108,604,7,4,0,1
White,Male,46-60,64878,713,2,3,0,1
Asian,Male,60+,68168,500,5,4,0,1
Black,Female,46-60,69552,667,0,3,0,1
Hispanic,Male,18-30,74653,325,3,1,1,1
White,Male,46-60,26246,679,1,1,0,1
White,Non-binary,18-30,20382,636,0,2,0,1
Asian,Male,60+,32557,557,2,4,1,1
White,Male,60+,74890,803,1,4,1,1
White,Non-binary,18-30,77764,756,4,4,1,1
White,Male,46-60,54903,697,8,3,0,1
White,Non-binary,31-45,29434,630,7,1,0,1
Black,Female,31-45,41101,644,1,2,0,1
White,Male,31-45,25609,771,6,2,0,1
Hispanic,Female,60+,26927,766,2,2,0,0
White,Female,18-30,49287,364,5,4,0,1
White,Female,60+,47387,660,8,4,0,1
Hispanic,Male,31-45,47943,675,2,2,0,1
Black,Female,60+,62319,699,9,2,0,0
Hispanic,Non-binary,31-45,47128,653,9,2,0,1
White,Male,46-60,62460,604,1,1,0,1
White,Male,46-60,96089,718,1,4,1,1
Asian,Male,60+,99148,832,4,2,0,1
Hispanic,Male,31-45,30245,456,5,4,1,1
White,Male,31-45,51598,537,3,1,1,1
White,Male,31-45,86741,670,5,1,0,1
White,Female,18-30,24251,815,3,3,0,1
Hispanic,Male,60+,88492,390,4,3,0,1
Black,Female,46-60,78128,592,6,4,0,1
Black,Male,18-30,49247,409,5,4,1,1
Hispanic,Male,31-45,72971,677,1,4,1,1
Asian,Male,31-45,67301,762,8,2,1,1
Hispanic,Female,60+,37147,699,9,4,1,0
White,Female,31-45,61546,759,4,4,1,1
White,Female,60+,29301,772,8,2,0,1
Hispanic,Male,18-30,74355,327,4,3,0,0
White,Female,46-60,89970,359,2,2,0,1
Hispanic,Male,31-45,59988,672,6,1,0,1
White,Male,60+,94652,544,7,1,1,1
White,Female,46-60,78403,722,4,4,0,1
White,Female,46-60,19738,541,8,4,0,1
White,Female,31-45,49587,328,2,4,0,1
White,Male,46-60,44138,828,7,2,1,1
White,Male,46-60,70909,399,1,3,1,1
White,Male,18-30,91502,310,9,2,1,1
White,Female,18-30,68560,722,0,4,1,1
Hispanic,Female,18-30,85905,757,6,3,1,1
White,Female,31-45,98933,566,9,1,0,1
White,Female,46-60,47424,710,4,3,0,1
Black,Male,46-60,47365,482,6,3,0,1
Hispanic,Female,31-45,19010,404,2,2,1,1
White,Male,18-30,96201,817,2,3,1,1
White,Female,46-60,66255,713,0,3,0,1
Hispanic,Female,31-45,23336,317,2,1,0,1
White,Female,31-45,95924,594,0,3,0,1
Hispanic,Male,31-45,49023,633,3,2,0,0
White,Male,18-30,94791,605,9,1,0,1
Black,Female,31-45,84493,480,4,3,0,1
Black,Female,18-30,29849,527,9,4,0,1
White,Male,46-60,95620,847,8,3,1,1
White,Female,18-30,75070,308,0,1,0,1
White,Male,31-45,35022,400,7,3,0,1
Black,Female,46-60,66186,502,3,1,0,1
Asian,Female,46-60,25014,731,3,1,1,1
White,Male,31-45,44721,551,0,2,1,1
White,Male,18-30,15747,647,7,3,0,1
Black,Female,18-30,16339,671,4,4,0,1
White,Male,18-30,39816,842,2,1,0,1
White,Female,46-60,24009,524,4,1,0,1
Asian,Male,46-60,56081,442,6,2,0,1
Asian,Female,31-45,22867,493,8,2,1,1
Hispanic,Male,46-60,92186,658,8,2,0,1
White,Male,31-45,43307,554,6,1,1,1
White,Male,46-60,75343,838,8,4,0,1
Black,Female,18-30,49676,443,8,1,1,0
White,Male,18-30,60057,746,2,2,1,1
White,Female,18-30,40830,838,4,2,1,1
Black,Male,18-30,36495,718,1,2,1,1
Hispanic,Male,31-45,81110,451,9,2,0,1
Black,Female,18-30,36868,382,4,1,1,1
White,Male,18-30,81764,466,6,2,1,1
Black,Female,46-60,87668,811,4,4,0,1
Black,Male,31-45,33878,819,7,4,0,1
White,Male,31-45,80842,365,9,1,1,1
White,Male,31-45,36767,467,1,2,1,1
Black,Male,31-45,20045,821,5,3,1,1
White,Male,31-45,25313,772,9,3,1,1
White,Male,18-30,76349,763,5,1,0,1
White,Male,46-60,51023,651,3,2,1,1
Hispanic,Female,31-45,67288,770,0,4,0,1
White,Male,18-30,71490,462,5,2,1,1
White,Female,31-45,74938,620,8,4,1,1
White,Male,60+,42843,383,0,4,1,1
Asian,Female,46-60,83994,507,5,4,0,1
Asian,Female,46-60,56047,784,3,4,0,1
White,Male,18-30,68584,846,8,4,0,1
Asian,Non-binary,60+,90674,848,8,4,0,1
Black,Male,18-30,51154,610,6,4,0,1
Hispanic,Male,31-45,33899,320,0,2,1,0
White,Non-binary,31-45,42174,313,2,4,1,1
White,Male,31-45,86531,445,0,2,1,1
Black,Female,46-60,99274,846,4,3,1,1
White,Non-binary,18-30,30901,748,6,1,1,1
Asian,Female,18-30,94046,545,4,3,1,1
Hispanic,Female,60+,38834,538,2,3,1,1
Hispanic,Female,46-60,73009,827,4,2,1,1
White,Female,18-30,16955,665,8,1,1,1
White,Female,18-30,64034,803,2,1,1,1
White,Female,31-45,45453,657,9,4,0,1
Asian,Female,46-60,19969,832,5,3,0,1
Black,Female,18-30,75290,325,1,3,1,1
White,Female,46-60,29833,474,3,2,0,1
Black,Female,18-30,40806,799,6,4,0,1
White,Male,31-45,92753,658,8,1,1,1
White,Male,46-60,16579,317,3,3,0,1
White,Female,46-60,27888,724,9,3,0,1
Hispanic,Male,60+,25575,515,2,3,1,1
Black,Female,46-60,46226,535,6,2,0,1
White,Female,18-30,17143,575,1,2,1,1
White,Male,18-30,22236,764,3,1,0,1
White,Male,60+,83682,768,4,4,0,1
Black,Female,46-60,38904,541,2,2,1,0
White,Male,46-60,40563,413,4,1,1,1
White,Female,46-60,81433,365,1,3,1,1
White,Male,31-45,79085,528,7,1,0,1
Asian,Female,31-45,95458,598,4,1,1,1
White,Male,18-30,81399,718,7,3,1,1
Asian,Male,46-60,75388,531,2,3,0,1
White,Male,46-60,91654,781,1,2,1,1
Hispanic,Non-binary,31-45,15959,739,8,3,0,1
Black,Male,46-60,24348,651,4,3,1,1
Hispanic,Male,18-30,23154,565,7,4,1,1
White,Male,46-60,34335,625,9,3,0,1
White,Female,31-45,58132,760,4,4,0,1
White,Male,46-60,94490,625,5,3,0,1
White,Male,46-60,81783,844,1,2,0,1
Asian,Female,31-45,19885,785,0,3,1,1
White,Female,46-60,36721,810,1,1,1,1
Asian,Male,31-45,87394,518,1,1,0,1
Black,Male,18-30,98206,444,8,3,1,1
Hispanic,Male,60+,90493,313,6,1,0,1
White,Female,46-60,69634,711,4,2,0,1
White,Male,46-60,42464,371,8,3,0,1
White,Male,46-60,71442,596,7,3,1,1
Black,Non-binary,18-30,90617,492,9,2,1,1
Asian,Female,46-60,51218,353,6,3,0,1
White,Male,31-45,41922,500,4,3,0,1
Hispanic,Female,18-30,41649,687,7,4,0,1
White,Female,46-60,69603,624,9,2,0,1
Asian,Male,31-45,64017,540,4,1,0,1
Hispanic,Female,60+,51604,340,4,3,0,1
White,Male,31-45,35388,805,4,3,1,1
Hispanic,Male,60+,63760,785,1,4,0,1
Hispanic,Female,31-45,84681,514,8,3,1,0
Hispanic,Female,31-45,41486,486,9,4,1,1
White,Female,18-30,56250,685,5,4,1,1
Hispanic,Female,31-45,42057,494,1,4,1,1
White,Male,60+,98655,327,0,4,0,1
Black,Female,46-60,37027,551,3,1,1,1
White,Male,18-30,48906,415,3,2,1,1
Black,Female,60+,27487,500,4,2,0,1
Asian,Female,31-45,44946,523,3,3,0,1
White,Female,46-60,92992,479,0,2,0,1
Hispanic,Male,60+,68662,793,1,4,0,1
White,Male,31-45,59628,373,5,4,0,1
White,Male,18-30,37238,796,9,1,1,1
White,Male,46-60,65463,471,8,1,0,1
Black,Male,18-30,63878,739,7,3,0,1
White,Female,46-60,29418,447,6,2,0,1
Asian,Female,60+,22342,488,6,1,1,1
White,Female,60+,90997,820,0,4,1,1
Black,Female,60+,47840,580,4,4,0,0
Black,Male,18-30,80309,564,3,1,0,1
White,Male,31-45,43142,536,4,1,1,1
Hispanic,Male,18-30,74164,696,5,1,0,1
White,Female,46-60,99147,440,5,2,1,1
Hispanic,Male,46-60,59782,514,9,4,1,1
White,Male,46-60,99547,582,4,3,1,1
White,Female,18-30,53577,714,2,2,1,1
Asian,Male,60+,49334,363,2,3,0,1
Black,Female,46-60,50488,611,7,1,0,1
Black,Male,31-45,22920,575,7,1,0,0
White,Female,31-45,90584,392,7,4,0,1
White,Female,31-45,24234,412,6,4,0,1
Hispanic,Male,18-30,55334,497,4,1,0,0
Black,Female,46-60,71066,368,5,3,0,1
White,Female,60+,96851,654,5,2,1,1
White,Female,31-45,27458,439,8,1,0,0
Asian,Non-binary,31-45,86220,767,4,3,1,1
Asian,Male,46-60,41437,651,6,1,0,1
White,Male,46-60,35374,665,8,4,0,1
Hispanic,Female,31-45,98176,745,8,3,1,1
White,Female,46-60,61700,674,0,2,0,1
Hispanic,Female,60+,49734,546,6,4,1,1
White,Male,60+,40608,812,8,1,1,1
Hispanic,Male,31-45,87385,543,3,1,0,1
Black,Female,46-60,63564,381,2,2,0,1
White,Male,31-45,74496,405,0,1,0,1
Black,Male,18-30,20468,405,6,2,1,1
White,Male,60+,75841,792,7,2,1,1
White,Male,31-45,73285,625,8,1,0,1
White,Female,46-60,67190,363,2,3,0,1
Asian,Male,60+,15759,330,2,2,0,0
Asian,Male,46-60,97176,777,0,1,1,1
Hispanic,Female,18-30,16629,401,4,2,1,1
Hispanic,Female,46-60,66035,584,7,4,1,1
White,Male,46-60,42388,516,6,3,0,1
White,Female,18-30,22385,338,6,3,1,1
Asian,Male,46-60,49551,333,3,2,0,1
White,Female,31-45,93248,449,0,3,1,1
Asian,Non-binary,60+,37994,357,6,2,1,1
Black,Male,31-45,86522,362,2,4,1,1
Black,Female,31-45,78264,486,4,3,0,1
White,Male,31-45,37087,370,8,1,1,1
White,Non-binary,18-30,82571,425,2,3,1,1
Black,Male,31-45,20104,305,1,3,0,1
White,Female,60+,43516,847,9,2,1,1
White,Female,31-45,56129,536,7,1,1,1
White,Male,18-30,67921,802,1,1,1,1
Black,Male,18-30,93959,737,5,3,0,1
Black,Male,18-30,15223,369,5,1,1,0
White,Female,31-45,25962,333,1,1,1,1
White,Female,18-30,78645,456,4,3,1,1
White,Female,31-45,90529,561,0,1,0,1
White,Female,18-30,41559,364,6,3,1,1
White,Female,60+,23099,691,1,4,1,1
Black,Male,46-60,99226,627,8,1,0,1
Black,Female,46-60,64236,449,0,1,0,1
Black,Male,18-30,97909,408,3,1,1,1
Black,Male,46-60,60722,827,5,2,1,1
Black,Female,18-30,93401,792,2,4,1,1
White,Male,18-30,83551,627,5,3,1,1
White,Male,46-60,88130,413,3,1,0,1
White,Female,46-60,40750,796,1,1,1,1
Asian,Female,46-60,92350,407,9,3,0,1
White,Male,18-30,96256,359,4,4,1,1
Hispanic,Male,18-30,88123,586,9,4,0,1
Hispanic,Female,60+,95525,681,7,3,0,1
Hispanic,Female,60+,42486,324,1,3,1,1
White,Female,46-60,34630,542,5,1,0,1
Black,Male,18-30,85941,621,7,3,0,1
White,Female,46-60,78247,825,5,2,0,1
White,Male,60+,20195,605,4,1,1,1
White,Female,46-60,62931,387,2,1,1,1
Hispanic,Female,46-60,64879,324,7,3,0,1
Black,Female,46-60,89793,410,9,3,0,1
Hispanic,Female,46-60,19517,835,1,2,0,1
Asian,Male,18-30,51063,595,9,2,0,1
Black,Female,31-45,64575,553,8,1,0,1
White,Male,31-45,95445,745,7,1,0,1
Hispanic,Male,31-45,88540,817,5,3,1,1
White,Male,18-30,72005,465,8,3,0,1
White,Male,60+,52934,713,5,2,0,1
White,Male,31-45,39961,692,7,2,0,1
Black,Female,31-45,70474,531,4,4,1,1
Asian,Female,60+,38167,588,6,4,0,1
Black,Male,31-45,51570,545,1,2,1,1
White,Non-binary,60+,32409,666,0,3,0,1
Black,Male,18-30,87484,462,7,2,0,1
Black,Female,46-60,17488,397,4,3,0,1
Hispanic,Male,31-45,60205,395,8,3,1,1
White,Male,46-60,90617,509,6,2,1,1
White,Female,46-60,16087,809,3,3,1,1
White,Female,46-60,31982,526,4,3,1,1
Black,Female,18-30,58593,731,2,3,0,1
Hispanic,Female,31-45,57766,412,4,2,1,0
Black,Female,18-30,28243,353,9,4,0,1
White,Female,31-45,38996,548,3,3,1,1
White,Male,31-45,45141,337,2,3,1,1
Black,Male,46-60,28351,760,7,4,0,1
White,Non-binary,46-60,22843,634,3,4,0,1
Black,Male,18-30,51202,751,9,2,1,1
Asian,Male,60+,28990,610,3,4,0,1
White,Male,31-45,88231,529,7,3,1,1
White,Female,31-45,39694,714,4,2,0,1
Hispanic,Female,31-45,56762,681,4,2,0,1
White,Male,46-60,41615,584,4,4,0,1
Asian,Male,18-30,81463,841,5,3,0,1
Hispanic,Male,31-45,98758,510,4,3,0,1
White,Male,46-60,28527,577,0,1,0,1
Black,Male,18-30,64598,796,0,1,1,1
White,Female,31-45,53804,736,5,3,0,1
White,Male,46-60,20970,740,1,4,1,1
Black,Male,18-30,97079,430,2,2,1,1
White,Male,18-30,66949,841,5,2,1,1
Asian,Female,31-45,65977,315,1,4,0,1
Black,Male,18-30,93259,798,5,4,0,1
Hispanic,Male,18-30,35817,749,5,1,1,1
White,Male,60+,88994,532,1,2,1,1
Hispanic,Male,46-60,68578,712,9,4,1,1
White,Female,18-30,74387,369,1,1,0,1
Black,Female,31-45,67049,657,6,2,0,1
Hispanic,Male,31-45,83519,829,8,3,1,1
White,Female,60+,44126,339,0,4,1,1
White,Female,46-60,19469,437,7,2,0,1
White,Female,31-45,98248,385,3,2,0,1
Hispanic,Female,31-45,29446,579,5,2,1,1
Hispanic,Male,60+,96757,306,2,1,0,1
Black,Female,46-60,77443,780,9,1,0,1
Black,Female,18-30,45736,439,0,2,1,1
Hispanic,Female,31-45,16157,653,0,3,0,1
White,Female,46-60,16335,484,4,3,1,1
Hispanic,Female,31-45,80163,480,3,3,1,1
Hispanic,Male,46-60,42156,826,7,4,0,0
White,Female,31-45,64345,500,2,1,0,1
White,Male,18-30,77099,371,2,3,1,1
Asian,Male,60+,45527,619,1,1,1,1
Hispanic,Female,46-60,69547,519,8,2,0,1
Asian,Male,60+,41718,394,4,1,0,0
Black,Male,18-30,71855,362,8,4,1,1
White,Male,60+,36689,818,6,3,0,1
White,Female,60+,82632,533,7,2,0,1
Hispanic,Female,46-60,91001,482,6,4,1,1
Black,Male,46-60,35234,548,4,2,1,1
White,Female,46-60,98333,799,1,2,0,1
White,Female,31-45,85586,352,7,4,0,1
White,Male,31-45,86602,449,4,2,0,1
White,Female,31-45,64647,658,7,4,0,1
Hispanic,Male,18-30,27400,384,4,3,0,1
Asian,Female,18-30,84420,704,0,2,0,1
Hispanic,Male,31-45,87752,645,9,4,1,1
White,Male,46-60,59199,681,8,1,0,1
White,Male,31-45,34207,629,4,2,0,1
White,Male,60+,72523,644,1,4,1,1
White,Female,18-30,27781,753,3,1,1,1
White,Female,18-30,96689,745,0,2,0,1
Asian,Female,31-45,81291,546,3,4,0,1
Hispanic,Female,46-60,16419,495,4,4,0,1
White,Male,46-60,89336,829,1,3,0,1
White,Female,46-60,41092,336,5,2,0,1
White,Female,18-30,79831,561,3,1,1,1
Hispanic,Female,46-60,74078,332,4,3,0,0
Hispanic,Female,46-60,49166,847,9,3,0,1
Black,Male,60+,60903,538,9,4,0,1
Asian,Male,60+,27376,701,4,3,1,1
White,Female,31-45,20666,700,3,4,1,1
White,Male,18-30,93172,431,0,3,0,1
White,Male,46-60,39809,515,4,4,1,1
White,Female,18-30,99827,758,3,4,0,1
Black,Male,31-45,86250,515,5,4,0,1
White,Male,46-60,97599,695,6,4,0,1
White,Male,46-60,88306,495,3,3,0,1
Black,Female,46-60,39545,659,2,1,0,1
Black,Female,31-45,99642,575,0,4,1,1
White,Male,31-45,97015,817,1,2,1,1
White,Male,46-60,88614,600,0,1,1,1
White,Male,60+,84540,380,8,1,0,1
Hispanic,Non-binary,18-30,71728,634,3,2,0,1
White,Male,46-60,84581,580,6,2,0,1
White,Female,18-30,56366,406,5,4,0,1
Black,Female,46-60,66254,441,0,2,0,1
White,Male,18-30,66149,647,1,3,1,1
White,Female,60+,30939,741,3,3,0,1
White,Male,31-45,71325,664,5,4,0,1
White,Non-binary,60+,57875,710,4,4,1,1
Asian,Female,31-45,31265,340,2,3,0,1
Black,Female,31-45,30153,735,8,3,0,1
White,Female,31-45,90259,479,6,2,0,1
Black,Male,60+,52744,809,5,4,1,1
White,Male,46-60,40851,808,4,2,1,1
White,Female,31-45,91173,474,7,4,0,1
White,Male,46-60,65700,415,7,2,0,1
Black,Male,18-30,67479,767,9,3,0,1
White,Female,18-30,97805,418,9,2,0,1
Black,Non-binary,31-45,22238,461,9,4,0,0
Hispanic,Female,18-30,55672,333,9,1,0,1
White,Female,31-45,84002,315,4,2,0,1
Black,Female,46-60,97339,727,0,3,1,1
Asian,Female,46-60,30946,590,2,4,1,1
Hispanic,Female,31-45,64718,613,3,2,0,1
Black,Male,46-60,59065,329,0,1,1,0
Hispanic,Male,60+,58485,716,0,2,1,1
Black,Non-binary,31-45,50654,651,3,4,1,1
Asian,Female,18-30,35397,761,3,3,0,1
White,Female,46-60,78268,347,6,4,0,1
Hispanic,Male,46-60,43603,639,5,3,1,1
White,Male,31-45,33321,810,0,1,1,1
White,Non-binary,18-30,89844,789,0,1,0,1
Hispanic,Female,31-45,59815,776,5,3,0,1
Hispanic,Female,18-30,36657,847,6,1,1,1
White,Male,46-60,89746,727,1,4,1,1
White,Male,60+,26570,599,2,1,0,1
White,Male,31-45,68834,475,1,2,1,1
Asian,Male,18-30,19447,655,5,4,0,1
White,Male,46-60,26097,610,0,1,0,1
White,Female,18-30,75320,780,6,4,0,1
Hispanic,Male,18-30,43731,514,9,3,0,1
Black,Female,31-45,55612,494,1,1,0,1
Asian,Female,18-30,38434,342,4,1,0,1
Asian,Male,31-45,53604,485,0,1,1,1
White,Female,46-60,32825,740,9,1,0,1
Black,Female,18-30,28507,797,9,1,0,1
Black,Male,60+,20685,315,6,4,0,0
Black,Female,46-60,87135,615,4,1,1,1
Black,Male,60+,65169,354,4,3,0,1
White,Female,46-60,92937,371,7,2,0,1
Asian,Male,18-30,97363,598,7,3,0,1
White,Female,31-45,82338,556,7,4,1,1
White,Female,46-60,69293,800,2,4,1,1
White,Female,31-45,68803,680,7,2,0,1
Black,Male,18-30,65033,342,4,2,0,1
Asian,Male,60+,55846,387,0,3,0,1
White,Male,18-30,41187,776,3,1,1,1
Black,Female,18-30,32248,440,4,4,0,0
White,Male,60+,84023,485,7,3,0,1
White,Male,31-45,98013,377,9,4,0,1
Asian,Male,18-30,90882,501,1,4,1,1
Asian,Male,31-45,37784,815,5,1,0,1
Black,Female,18-30,21629,554,3,2,1,1
Hispanic,Male,46-60,84139,794,2,4,1,1
White,Female,31-45,93961,763,8,4,0,1
Black,Male,31-45,80895,460,4,2,1,1
Hispanic,Male,18-30,37529,440,1,2,1,1
White,Male,18-30,61669,563,2,1,0,1
Asian,Female,31-45,71881,747,8,1,1,1
Hispanic,Male,18-30,55657,627,7,2,0,0
Hispanic,Male,18-30,55080,650,5,2,1,1
White,Male,31-45,83199,803,7,3,1,1
White,Female,18-30,79567,629,0,1,0,1
Hispanic,Male,46-60,47617,576,1,2,1,1
Black,Female,18-30,48566,610,5,2,1,0
Black,Male,60+,28628,792,4,3,0,0
White,Female,18-30,20456,362,0,3,0,1
White,Female,18-30,27631,330,3,4,0,1
Hispanic,Female,31-45,66436,375,7,1,0,1
Black,Male,46-60,54555,600,8,3,1,1
Black,Male,18-30,64651,327,0,1,0,1
Black,Female,60+,74182,637,1,2,1,1
Hispanic,Female,46-60,33942,844,2,2,0,1
Hispanic,Female,31-45,92299,583,6,2,0,1
White,Male,46-60,26304,339,4,3,1,1
White,Male,46-60,52248,631,1,2,1,1
White,Female,60+,66801,643,2,1,0,1
Black,Male,46-60,86081,357,7,2,1,1
White,Non-binary,46-60,93358,824,3,1,1,1
Black,Female,31-45,96164,383,9,3,0,1
White,Male,60+,92525,574,8,3,0,1
Hispanic,Female,46-60,41334,325,5,4,1,0
White,Female,31-45,76613,478,7,3,1,1
White,Male,31-45,45667,573,9,3,1,1
Asian,Male,31-45,71618,780,5,3,1,1
White,Male,18-30,43091,470,1,1,0,1
Asian,Male,31-45,72456,746,9,4,0,1
White,Female,46-60,81584,322,7,3,0,1
White,Female,18-30,69068,630,6,2,0,1
White,Male,31-45,39505,689,3,2,1,1
Black,Female,60+,32921,625,5,1,0,1
White,Non-binary,60+,81624,534,8,3,0,1
Asian,Male,60+,27115,758,0,3,0,0
Hispanic,Female,31-45,52017,399,8,3,1,0
Black,Female,18-30,51946,643,9,3,0,1
Asian,Female,60+,71654,790,3,1,0,1
White,Female,18-30,70091,565,0,4,0,1
Hispanic,Female,18-30,77209,451,7,4,0,1
Hispanic,Male,46-60,41561,416,7,1,1,0
Black,Male,31-45,75977,754,8,3,1,1
White,Male,46-60,70673,731,9,4,0,1
Black,Male,46-60,70008,688,0,1,0,1
Asian,Male,18-30,17441,795,1,3,0,1
White,Female,18-30,89991,474,5,3,0,1
White,Female,18-30,80581,418,4,4,0,1
Black,Male,60+,70380,361,2,2,0,1
Black,Non-binary,46-60,32620,309,2,1,0,1
White,Male,18-30,68482,380,8,4,0,1
Hispanic,Male,46-60,66468,467,0,2,0,1
Asian,Female,60+,16458,313,3,2,0,1
White,Male,18-30,44007,309,6,1,0,1
Asian,Male,18-30,29521,666,4,4,1,1
White,Non-binary,46-60,22165,345,8,2,0,1
White,Female,46-60,70017,649,9,2,0,1
White,Female,31-45,51760,441,7,2,0,1
White,Non-binary,18-30,41421,815,0,3,1,1
Asian,Female,31-45,93892,367,7,4,1,1
White,Male,46-60,77550,548,9,2,0,1
Black,Male,60+,35411,687,9,3,0,1
White,Male,46-60,82708,369,4,1,1,1
White,Male,31-45,76167,721,5,4,0,1
Asian,Non-binary,46-60,87383,742,0,4,1,1
Hispanic,Female,60+,66630,685,4,3,0,1
Hispanic,Male,46-60,39650,617,3,3,0,1
Black,Non-binary,31-45,50568,720,8,3,1,0
White,Male,46-60,96569,576,3,2,1,1
White,Female,31-45,78495,425,5,4,0,1
White,Male,18-30,49867,807,9,1,1,1
Asian,Male,46-60,93928,667,2,2,0,1
Black,Female,18-30,79981,371,8,2,0,0
White,Female,18-30,95391,370,7,3,1,1
White,Male,60+,38181,492,8,2,0,1
Asian,Female,31-45,55004,814,9,3,1,1
White,Female,46-60,19442,801,5,1,1,1
White,Male,60+,76424,849,7,4,0,1
White,Female,60+,91886,586,0,1,1,1
Asian,Male,18-30,19927,627,0,3,0,0
Hispanic,Male,31-45,23179,414,9,1,1,1
Black,Female,31-45,93971,672,3,2,0,1
White,Male,46-60,26132,324,0,2,0,1
White,Female,18-30,98431,802,6,3,1,1
White,Male,31-45,98265,772,3,1,0,1
Asian,Male,31-45,77660,552,0,2,0,1
Asian,Non-binary,46-60,16744,671,0,2,0,1
White,Male,31-45,43642,556,5,1,1,1
White,Female,46-60,28417,635,5,4,0,1
Asian,Female,46-60,25863,808,5,2,0,1
White,Male,60+,21770,421,8,4,1,1
White,Female,46-60,29914,686,6,1,0,1
White,Male,31-45,49177,347,6,2,0,1
Black,Female,18-30,60710,569,0,1,1,1
Asian,Female,31-45,71694,469,7,3,1,1
White,Male,31-45,86814,540,5,2,0,1
White,Female,60+,62291,634,4,4,1,1
White,Female,31-45,84895,647,5,2,0,1
White,Female,60+,19743,490,8,1,1,1
Asian,Male,18-30,19893,530,3,3,0,0
White,Female,60+,46852,646,6,2,0,1
White,Female,31-45,60907,633,2,1,1,1
Black,Female,18-30,41677,738,1,3,1,1
White,Female,46-60,23885,316,2,1,0,1
White,Female,18-30,45975,610,6,1,0,1
White,Female,60+,93203,739,5,3,0,1
Hispanic,Non-binary,46-60,30028,685,2,1,1,0
White,Female,18-30,15733,615,3,2,0,1
Asian,Male,18-30,28724,457,0,2,0,1
White,Male,60+,76739,584,6,4,0,1
Asian,Male,31-45,78870,811,4,3,0,1
White,Male,60+,48528,639,0,2,0,1
Black,Male,18-30,65709,684,3,3,1,0
Asian,Non-binary,18-30,27790,782,3,1,1,1
Black,Female,18-30,57621,753,6,3,0,1
White,Male,31-45,36387,766,5,4,1,1
Black,Female,31-45,71861,309,9,2,0,1
White,Male,60+,40604,696,9,2,1,1
White,Male,31-45,61273,651,3,3,0,1
Hispanic,Female,31-45,81426,521,4,4,1,1
Black,Female,46-60,86877,497,1,4,1,1
White,Female,31-45,50434,760,6,2,0,1
White,Male,46-60,17466,420,8,3,0,1
Black,Female,31-45,43233,490,8,4,0,0
White,Female,18-30,30695,527,6,4,0,1
White,Female,46-60,69194,711,6,2,0,1
White,Female,60+,41255,476,7,4,0,1
Black,Male,31-45,61127,443,4,4,1,0
White,Male,46-60,30270,708,0,3,0,1
White,Male,60+,77592,823,9,2,0,1
Hispanic,Non-binary,46-60,94228,469,9,2,0,1
Hispanic,Female,60+,21671,584,9,3,0,1
White,Male,31-45,65707,646,2,2,0,1
White,Female,31-45,17433,763,2,2,0,1
Black,Male,31-45,24685,588,2,4,1,1
Hispanic,Female,60+,66460,527,4,1,0,1
White,Male,31-45,91016,791,6,1,1,1
Black,Female,46-60,34622,692,8,4,0,1
Hispanic,Non-binary,60+,82627,415,3,4,1,1
Hispanic,Female,46-60,39744,694,7,1,0,0
White,Male,46-60,73207,644,9,3,1,1
White,Female,31-45,86754,588,5,3,1,1
White,Male,46-60,48561,525,2,2,0,1
Asian,Female,60+,96502,614,9,2,1,1
White,Male,31-45,25635,836,4,1,0,1
Hispanic,Male,31-45,60813,710,7,2,1,1
Asian,Female,60+,23110,797,0,4,0,0
Asian,Male,31-45,62408,780,2,3,0,1
White,Female,60+,34786,522,7,4,1,1
Hispanic,Male,31-45,29037,376,6,4,0,1
Black,Female,31-45,22093,340,0,3,1,0
Hispanic,Female,60+,95713,521,3,2,1,1
White,Female,18-30,38845,509,4,2,1,1
Hispanic,Male,31-45,52400,704,4,4,1,1
Black,Female,46-60,75301,651,4,3,0,1
Black,Male,46-60,74119,759,3,2,1,1
Hispanic,Male,31-45,97466,356,8,3,0,1
White,Male,18-30,37088,343,0,4,0,1
White,Female,46-60,40765,549,6,4,0,1
Black,Male,18-30,83029,379,0,1,0,1
White,Female,18-30,67836,490,2,3,0,1
White,Female,46-60,50529,522,9,3,0,1
Asian,Male,46-60,92600,429,4,2,0,1
White,Female,46-60,30494,784,7,1,1,1
White,Male,31-45,74124,445,6,3,0,1
White,Male,18-30,55528,441,6,1,1,1
White,Female,18-30,51297,617,4,1,0,1
Hispanic,Female,31-45,28504,323,9,2,0,1
White,Male,18-30,87041,556,6,4,0,1
Black,Female,18-30,72683,345,9,3,1,1
White,Male,60+,19550,826,2,1,1,1
Hispanic,Male,31-45,24992,691,3,1,0,1
Black,Female,31-45,55479,806,3,3,0,1
Hispanic,Female,60+,33715,585,1,3,1,1
Hispanic,Male,18-30,62323,556,4,3,0,1
Asian,Female,18-30,34517,403,8,4,0,0
Asian,Male,18-30,50841,430,1,4,1,0
Black,Female,60+,60691,748,0,3,0,1
Black,Male,31-45,27163,626,9,1,0,0
White,Male,18-30,95124,673,7,4,1,1
White,Female,46-60,66525,566,4,1,1,1
White,Female,60+,70815,751,3,2,0,1
Black,Male,18-30,76357,381,2,3,0,1
White,Female,46-60,34595,694,6,1,1,1
White,Male,46-60,94486,406,6,1,1,1
Hispanic,Male,46-60,24106,737,8,3,1,1
White,Female,31-45,50706,820,3,4,1,1
Black,Male,18-30,26484,831,2,3,1,0
Black,Female,46-60,38722,652,5,2,1,0
Asian,Male,31-45,35848,479,5,4,1,0
White,Male,31-45,92854,809,4,1,1,1
White,Male,18-30,95536,469,1,1,0,1
White,Female,31-45,74782,825,1,1,0,1
White,Non-binary,60+,95870,314,4,1,0,1
White,Female,46-60,76596,332,2,2,1,1
Hispanic,Male,31-45,57260,801,2,3,0,1
Black,Female,46-60,16079,686,9,3,1,0
Black,Male,31-45,37038,562,7,4,0,0
Black,Male,18-30,53661,601,0,3,1,1
White,Female,60+,61821,723,4,4,0,1
Asian,Female,46-60,79585,340,4,4,1,0
Hispanic,Male,18-30,59667,543,8,3,0,1
White,Female,31-45,33338,352,0,4,1,1
White,Female,46-60,34844,368,0,1,1,0
White,Male,60+,45013,581,2,4,1,1
Hispanic,Male,18-30,99561,671,5,2,0,1
White,Female,46-60,60902,784,8,3,1,1
Black,Female,46-60,20372,557,9,3,0,0
White,Female,31-45,76053,605,6,1,0,1
White,Female,18-30,66398,424,9,3,1,1
White,Female,18-30,54387,367,8,3,0,1
Asian,Female,46-60,58654,675,1,1,0,1
White,Female,46-60,16425,357,4,2,0,1
Hispanic,Male,31-45,88427,357,0,4,1,1
Hispanic,Female,60+,17278,437,7,1,0,0
White,Female,60+,64380,442,2,2,0,1
White,Female,46-60,74085,573,6,4,0,1
Hispanic,Non-binary,31-45,45030,439,0,2,0,0
Black,Male,46-60,58087,499,5,2,0,0
White,Male,60+,30638,625,8,1,0,1
Asian,Male,60+,18937,345,4,1,0,1
White,Male,18-30,37290,443,6,4,0,1
White,Female,60+,68385,658,6,3,0,1
White,Female,60+,54089,415,7,1,0,1
Hispanic,Male,46-60,16825,712,4,4,0,1
White,Non-binary,46-60,92927,429,3,1,1,1
Hispanic,Female,18-30,78717,675,0,2,1,1
White,Female,31-45,66634,604,7,3,0,1
White,Male,31-45,34271,348,5,3,0,1
Hispanic,Female,60+,24522,435,0,1,0,0
Hispanic,Male,31-45,62060,481,4,1,0,1
White,Male,18-30,63576,301,9,1,1,1
Black,Male,18-30,59656,788,1,1,0,1
Black,Female,60+,62739,473,5,2,0,1
Black,Female,31-45,55762,844,0,3,1,1
Black,Male,60+,74902,821,3,2,1,0
Hispanic,Female,31-45,33734,740,2,3,1,0
Hispanic,Male,46-60,42817,381,5,3,0,1
Hispanic,Female,31-45,51760,479,6,3,1,0
White,Male,18-30,92380,658,4,2,1,1
White,Female,18-30,93122,351,7,3,0,1
White,Female,60+,44317,383,2,2,0,1
Hispanic,Female,60+,71814,331,2,3,1,1
White,Female,46-60,68389,683,1,2,0,1
White,Male,46-60,69251,735,8,3,0,1
Asian,Male,60+,90482,583,3,2,0,1
White,Female,18-30,46478,581,1,4,0,1
White,Male,31-45,80165,722,6,4,0,1
Asian,Female,18-30,15977,822,7,4,0,0
White,Female,31-45,66409,534,2,1,1,1
Asian,Female,46-60,70501,361,8,4,0,1
White,Non-binary,46-60,75543,718,3,4,1,1
White,Female,60+,29008,411,6,4,0,1
White,Female,31-45,26509,313,8,2,1,0
Asian,Female,31-45,70110,436,6,4,0,1
Hispanic,Male,18-30,46579,306,4,1,0,1
White,Non-binary,31-45,19356,322,9,2,0,1
Hispanic,Male,31-45,90824,612,0,1,0,1
White,Female,18-30,65279,754,1,4,0,1
Black,Non-binary,18-30,22167,492,6,1,0,1
White,Female,18-30,42824,447,4,4,0,1
Hispanic,Male,18-30,30310,654,8,2,0,1
Black,Male,46-60,80840,849,2,3,0,1
Asian,Male,60+,88825,543,8,3,1,1
Black,Female,31-45,76584,307,9,3,0,0
Black,Female,31-45,54177,318,5,3,1,0
Black,Female,46-60,97620,845,9,3,1,1
Hispanic,Female,46-60,44105,763,9,3,0,1
White,Male,31-45,91320,562,2,2,0,1
Black,Male,18-30,44097,320,0,1,1,0
Hispanic,Male,18-30,32623,343,9,2,0,1
White,Male,46-60,61263,580,8,1,0,1
White,Male,31-45,45324,429,2,4,0,1
White,Male,46-60,88066,627,1,4,0,1
Hispanic,Female,31-45,15091,405,0,1,1,1
White,Male,46-60,82777,748,3,2,0,1
White,Male,31-45,86098,761,6,4,1,1
White,Female,46-60,16196,691,2,1,1,1
White,Female,46-60,17840,334,9,4,1,1
White,Female,46-60,23450,778,5,4,1,1
Hispanic,Male,18-30,60646,450,2,4,0,1
White,Male,31-45,71947,601,8,2,0,1
Black,Male,31-45,36048,370,6,2,1,1
Hispanic,Male,31-45,81689,813,5,3,1,1
Asian,Female,46-60,68368,510,3,1,0,1
Black,Female,31-45,22906,391,3,3,1,1
Asian,Male,46-60,61204,849,3,2,0,1
White,Female,31-45,48142,335,4,2,0,1
Hispanic,Female,60+,69842,735,0,1,1,1
Asian,Female,46-60,61515,780,6,3,0,1
White,Female,60+,94068,680,8,3,1,1
White,Male,18-30,38053,829,5,1,0,1
Hispanic,Male,31-45,36485,721,1,2,1,1
White,Male,31-45,21057,437,6,2,0,1
White,Female,60+,47240,506,2,1,1,1
Hispanic,Female,60+,53726,614,5,1,0,1
White,Female,46-60,40284,764,8,1,0,1
White,Male,31-45,44838,417,9,3,1,1
Asian,Female,18-30,46437,623,7,1,0,1
White,Male,18-30,63612,518,5,2,1,1
Asian,Non-binary,31-45,65978,562,9,1,0,1
White,Male,18-30,31188,463,4,3,1,1
Asian,Female,18-30,49168,520,3,4,1,1
Hispanic,Male,60+,39923,603,7,4,0,1
White,Male,18-30,28253,818,5,3,1,1
Asian,Female,18-30,59334,538,7,4,0,1
Black,Female,46-60,80735,775,8,1,0,1
White,Male,18-30,53857,820,3,4,0,1
Black,Female,46-60,18373,542,9,4,0,0
White,Male,18-30,69985,548,1,4,1,1
Hispanic,Non-binary,60+,57066,473,6,2,0,1
White,Female,46-60,15502,383,7,1,0,1
White,Male,18-30,73138,408,3,4,1,1
Hispanic,Male,31-45,39337,389,1,4,1,1
White,Male,18-30,38933,430,8,3,1,1
Black,Male,18-30,18484,724,2,4,0,1
White,Female,31-45,85786,320,2,2,0,1
Black,Male,46-60,18152,840,8,3,0,0
White,Male,31-45,76634,556,7,4,1,1
Asian,Male,46-60,48606,448,3,3,0,1
Black,Female,31-45,75318,410,9,3,0,1
White,Female,60+,18580,612,3,1,0,1
White,Female,18-30,44914,471,0,4,0,1
Black,Non-binary,60+,94485,655,0,3,0,1
White,Male,18-30,95357,782,8,4,0,1
Asian,Male,60+,85092,728,0,1,1,1
White,Non-binary,31-45,54697,361,1,1,1,1
Asian,Male,18-30,87789,706,6,1,1,1
Hispanic,Female,31-45,33059,368,1,3,1,1
White,Male,60+,50878,622,3,3,0,1
Hispanic,Female,46-60,19797,564,9,3,1,0
Hispanic,Male,31-45,36933,355,1,2,0,1
Hispanic,Female,46-60,66293,641,2,2,0,1
White,Female,31-45,38092,319,5,2,1,1
White,Male,18-30,65539,359,6,4,0,1
Black,Female,46-60,61046,623,1,2,0,1
White,Male,18-30,76659,442,8,4,0,1
Black,Male,60+,91450,764,1,2,0,1
Black,Male,46-60,52263,597,3,3,0,1
Black,Male,60+,32497,399,4,3,1,1
Black,Female,60+,16171,312,7,4,1,0
White,Non-binary,60+,19227,699,3,3,1,1
White,Female,18-30,48666,575,0,1,1,1
Black,Female,18-30,45396,489,6,4,1,0
White,Female,60+,60684,766,8,1,0,1
White,Female,18-30,33802,552,4,3,1,0
White,Male,18-30,15372,466,1,4,0,1
White,Female,31-45,89369,523,8,3,0,1
Black,Male,18-30,42867,730,2,3,1,1
Black,Female,46-60,81756,675,1,3,1,1
White,Male,31-45,98469,351,3,1,0,1
Black,Male,60+,50627,690,3,1,0,1
White,Male,46-60,95799,400,9,3,1,1
Black,Non-binary,46-60,70781,559,4,3,0,1
Asian,Male,46-60,38214,465,0,3,1,0
White,Female,60+,87539,637,9,4,0,1
White,Female,18-30,96147,661,0,2,1,1
Black,Male,46-60,91989,441,9,4,0,0
Asian,Female,18-30,61722,351,6,3,1,1
White,Male,18-30,84912,716,4,4,0,1
White,Female,46-60,68623,595,9,3,0,1
Asian,Female,18-30,78075,668,5,3,1,1
White,Male,46-60,90749,458,6,2,0,1
White,Male,18-30,52433,710,0,2,0,1
Black,Male,31-45,50038,480,4,3,0,0
White,Female,46-60,21826,636,7,2,0,1
Hispanic,Female,46-60,87316,777,2,2,0,1
Black,Non-binary,60+,79278,740,1,4,1,1
Asian,Male,60+,97157,521,1,1,0,1
White,Male,18-30,62167,381,3,3,0,1
Black,Male,60+,62290,687,6,1,0,1
Black,Non-binary,60+,75977,779,1,3,1,1
Asian,Male,60+,44840,820,5,4,0,1
White,Male,31-45,39144,366,6,3,1,1
Hispanic,Female,60+,31211,838,8,2,0,1
Black,Male,60+,93977,622,6,3,1,1
Black,Male,18-30,61198,345,0,2,1,1
Hispanic,Male,18-30,28731,774,7,4,0,1
Black,Non-binary,60+,18350,483,2,2,0,1
Hispanic,Male,18-30,56307,484,6,4,0,1
Black,Male,46-60,67697,760,5,1,1,1
White,Female,46-60,60162,313,2,4,0,1
White,Male,60+,35465,656,1,2,0,1
White,Female,31-45,91716,612,3,1,0,1
Black,Male,31-45,33994,840,0,2,1,0
White,Male,60+,33763,771,9,4,1,1
Hispanic,Female,46-60,33344,656,9,1,0,1
White,Non-binary,60+,54387,441,6,4,0,1
Black,Female,18-30,65570,778,2,3,0,1
White,Non-binary,18-30,54909,680,1,3,0,1
White,Female,60+,15906,581,4,2,0,1
White,Female,46-60,49766,492,6,3,0,1
Asian,Male,18-30,92212,580,0,3,0,1
White,Female,31-45,85041,361,0,3,0,1
White,Male,18-30,55906,606,9,2,0,1
Asian,Male,60+,53787,397,7,4,0,1
White,Female,18-30,73057,668,4,3,0,1
Black,Male,31-45,49300,737,7,3,1,1
Asian,Male,31-45,60500,562,2,4,0,1
Hispanic,Female,31-45,77695,822,1,3,0,1
Hispanic,Female,18-30,36114,778,6,1,0,1
White,Male,46-60,22175,541,5,4,0,1
Black,Male,18-30,89197,766,3,4,0,1
Asian,Female,18-30,88848,447,6,4,1,1
Asian,Female,18-30,44357,418,8,3,0,1
Black,Female,31-45,94425,629,8,3,0,1
White,Male,31-45,45742,419,2,1,0,1
Asian,Male,31-45,59833,484,0,2,1,1
White,Female,31-45,89717,833,3,2,0,1
White,Female,31-45,29143,402,9,4,0,1
White,Male,31-45,31004,312,0,1,1,1
White,Male,46-60,17466,632,6,1,1,1
Hispanic,Female,46-60,23328,584,1,2,0,0
White,Male,46-60,78221,433,7,3,0,1
White,Female,18-30,29061,844,4,4,0,1
White,Male,60+,92906,584,9,2,1,1
White,Female,18-30,41280,572,0,2,1,1
Black,Female,31-45,79628,766,1,4,1,1
Black,Male,60+,58545,359,3,2,1,1
Hispanic,Female,46-60,53989,673,2,4,0,1
Hispanic,Male,31-45,85111,642,4,1,0,1
White,Male,46-60,84414,653,3,3,0,1
Black,Male,31-45,36065,700,1,3,1,1
Black,Non-binary,18-30,22973,568,8,4,0,1
White,Female,60+,62045,561,6,3,0,1
White,Male,46-60,38546,490,4,3,1,1
White,Male,31-45,59572,725,3,2,1,1
White,Female,31-45,15043,795,9,3,1,1
White,Female,18-30,35983,366,4,3,0,1
White,Female,31-45,44534,314,1,3,0,1
White,Female,18-30,92918,746,7,3,0,1
White,Female,60+,57018,601,1,1,1,1
White,Female,18-30,16945,829,7,4,0,1
White,Male,31-45,87264,821,4,1,0,1
Black,Female,18-30,82252,721,3,4,0,1
White,Male,18-30,71815,768,6,3,1,1
Hispanic,Male,60+,19876,471,0,3,1,1
Asian,Female,31-45,84308,428,6,3,0,1
Black,Non-binary,60+,96371,456,9,1,0,1
White,Male,31-45,90250,725,4,2,0,1
Asian,Male,46-60,39794,742,5,3,0,1
White,Female,46-60,92744,481,4,1,0,1
White,Female,18-30,48448,350,6,4,0,1
Hispanic,Female,31-45,82869,609,0,2,0,1
White,Female,18-30,31768,783,1,1,0,1
Black,Non-binary,46-60,17327,555,5,3,1,1
Hispanic,Female,46-60,77227,811,6,2,0,1
White,Male,31-45,34381,488,7,3,1,1
White,Male,60+,96663,823,3,1,0,1
Asian,Female,18-30,23400,556,2,1,0,0
Hispanic,Female,46-60,32249,579,8,1,1,1
White,Male,60+,46264,604,1,2,1,1
Black,Male,46-60,79220,780,9,4,1,1
White,Male,60+,47883,572,0,2,0,1
Hispanic,Female,31-45,79571,580,5,4,1,1
White,Male,46-60,67306,362,2,4,0,1
Hispanic,Female,46-60,87536,301,6,1,0,1
Asian,Male,18-30,65560,801,7,4,0,1
Asian,Male,18-30,86405,662,1,2,0,1
White,Female,31-45,60955,413,6,1,1,1
Asian,Male,18-30,31994,505,9,1,1,1
White,Male,31-45,95561,464,4,1,0,1
White,Female,46-60,18315,374,4,2,0,1
White,Male,18-30,63230,731,4,2,0,1
Black,Male,18-30,49528,372,4,4,0,1
Black,Male,18-30,28548,527,9,3,0,1
Hispanic,Male,18-30,40122,321,4,2,1,0
Asian,Male,31-45,72035,470,6,3,0,1
White,Male,18-30,25595,529,7,3,0,1
White,Male,18-30,91146,671,3,4,0,1
Black,Female,18-30,43973,788,6,1,1,1
Black,Female,46-60,26189,482,8,2,0,1
White,Female,18-30,73438,308,1,4,0,1
Asian,Female,60+,50459,503,8,4,0,1
White,Male,46-60,57059,461,5,2,0,1
Hispanic,Male,46-60,72158,758,8,4,0,1
White,Female,31-45,88550,618,6,3,1,1
White,Male,46-60,73181,508,4,1,0,1
Hispanic,Female,31-45,60968,674,4,4,1,1
White,Female,18-30,53352,659,0,4,0,1
Asian,Male,31-45,56862,823,2,4,0,1
White,Female,46-60,52731,514,5,4,1,1
Hispanic,Male,31-45,71646,606,1,1,1,1
Hispanic,Female,46-60,99003,779,5,1,0,1
White,Male,60+,81582,731,4,1,0,1
Asian,Male,60+,56179,835,0,3,0,1
White,Female,31-45,25267,353,2,2,0,0
Black,Female,31-45,62829,352,0,2,0,1
Asian,Male,31-45,54445,604,6,4,0,1
White,Female,18-30,36955,423,6,1,0,1
Black,Male,18-30,42479,467,0,4,0,1
White,Male,31-45,36178,749,7,4,1,1
White,Female,18-30,62607,333,6,2,0,1
White,Male,46-60,35687,643,2,3,1,1
Asian,Male,18-30,76037,759,1,4,1,1
White,Female,31-45,22228,371,8,4,0,1
White,Male,46-60,72996,428,6,3,0,1
Asian,Male,46-60,33656,309,5,2,0,1
White,Male,46-60,54389,399,4,4,0,1
Hispanic,Male,18-30,50767,596,4,4,0,0
Black,Male,31-45,64878,818,2,3,0,1
Black,Female,18-30,27218,789,4,1,0,0
White,Female,31-45,78684,459,7,3,1,1
Black,Female,18-30,91966,418,1,3,1,1
Asian,Female,31-45,49984,395,2,2,1,0
White,Female,60+,83804,802,2,4,1,1
White,Male,46-60,36180,658,5,3,1,1
Asian,Female,46-60,29513,385,0,3,0,1
White,Male,60+,23374,570,4,4,1,1
White,Female,31-45,85130,532,8,4,0,1
White,Male,18-30,27182,404,0,3,1,1
White,Male,46-60,70776,784,5,1,0,1
White,Male,31-45,54545,440,6,1,1,1
White,Female,31-45,41436,321,0,4,1,1
White,Female,18-30,97399,385,5,2,1,1
Hispanic,Male,18-30,53454,648,3,4,1,1
Hispanic,Female,46-60,34943,318,3,1,0,1
White,Male,60+,33745,535,5,3,1,0
White,Female,46-60,93143,399,9,2,0,1
Asian,Male,18-30,71309,734,9,4,0,1
Asian,Female,46-60,91876,497,7,3,0,1
Asian,Female,18-30,79580,569,2,1,0,1
Asian,Male,60+,96803,714,6,3,1,1
Black,Female,18-30,27001,773,9,2,0,1
White,Male,18-30,34123,414,3,4,0,0
Asian,Female,46-60,24991,597,2,1,1,0
Hispanic,Male,18-30,66667,814,2,1,1,1
Hispanic,Female,46-60,48551,692,5,2,0,1
Hispanic,Male,31-45,47915,380,9,4,0,1
Black,Female,31-45,64436,582,7,2,0,1
Black,Non-binary,60+,51626,825,0,4,1,1
White,Female,18-30,60993,656,3,2,1,1
White,Male,46-60,44912,787,0,3,1,1
White,Male,31-45,85180,475,7,4,0,1
Black,Female,18-30,88854,499,4,1,0,1
Hispanic,Female,60+,77003,694,2,3,1,1
White,Female,46-60,98518,616,7,3,1,1
Asian,Female,31-45,93390,385,8,3,0,1
White,Male,18-30,72863,332,4,1,1,1
Asian,Female,18-30,86890,661,0,4,1,1
White,Female,46-60,80991,471,5,2,0,1
Black,Male,60+,69318,734,4,1,1,0
White,Male,60+,76761,622,5,3,1,1
White,Female,46-60,53283,539,3,2,1,1
White,Male,18-30,20440,577,6,1,0,0
Black,Female,18-30,27364,758,4,2,1,1
White,Female,46-60,57086,441,6,3,0,1
Asian,Male,31-45,82194,533,9,2,0,1
Hispanic,Female,31-45,50739,573,1,3,0,1
White,Female,31-45,59553,634,2,2,0,1
Black,Male,31-45,95560,509,0,3,1,0
White,Female,60+,15817,758,2,2,0,1
Black,Female,31-45,84193,359,7,1,1,1
Black,Non-binary,31-45,19052,588,4,3,1,0
White,Female,46-60,19673,640,8,4,0,1
Black,Female,60+,90784,416,0,2,0,1
White,Female,18-30,57622,460,4,4,1,1
White,Female,46-60,90503,592,1,4,1,1
Hispanic,Male,31-45,92349,781,7,4,0,1
White,Male,60+,76062,763,1,1,0,1
White,Male,31-45,55706,555,8,2,1,1
White,Female,60+,41265,473,5,4,0,1
Hispanic,Male,31-45,29726,687,9,1,1,0
White,Female,46-60,92939,570,8,2,0,1
Hispanic,Male,60+,98941,534,1,4,0,1
Black,Female,18-30,46458,683,8,1,1,1
Hispanic,Female,46-60,39646,761,3,1,1,1
White,Female,18-30,92526,646,2,2,0,1
White,Female,18-30,40052,493,3,2,1,1
Hispanic,Female,18-30,56108,548,7,1,0,1
White,Female,60+,82817,456,6,3,0,1
White,Female,46-60,58175,816,5,1,0,1
White,Male,46-60,73804,391,0,2,0,1
White,Male,18-30,17287,813,1,1,1,1
White,Male,46-60,50562,449,9,1,0,1
Asian,Female,60+,62669,361,1,3,1,1
White,Female,46-60,93880,603,7,3,0,1
Hispanic,Female,60+,55640,688,4,2,0,1
White,Male,31-45,23035,431,4,3,0,1
Hispanic,Male,60+,16871,784,5,4,0,1
Hispanic,Female,46-60,37166,380,2,1,0,1
White,Male,60+,25293,349,1,2,1,1
Black,Male,31-45,24986,414,2,2,1,1
White,Male,46-60,42565,731,4,2,0,1
Hispanic,Female,46-60,93641,696,9,3,0,1
Hispanic,Female,46-60,34729,581,8,1,1,1
White,Male,60+,95233,734,4,3,1,1
White,Male,18-30,50954,590,5,1,0,1
Black,Female,18-30,33690,535,9,2,1,1
Black,Non-binary,18-30,55071,538,2,2,0,1
White,Female,46-60,57783,582,4,1,0,1
White,Male,60+,46581,589,3,2,0,1
Hispanic,Male,46-60,34474,795,6,4,1,0
White,Female,60+,43488,393,7,1,1,1
White,Male,18-30,51061,520,0,3,1,1
White,Male,18-30,33757,418,2,1,1,1
White,Female,60+,87879,451,8,4,1,1
Black,Male,31-45,53057,316,0,4,0,1
Black,Male,60+,83596,551,7,4,0,1
Black,Female,31-45,43884,723,1,3,0,1
Hispanic,Female,18-30,98495,507,9,2,1,1
Hispanic,Female,18-30,61414,558,9,4,0,1
White,Female,18-30,16770,578,4,2,1,1
White,Male,60+,85954,643,2,1,0,1
White,Female,31-45,33893,755,6,1,0,1
Hispanic,Male,31-45,21457,768,1,1,0,1
Black,Male,18-30,62269,764,7,2,1,1
White,Female,46-60,53859,548,0,1,0,1
White,Male,60+,29972,710,5,1,1,1
Asian,Female,18-30,88230,681,2,3,0,1
White,Male,46-60,83284,598,0,2,1,1
White,Female,31-45,30396,631,9,1,0,1
Black,Male,60+,27381,516,0,4,0,0
Hispanic,Male,46-60,75280,609,2,3,0,1
White,Female,60+,85261,594,5,1,1,1
Hispanic,Male,60+,23290,650,6,2,0,1
White,Male,46-60,87361,469,3,1,1,1
Black,Male,46-60,31425,329,2,1,1,0
Black,Male,18-30,51915,469,2,2,0,0
Asian,Male,31-45,86268,653,3,3,1,1
White,Female,31-45,56192,718,2,2,1,1
Hispanic,Female,60+,46113,383,3,3,0,1
Black,Female,18-30,46946,798,5,4,1,0
Hispanic,Male,46-60,49817,715,8,4,0,1
Black,Male,46-60,50201,347,9,2,1,1
White,Male,46-60,65669,760,9,4,0,1
White,Male,18-30,35560,538,6,1,1,1
Hispanic,Female,31-45,39039,502,6,4,0,1
Asian,Male,31-45,26888,555,6,2,0,0
White,Female,60+,97380,835,4,2,0,1
White,Male,46-60,23101,751,6,2,0,1
Black,Female,31-45,26315,719,7,2,0,1
White,Female,46-60,90737,493,6,3,1,1
White,Non-binary,18-30,80946,521,2,3,0,1
White,Non-binary,46-60,40201,497,9,2,0,1
Black,Female,46-60,55756,351,8,4,1,1
Hispanic,Male,46-60,22078,707,9,3,0,0
White,Male,60+,17468,341,5,2,1,1
Asian,Male,60+,98896,845,7,1,1,1
Black,Male,31-45,87657,770,5,2,0,1
Asian,Female,31-45,42203,628,3,4,0,1
White,Female,18-30,27655,810,0,2,0,1
White,Male,46-60,39029,637,6,2,0,1
White,Female,18-30,57405,572,7,1,1,1
White,Male,46-60,22760,554,3,1,1,1
Asian,Female,31-45,67655,817,8,1,0,1
Hispanic,Male,18-30,92543,333,7,3,0,1
Hispanic,Male,60+,23312,608,9,4,1,0
White,Male,46-60,81316,464,1,1,1,1
White,Female,31-45,67408,803,9,1,1,1
White,Male,18-30,89500,802,7,1,1,1
Hispanic,Female,18-30,59021,503,3,1,0,0
White,Male,46-60,20590,486,9,4,1,0
Asian,Male,60+,31650,413,8,3,1,1
White,Male,31-45,54377,409,2,4,0,1
White,Female,46-60,79875,514,2,3,1,1
Asian,Male,46-60,24524,793,6,4,0,0
Hispanic,Male,31-45,28162,622,7,3,1,1
Black,Male,31-45,37926,715,5,4,1,1
Hispanic,Non-binary,60+,39837,303,5,4,1,1
Asian,Male,46-60,53108,786,9,1,1,1
Hispanic,Male,31-45,59890,709,7,4,0,1
Asian,Female,31-45,64026,629,9,4,1,1
White,Female,60+,59182,488,9,4,1,1
Black,Female,60+,62961,444,1,3,0,1
Hispanic,Female,60+,69905,352,4,4,0,1
Black,Male,18-30,17693,819,1,2,0,1
Black,Male,46-60,40421,457,2,3,0,1
Asian,Male,18-30,84620,801,6,4,1,1
White,Non-binary,18-30,92314,701,0,3,0,1
Black,Male,60+,96810,819,3,3,0,1
Black,Male,31-45,48170,763,6,1,0,1
White,Male,31-45,80946,325,4,4,1,1
White,Non-binary,60+,33353,448,4,1,0,1
Hispanic,Male,46-60,99900,347,2,3,1,1
Asian,Male,60+,93265,745,7,1,1,1
Black,Male,46-60,41098,342,2,2,1,0
White,Male,31-45,88641,704,6,2,1,1
Hispanic,Female,18-30,96714,303,0,3,1,1
Asian,Female,31-45,33023,348,2,4,0,1
White,Male,18-30,44032,550,0,2,1,1
Black,Female,18-30,49753,375,3,4,0,0
Black,Female,31-45,64421,341,2,3,0,1
Black,Female,31-45,42824,631,8,2,1,0
White,Female,31-45,89807,467,1,4,0,1
Asian,Female,60+,47569,605,4,3,0,1
White,Female,46-60,85793,697,9,1,0,1
White,Male,31-45,37693,788,2,1,0,1
White,Male,18-30,16179,679,2,1,1,1
Hispanic,Male,31-45,42148,383,4,3,1,1
Black,Female,46-60,63632,595,1,3,1,1
White,Female,46-60,72580,373,4,2,1,1
White,Male,46-60,93736,414,2,1,1,1
White,Female,31-45,19782,326,1,1,1,1
Hispanic,Male,46-60,55210,737,4,3,0,1
Asian,Non-binary,31-45,39801,783,2,3,0,1
White,Female,60+,72064,508,7,2,1,1
Black,Male,18-30,15934,726,1,3,1,1
White,Male,31-45,64534,406,6,2,1,1
Black,Male,31-45,76631,742,7,2,1,1
Black,Female,46-60,99786,807,6,1,1,1
Black,Female,18-30,72536,837,1,1,0,1
White,Female,31-45,48393,357,8,3,0,1
Hispanic,Female,46-60,27501,691,9,4,1,1
Hispanic,Male,60+,88125,625,5,2,0,1
Asian,Female,31-45,74631,549,8,2,0,1
White,Female,46-60,95476,349,2,2,0,1
White,Non-binary,46-60,57147,625,8,2,1,1
Black,Female,46-60,82251,509,2,4,1,0
Hispanic,Male,18-30,16805,561,2,1,0,0
Asian,Female,18-30,65960,757,7,3,0,1
White,Female,18-30,90892,696,5,2,0,1
Hispanic,Female,46-60,21983,336,0,4,0,0
Black,Male,60+,42694,798,1,3,1,1
White,Male,18-30,41565,354,9,3,0,1
White,Female,60+,65644,787,7,1,1,1
Hispanic,Female,46-60,99688,566,6,3,1,1
White,Male,46-60,30270,526,7,1,0,1
Black,Male,46-60,31842,765,7,2,1,0
Black,Female,60+,98972,352,5,4,1,1
White,Female,60+,60662,325,6,4,0,1
Hispanic,Female,31-45,82663,682,5,3,0,1
White,Male,46-60,43317,491,0,2,0,1
Hispanic,Male,18-30,65072,596,4,2,0,1
White,Female,60+,82138,421,9,1,0,1
White,Male,46-60,37352,391,0,4,0,1
Hispanic,Male,18-30,94028,676,1,1,1,1
Asian,Female,18-30,61915,636,4,2,0,1
White,Female,46-60,83677,372,1,2,1,1
Black,Female,46-60,46502,772,3,4,1,1
White,Female,31-45,96311,726,2,3,1,1
Hispanic,Male,31-45,21071,389,8,4,0,0
Asian,Male,31-45,82451,577,9,2,0,1
White,Male,31-45,95621,796,4,3,0,1
White,Male,18-30,35591,573,1,2,1,1
Hispanic,Male,31-45,49498,746,9,3,0,1
Black,Non-binary,60+,51760,796,5,1,1,1
White,Male,31-45,52530,530,5,1,0,1
White,Male,31-45,91250,825,4,3,0,1
Black,Male,60+,65262,539,2,3,0,1
Black,Male,31-45,16288,774,7,3,1,0
White,Male,46-60,30114,753,4,2,1,1
White,Male,18-30,46622,715,9,4,1,1
White,Female,18-30,23460,379,8,4,0,1
White,Female,46-60,55902,407,3,2,1,1
White,Male,60+,42950,804,3,1,0,1
White,Female,31-45,82148,310,1,3,0,1
White,Male,60+,88844,836,2,4,0,1
Asian,Female,46-60,74267,758,6,1,0,1
White,Male,60+,29122,638,5,3,0,1
Hispanic,Female,18-30,41648,373,6,3,1,1
Black,Female,60+,56171,689,6,1,0,0
Black,Male,46-60,84960,586,8,4,0,1
Asian,Male,18-30,53628,315,2,3,0,1
White,Male,18-30,51136,401,5,3,1,1
Hispanic,Female,46-60,99587,624,1,4,0,1
Black,Female,46-60,51690,310,2,4,0,1
Asian,Female,18-30,71203,304,5,3,0,1
White,Female,18-30,28308,439,0,1,0,1
White,Female,18-30,57819,505,7,3,1,1
Asian,Female,46-60,15055,693,3,1,0,1
White,Female,18-30,44138,302,4,4,0,1
Asian,Male,18-30,18889,639,4,2,1,1
Hispanic,Female,60+,96963,441,5,1,1,1
White,Male,31-45,71685,574,0,3,0,1
White,Male,31-45,82077,666,7,1,1,1
White,Female,31-45,56458,635,4,4,1,1
White,Female,31-45,45047,736,2,4,0,1
White,Female,60+,58128,405,7,1,0,1
Asian,Male,18-30,53447,501,9,1,1,0
Black,Male,18-30,38897,444,2,2,1,0
White,Male,60+,47773,776,2,4,1,1
White,Male,46-60,27324,621,7,3,0,1
Black,Male,31-45,47234,451,9,2,1,0
White,Female,18-30,52089,589,7,2,0,1
Hispanic,Female,31-45,21514,455,2,2,1,1
Black,Male,31-45,68396,698,3,4,0,1
Asian,Male,18-30,81793,670,5,2,1,1
Hispanic,Female,46-60,52722,609,0,3,1,1
White,Female,46-60,47307,383,8,4,1,1
White,Female,18-30,53866,644,1,4,0,1
White,Non-binary,46-60,31474,389,0,1,0,1
White,Male,31-45,90480,809,4,2,0,1
White,Male,46-60,68396,591,6,4,0,1
White,Female,31-45,60695,551,7,3,1,1
White,Female,31-45,90779,545,4,2,0,1
White,Male,60+,22019,469,7,1,0,1
White,Female,31-45,76743,664,2,2,0,1
Black,Male,60+,21105,577,6,3,0,1
Asian,Male,18-30,46683,513,7,1,1,1
Black,Female,18-30,54140,477,4,1,0,0
Black,Male,18-30,86728,590,4,4,0,1
Hispanic,Female,46-60,47874,436,6,1,0,0
White,Female,31-45,34350,531,1,4,0,1
White,Female,46-60,59215,775,2,4,0,1
Asian,Male,31-45,75444,639,8,3,1,0
Hispanic,Female,46-60,99369,685,6,2,1,1
White,Female,60+,32179,344,5,2,1,1
White,Male,31-45,78144,340,0,3,0,1
White,Male,60+,45526,301,6,3,0,1
Asian,Male,18-30,41384,307,4,1,0,1
Black,Male,46-60,65175,793,5,2,0,1
White,Male,18-30,71926,509,1,2,1,1
Black,Male,46-60,76840,612,7,2,0,1
White,Female,46-60,58862,513,9,2,0,1
White,Non-binary,46-60,38433,797,5,3,0,1
White,Male,60+,26717,507,1,3,0,1
White,Female,31-45,78898,470,7,1,0,1
Black,Male,31-45,91618,590,0,1,1,1
Hispanic,Male,31-45,82885,810,1,3,1,1
Black,Male,46-60,36060,815,4,4,1,0
Black,Female,31-45,58076,632,5,2,0,1
Hispanic,Non-binary,18-30,78421,601,4,4,0,1
White,Female,46-60,52589,826,1,1,0,1
White,Male,18-30,25688,664,2,4,0,1
White,Male,18-30,34325,846,9,4,1,1
White,Male,31-45,47147,645,3,3,0,1
White,Female,31-45,80870,743,7,2,0,1
Asian,Female,31-45,42978,354,0,3,1,0
White,Female,46-60,46263,339,5,3,0,1
White,Female,18-30,43598,624,6,1,1,1
White,Female,31-45,56104,830,8,4,0,1
White,Female,18-30,24889,415,2,3,1,1
White,Female,31-45,34387,695,9,3,0,1
White,Female,18-30,50515,734,2,1,0,1
Asian,Male,46-60,65903,333,9,3,1,0
White,Female,31-45,25433,593,3,1,1,0
White,Female,46-60,39507,515,0,4,1,1
Hispanic,Female,18-30,62194,506,6,3,1,1
White,Female,18-30,95767,579,9,4,0,1
White,Female,46-60,84896,363,2,3,1,1
White,Male,18-30,54250,727,4,4,0,1
Hispanic,Female,60+,49979,569,6,2,0,1
Hispanic,Male,31-45,95246,458,4,1,0,1
White,Male,31-45,91252,353,5,2,0,1
Asian,Male,46-60,21666,432,3,2,0,1
Black,Male,31-45,45387,399,0,4,1,0
Hispanic,Female,46-60,71444,585,6,2,0,1
Hispanic,Male,31-45,43454,486,1,4,0,1
Black,Female,46-60,76911,505,6,4,1,1
Hispanic,Male,60+,83442,845,0,2,1,1
White,Female,46-60,56023,543,8,4,1,1
White,Male,18-30,27199,661,9,1,0,1
White,Female,31-45,43011,582,3,3,0,1
White,Female,46-60,69101,739,8,2,1,1
Asian,Male,31-45,45842,503,2,1,0,1
Asian,Female,18-30,21064,576,1,4,0,1
White,Male,18-30,93569,780,4,3,0,1
White,Female,60+,51986,458,2,3,1,1
Black,Female,46-60,79687,359,5,2,0,0
White,Male,18-30,23053,457,3,1,0,1
Hispanic,Female,60+,92504,496,3,2,1,1
Black,Female,60+,54028,812,9,4,1,1
Black,Female,18-30,20409,680,4,3,1,0
Black,Female,31-45,52632,607,5,3,1,0
White,Female,46-60,48321,700,9,1,0,1
White,Male,31-45,22995,519,9,4,0,1
White,Non-binary,60+,19066,796,9,3,1,0
Hispanic,Male,46-60,20468,583,5,4,1,1
White,Female,46-60,80681,447,6,3,1,1
Asian,Female,46-60,84850,312,6,4,0,1
White,Female,60+,40460,409,3,4,0,1
Black,Male,31-45,38186,375,5,4,1,0
White,Male,46-60,42301,485,3,4,1,1
Asian,Male,46-60,39962,547,1,1,1,0
White,Non-binary,18-30,22028,591,7,4,0,1
Black,Male,46-60,77066,647,0,2,0,1
Asian,Male,31-45,49405,817,4,1,0,1
White,Male,60+,27563,420,2,1,1,1
Black,Female,46-60,61200,475,5,2,0,1
Black,Female,18-30,41392,611,7,3,0,1
White,Male,31-45,33665,706,0,4,1,1
Black,Female,31-45,15052,577,9,1,1,1
Black,Male,46-60,21348,726,3,2,1,0
White,Male,46-60,37411,503,3,1,0,1
Hispanic,Female,31-45,22748,656,5,1,1,1
White,Male,46-60,83491,424,0,4,0,1
White,Male,60+,80489,744,5,2,1,1
Asian,Male,60+,22234,505,9,2,1,0
Black,Male,46-60,99277,422,8,3,0,1
Hispanic,Female,60+,45595,393,0,2,0,1
Hispanic,Female,31-45,99202,578,2,2,1,1
Black,Male,18-30,85674,589,4,4,0,1
Hispanic,Female,18-30,36332,346,9,4,0,1
White,Male,46-60,92784,814,1,2,1,1
White,Female,46-60,99870,839,2,3,0,1
Black,Female,31-45,44832,637,1,3,1,0
Asian,Male,31-45,62286,845,3,3,0,1
White,Male,46-60,53138,665,7,3,1,1
Hispanic,Female,60+,94894,342,8,3,0,1
White,Male,60+,18843,823,7,1,0,1
White,Male,18-30,90817,589,9,3,0,1
Black,Female,31-45,93745,665,9,4,1,1
White,Female,46-60,25260,512,0,2,0,1
White,Male,31-45,90130,555,8,4,0,1
White,Female,46-60,55585,785,4,2,0,1
Asian,Male,46-60,49313,553,1,2,0,1
Black,Female,31-45,46933,500,8,4,0,1
White,Male,31-45,92154,573,1,4,0,1
White,Female,46-60,25732,767,0,4,1,0
White,Male,60+,17962,301,2,3,0,1
Black,Female,46-60,89697,847,5,2,0,1
Hispanic,Female,18-30,90818,667,2,3,0,1
Asian,Male,31-45,89631,421,5,2,0,1
Hispanic,Female,18-30,18763,416,2,1,0,0
Black,Male,46-60,73086,779,9,3,0,1
Black,Female,46-60,44003,324,1,2,0,1
Black,Female,60+,43535,601,1,2,0,1
White,Female,31-45,96630,639,3,2,1,1
Hispanic,Female,18-30,84788,748,2,2,0,1
White,Male,60+,53983,387,7,1,1,1
White,Male,60+,49841,533,0,4,1,1
Asian,Female,31-45,42055,309,5,1,0,1
Black,Male,46-60,52475,563,5,4,0,1
White,Male,31-45,46811,809,4,3,0,1
Hispanic,Male,46-60,83209,460,9,1,0,1
Hispanic,Female,18-30,62243,649,7,4,0,1
White,Female,60+,95305,699,0,3,0,1
Black,Male,18-30,15202,462,4,3,1,0
White,Male,60+,84597,675,3,1,0,1
White,Female,31-45,47820,662,7,4,1,1
Asian,Male,18-30,29169,395,9,4,0,1
Hispanic,Female,18-30,48969,665,1,3,1,1
Asian,Male,46-60,78005,355,9,3,0,1
Hispanic,Male,46-60,18552,463,6,4,1,0
White,Male,18-30,73348,679,1,4,0,1
Hispanic,Male,46-60,99382,320,7,1,1,1
Hispanic,Male,18-30,58777,367,4,4,0,1
White,Non-binary,46-60,95462,362,1,1,1,1
Black,Female,18-30,15962,616,0,4,0,1
White,Male,18-30,38906,470,8,4,0,1
White,Male,60+,76600,750,1,4,0,1
White,Male,31-45,43950,365,0,2,1,1
Black,Female,60+,31484,549,6,2,1,1
White,Female,18-30,67990,515,5,2,0,1
White,Male,60+,86852,338,7,1,0,1
Hispanic,Male,46-60,82362,460,9,3,0,1
Hispanic,Male,60+,30719,444,2,1,0,1
White,Male,18-30,49164,465,2,3,1,1
Asian,Male,46-60,51544,484,5,3,0,1
Hispanic,Female,60+,51738,771,5,4,0,1
Hispanic,Non-binary,31-45,61089,305,2,3,0,1
White,Female,60+,93045,706,5,1,0,1
Asian,Female,60+,94993,373,0,4,0,1
Asian,Male,18-30,58291,531,0,2,0,1
Black,Female,46-60,75495,706,4,3,0,1
Asian,Female,60+,22683,815,3,4,1,0
Black,Male,31-45,31500,655,1,2,1,1
White,Female,46-60,36359,410,2,4,0,1
Hispanic,Male,46-60,78340,698,0,2,0,1
Black,Non-binary,46-60,91995,607,5,4,1,1
White,Male,18-30,81070,640,9,2,0,1
White,Male,60+,66559,505,4,2,0,1
Black,Male,46-60,27539,599,9,2,1,1
Black,Male,18-30,34350,305,5,3,0,1
Hispanic,Female,60+,93257,322,5,3,1,1
Black,Male,46-60,48358,781,1,3,1,1
White,Female,46-60,34200,682,7,1,0,1
Black,Female,31-45,72879,472,5,4,0,1
White,Female,31-45,87107,318,1,4,0,1
Black,Female,18-30,48265,361,0,1,1,1
Black,Non-binary,31-45,17412,650,8,1,1,0
Asian,Male,31-45,84324,619,3,2,0,1
Black,Non-binary,31-45,61584,318,9,4,0,1
Black,Male,18-30,56893,506,7,4,0,1
Asian,Male,46-60,35663,796,1,3,0,1
Asian,Male,60+,78666,473,8,2,0,1
White,Female,46-60,17333,304,7,1,0,1
White,Male,46-60,25067,833,1,4,0,1
Asian,Male,18-30,29185,674,8,4,0,1
Asian,Female,18-30,32384,844,7,2,0,1
White,Female,60+,20956,468,1,2,1,1
White,Male,46-60,18957,672,5,2,1,1
White,Female,31-45,44933,509,4,1,0,1
Hispanic,Male,46-60,50535,769,1,2,0,1
Hispanic,Female,60+,42796,615,7,3,1,1
White,Female,31-45,45945,843,0,2,0,1
Black,Non-binary,31-45,29061,646,7,2,0,1
Hispanic,Female,31-45,77185,560,5,1,0,1
Hispanic,Male,18-30,70877,424,8,2,1,1
White,Male,31-45,49526,565,5,3,0,1
Hispanic,Female,31-45,34077,742,0,3,0,1
White,Female,46-60,62938,694,9,1,0,1
Black,Female,31-45,69008,507,4,4,0,0
White,Female,31-45,44739,800,6,4,0,1
White,Female,18-30,19834,540,3,1,0,1
White,Male,18-30,60504,778,3,2,0,1
White,Female,60+,29259,637,2,2,1,1
Asian,Female,31-45,41014,519,7,2,1,1
White,Male,18-30,97893,597,4,4,1,1
Asian,Male,31-45,74458,326,5,2,1,1
White,Female,46-60,91539,687,2,2,0,1
Asian,Female,31-45,51175,415,0,2,0,0
Asian,Female,18-30,44133,700,7,2,0,1
White,Female,60+,28957,749,7,3,0,1
Hispanic,Female,46-60,96416,585,6,3,1,1
Black,Female,18-30,36259,460,6,1,1,1
Black,Male,31-45,82882,522,3,1,0,1
Hispanic,Female,18-30,44115,448,9,1,0,1
White,Male,46-60,75446,793,5,2,0,1
Hispanic,Female,31-45,96864,562,5,3,1,1
White,Female,31-45,62271,468,7,2,0,1
Hispanic,Female,46-60,86784,645,0,4,1,1
Black,Male,60+,62943,540,5,2,0,0
Black,Female,46-60,58029,678,1,4,1,0
Black,Female,18-30,36240,839,4,3,0,1
Hispanic,Male,60+,42772,528,8,4,1,1
Asian,Male,60+,48487,557,0,2,0,1
White,Male,31-45,35579,741,5,1,0,1
White,Male,46-60,54616,755,8,4,0,1
White,Female,60+,97683,471,4,4,1,1
Hispanic,Female,46-60,18398,719,4,4,1,1
Asian,Female,18-30,43081,469,2,4,0,1
White,Female,18-30,19073,746,1,2,0,1
White,Male,18-30,98311,570,6,3,1,1
Hispanic,Male,31-45,32226,390,2,1,0,0
Black,Male,60+,95844,557,2,4,0,1
Hispanic,Female,60+,71360,435,1,2,0,1
White,Male,31-45,25243,721,3,2,1,1
Asian,Female,31-45,43120,566,7,2,1,1
White,Female,46-60,24218,705,3,1,0,1
White,Female,31-45,44047,339,3,4,1,1
White,Male,18-30,36321,608,9,1,0,1
Asian,Male,18-30,30556,801,9,1,1,1
White,Male,46-60,99811,318,5,4,1,1
White,Male,18-30,95459,691,8,2,1,1
Asian,Male,31-45,39116,817,2,3,0,1
Black,Female,18-30,28774,345,6,3,1,1
Asian,Female,60+,75756,722,3,3,0,1
Black,Male,60+,20123,682,6,3,1,0
White,Female,31-45,92514,367,3,2,0,1
White,Male,46-60,67601,758,5,1,1,1
White,Female,18-30,86441,493,2,4,1,1
White,Female,46-60,50946,505,3,2,0,1
White,Female,60+,35152,764,4,1,1,1
Asian,Male,60+,25207,408,6,2,1,1
White,Non-binary,60+,85217,321,0,2,1,1
White,Female,46-60,64889,758,7,4,0,1
Asian,Male,31-45,34190,427,5,4,0,1
Black,Male,46-60,68636,517,7,4,0,1
Black,Male,46-60,72437,663,7,1,1,1
Asian,Male,31-45,66391,596,8,1,1,1
Hispanic,Male,60+,41258,697,3,4,1,1
Hispanic,Female,46-60,45417,437,2,2,1,1
Hispanic,Male,18-30,45541,773,0,1,0,1
Black,Male,46-60,19753,321,8,1,0,1
Black,Male,18-30,59274,400,1,4,0,0
Black,Male,46-60,17710,506,8,2,1,0
White,Female,18-30,85961,413,9,4,0,1
White,Female,31-45,82203,603,7,3,1,1
White,Male,31-45,25849,672,8,2,1,1
White,Male,31-45,53923,519,1,2,1,1
Black,Female,46-60,40884,646,6,4,1,1
Black,Female,60+,93085,764,6,2,0,1
Black,Female,18-30,39471,708,2,4,1,0
Hispanic,Male,31-45,60653,559,3,2,1,0
Black,Female,18-30,60818,436,9,3,0,1
White,Male,46-60,41655,847,8,1,1,1
White,Male,46-60,54000,448,0,3,1,1
White,Male,46-60,71700,655,2,1,0,1
Asian,Male,18-30,98892,623,6,3,0,1
Black,Female,31-45,79281,802,1,2,0,1
Hispanic,Female,31-45,25970,539,2,4,0,1
White,Male,60+,52574,471,3,3,0,1
Hispanic,Non-binary,46-60,40114,354,0,4,0,1
Hispanic,Male,60+,29215,689,8,3,0,1
Hispanic,Female,46-60,51002,682,8,2,1,1
Black,Female,18-30,45614,734,2,3,0,1
Hispanic,Female,31-45,27637,633,4,1,1,1
Asian,Male,46-60,66727,628,1,2,1,1
Asian,Female,18-30,51156,398,7,1,1,1
White,Male,60+,91005,422,4,4,0,1
Black,Female,18-30,35861,374,1,1,1,0
White,Female,31-45,15753,512,5,2,1,1
Asian,Female,18-30,67001,427,5,1,1,1
Asian,Male,31-45,16152,594,4,1,1,0
White,Female,18-30,82051,822,5,4,0,1
Asian,Male,18-30,92507,509,7,2,0,1
Hispanic,Female,18-30,88132,829,4,4,0,1
Black,Female,60+,19735,357,0,4,0,1
Black,Male,46-60,18385,450,1,2,0,0
White,Male,31-45,62824,772,8,3,0,1
Asian,Male,31-45,23363,538,7,2,1,1
White,Male,46-60,27589,638,3,3,1,1
Hispanic,Female,18-30,93844,742,0,2,1,1
White,Female,18-30,63509,326,7,1,1,1
Hispanic,Female,18-30,51199,763,0,4,1,1
White,Female,46-60,42320,405,8,1,0,1
White,Non-binary,31-45,85309,738,9,2,1,1
Asian,Female,31-45,59395,374,8,3,1,1
Black,Male,31-45,23463,679,4,2,1,1
White,Female,18-30,58430,752,2,3,1,1
Hispanic,Female,46-60,75768,487,0,4,1,1
White,Non-binary,31-45,15666,320,1,2,0,1
White,Female,31-45,39292,467,4,3,0,1
Black,Female,18-30,60951,615,1,2,1,1
Asian,Male,60+,48647,375,5,1,0,1
Hispanic,Male,46-60,28007,525,2,3,1,1
White,Female,31-45,31206,554,6,3,1,1
Hispanic,Male,46-60,71911,811,9,1,1,1
Black,Female,31-45,74932,575,9,4,1,1
White,Female,46-60,46655,485,8,2,1,1
Hispanic,Female,31-45,60968,718,0,4,1,0
White,Male,31-45,23300,722,2,2,1,1
White,Female,31-45,36814,407,9,2,0,1
White,Female,46-60,62715,830,3,2,0,1
Asian,Female,46-60,23985,733,5,3,0,1
Hispanic,Female,46-60,37553,336,2,2,1,1
White,Female,18-30,69517,399,3,2,0,1
White,Male,18-30,44976,732,9,1,0,1
White,Female,46-60,36347,532,4,1,0,1
White,Male,46-60,41793,410,3,3,0,1
Asian,Female,18-30,51015,792,2,4,1,1
Hispanic,Female,46-60,82073,612,6,3,1,1
Asian,Female,60+,95488,614,7,4,0,1
White,Male,60+,27891,548,1,1,1,1
Black,Female,46-60,16280,500,9,4,0,1
White,Female,60+,49294,781,5,2,1,1
White,Male,46-60,15291,739,8,3,1,1
Hispanic,Female,31-45,78984,322,0,1,0,1
White,Female,18-30,16216,477,7,1,1,0
White,Female,46-60,54762,613,5,1,1,1
White,Male,46-60,91824,324,3,4,0,1
Black,Female,31-45,74981,585,5,3,0,1
White,Male,31-45,66029,438,9,3,0,1
White,Female,18-30,15342,776,8,2,1,1
Black,Male,46-60,62549,778,4,4,1,1
Black,Male,18-30,82654,337,4,3,1,1
Hispanic,Non-binary,60+,66466,678,2,4,1,1
White,Female,18-30,82919,346,8,1,0,1
White,Male,60+,51133,687,2,2,0,1
Hispanic,Female,60+,47136,719,4,2,1,1
White,Female,46-60,76443,414,0,3,0,1
White,Female,31-45,54714,527,9,3,1,1
White,Female,46-60,29486,772,6,3,0,1
White,Female,18-30,28079,647,7,3,0,1
Black,Male,31-45,29709,805,7,4,1,0
Asian,Male,46-60,76863,705,9,4,1,1
White,Female,46-60,69013,314,0,2,0,1
Black,Female,31-45,19090,320,9,1,0,1
White,Female,31-45,81739,832,9,2,1,1
Asian,Male,31-45,88057,823,9,1,0,1
White,Male,31-45,54483,481,0,1,1,1
White,Male,18-30,53561,825,6,3,0,1
White,Male,46-60,45622,447,0,1,0,1
White,Male,46-60,93239,418,4,4,0,1
Black,Male,46-60,95931,836,3,2,1,1
Black,Female,18-30,21741,493,2,3,1,0
Black,Male,60+,65066,418,0,4,0,1
Asian,Male,31-45,81082,514,7,2,0,1
White,Female,46-60,77373,408,2,2,1,1
Hispanic,Female,46-60,40257,756,9,3,0,0
White,Male,46-60,38054,450,3,4,1,0
Black,Male,18-30,87421,815,3,1,0,1
Asian,Female,31-45,44627,711,0,4,0,0
Asian,Male,18-30,24863,661,0,2,0,1
Hispanic,Male,46-60,85371,736,3,1,0,1
Asian,Non-binary,60+,75772,562,5,4,0,1
Black,Female,18-30,29045,656,5,1,1,0
Asian,Female,18-30,79754,490,3,2,1,1
Asian,Male,46-60,66183,539,5,1,0,1
White,Male,46-60,63362,626,1,3,0,1
White,Female,31-45,97246,832,3,4,0,1
White,Female,31-45,26811,784,3,2,0,1
White,Female,18-30,18238,563,9,2,0,1
White,Male,18-30,72291,429,4,4,0,1
White,Male,46-60,76477,832,0,4,0,1
White,Male,60+,70083,447,2,1,1,1
White,Female,31-45,63276,503,2,2,0,1
White,Female,18-30,44973,686,3,1,1,1
Asian,Male,46-60,97173,365,2,4,1,1
Hispanic,Female,31-45,62366,409,5,1,1,0
Asian,Female,18-30,82092,697,1,4,0,1
Asian,Female,31-45,50661,488,4,2,0,1
Hispanic,Female,18-30,37372,711,5,2,0,1
Black,Male,31-45,48938,627,8,4,0,0
White,Male,46-60,56560,548,9,2,0,1
White,Female,46-60,43680,841,0,2,0,1
Hispanic,Female,60+,29720,700,2,4,0,1
White,Female,60+,55499,547,6,1,1,1
White,Male,31-45,40258,585,7,4,0,1
White,Female,46-60,62964,681,4,4,0,1
White,Female,31-45,60290,315,8,1,0,1
White,Female,46-60,77802,317,9,4,1,1
Hispanic,Male,31-45,48379,466,7,4,1,0
Black,Female,46-60,93417,787,0,4,0,1
White,Male,46-60,60845,344,0,1,1,1
White,Male,31-45,46709,335,7,4,0,1
White,Female,46-60,46430,800,8,3,0,1
White,Female,46-60,69255,746,8,1,0,1
White,Female,46-60,34645,516,5,1,1,1
Hispanic,Male,18-30,88477,446,6,3,1,1
Hispanic,Female,31-45,67748,524,4,4,0,1
White,Non-binary,18-30,88399,359,9,4,1,1
Hispanic,Male,31-45,17547,305,3,4,0,1
Black,Male,31-45,75877,326,7,2,0,1
Asian,Male,46-60,78721,487,2,2,0,1
Hispanic,Male,60+,46526,355,6,1,1,1
Black,Female,31-45,50232,637,5,4,0,1
Black,Male,18-30,36888,566,9,1,1,0
White,Female,31-45,55797,324,7,3,0,1
Asian,Male,60+,33957,388,5,4,0,1
Black,Female,60+,50748,757,1,4,0,0
Black,Male,31-45,75527,729,4,1,0,1
Black,Female,46-60,29485,580,3,4,1,0
White,Female,31-45,77750,795,2,2,1,1
Hispanic,Female,46-60,61673,817,5,4,0,1
Hispanic,Female,31-45,84961,600,4,2,1,1
White,Non-binary,18-30,78255,578,2,4,0,1
White,Female,46-60,63799,637,5,1,0,1
White,Female,46-60,69628,844,3,4,1,1
White,Male,18-30,29005,374,6,1,1,1
White,Female,60+,69305,485,0,3,0,1
Asian,Male,60+,98572,405,2,4,0,1
Black,Female,60+,76815,839,4,3,0,1
Black,Female,31-45,49765,686,1,1,0,1
Asian,Male,31-45,59502,808,8,4,1,1
Hispanic,Female,18-30,92599,575,9,3,1,1
White,Female,18-30,99683,391,0,2,1,1
White,Female,18-30,61632,731,3,2,0,1
White,Male,31-45,23535,575,3,3,0,1
White,Male,46-60,31417,637,1,2,0,1
Hispanic,Female,46-60,49862,796,9,2,0,1
Hispanic,Male,46-60,76971,643,0,4,0,1
White,Female,18-30,73204,585,0,2,0,1
Black,Female,31-45,79487,402,9,2,0,1
White,Male,18-30,32841,839,9,3,1,1
White,Female,18-30,26656,749,4,2,1,1
White,Female,46-60,23883,798,9,1,1,1
Asian,Male,60+,51352,634,0,3,1,1
White,Female,18-30,77902,588,3,4,1,1
Asian,Male,46-60,84854,838,3,3,0,1
Hispanic,Male,60+,48273,329,3,2,0,1
Hispanic,Female,18-30,64679,383,4,1,0,1
Hispanic,Female,31-45,62365,668,1,2,1,1
White,Male,18-30,56076,549,2,2,1,1
Hispanic,Male,46-60,21144,849,6,3,1,1
White,Male,46-60,39577,643,9,2,1,1
Asian,Non-binary,46-60,54972,364,8,1,1,1
Hispanic,Male,31-45,94561,762,4,4,0,1
Asian,Female,18-30,76072,699,4,3,0,1
Asian,Male,18-30,40984,688,8,1,1,1
White,Female,31-45,98155,356,7,2,1,1
Asian,Female,46-60,38313,758,7,2,1,1
White,Male,31-45,18720,446,4,4,1,1
Black,Male,31-45,40119,533,3,1,0,1
Hispanic,Male,46-60,95274,474,2,1,0,1
White,Female,60+,60104,518,9,4,0,1
White,Female,46-60,51352,318,9,2,0,1
Asian,Female,31-45,67773,674,3,2,0,1
White,Male,31-45,30083,340,2,2,1,1
White,Female,46-60,80573,774,5,3,1,1
Black,Male,31-45,33979,592,2,1,0,1
Hispanic,Female,46-60,79713,664,2,4,0,1
Hispanic,Female,18-30,23495,419,0,3,1,1
Black,Non-binary,60+,58872,601,8,1,1,1
Black,Male,60+,56127,349,4,4,0,1
Hispanic,Female,46-60,24398,792,9,4,0,1
White,Female,31-45,45721,551,0,2,0,1
Black,Female,31-45,27198,670,3,2,0,1
White,Non-binary,46-60,31359,815,2,4,1,1
Asian,Male,31-45,99443,748,6,2,1,1
Black,Non-binary,31-45,39052,739,5,2,1,0
Hispanic,Female,18-30,55920,795,7,1,1,1
White,Female,18-30,32497,781,7,4,0,1
Black,Male,18-30,92767,785,7,4,0,1
White,Male,46-60,27381,628,4,4,0,1
White,Female,60+,63444,552,2,2,0,1
Hispanic,Female,18-30,36945,466,3,1,0,1
Hispanic,Non-binary,60+,84696,551,6,4,0,1
White,Male,31-45,16435,555,7,3,1,1
White,Female,46-60,78069,829,8,2,0,1
White,Female,31-45,57728,370,4,4,0,1
Black,Non-binary,46-60,75336,485,9,4,0,1
White,Male,46-60,91436,795,3,3,0,1
Black,Female,18-30,38100,460,6,1,0,0
White,Male,31-45,67618,535,9,4,0,1
White,Female,18-30,96092,461,3,1,0,1
Hispanic,Female,18-30,32319,574,2,1,1,1
Asian,Male,31-45,52314,803,3,4,0,1
Asian,Male,60+,76918,459,7,3,1,1
Hispanic,Female,46-60,15645,311,7,4,0,0
White,Male,31-45,81890,505,5,1,0,1
White,Male,18-30,37820,632,7,1,1,1
Black,Male,18-30,88510,524,3,3,0,1
White,Female,46-60,78150,711,2,2,0,1
White,Male,31-45,87940,448,6,3,0,1
Asian,Female,31-45,92732,667,5,3,0,1
White,Male,31-45,36926,765,5,1,0,1
Hispanic,Male,31-45,39441,719,1,3,1,1
White,Female,31-45,62474,634,1,1,0,1
White,Female,46-60,81181,696,9,4,0,1
Black,Male,31-45,32041,670,4,2,1,1
White,Male,18-30,73577,773,2,4,0,1
Asian,Male,18-30,63563,309,2,1,1,1
Black,Male,31-45,49314,535,8,3,1,1
Hispanic,Female,18-30,55169,757,8,3,1,1
Hispanic,Female,18-30,33628,508,0,4,0,0
Hispanic,Male,31-45,86703,783,5,3,0,1
Hispanic,Male,46-60,22919,379,1,2,0,1
White,Male,60+,64954,356,4,4,1,1
Hispanic,Female,18-30,49017,809,1,2,0,0
Black,Male,60+,58521,626,5,1,0,1
Black,Male,18-30,42891,731,8,3,1,1
White,Male,18-30,25018,388,6,2,1,1
White,Female,31-45,59892,720,0,4,0,1
Black,Female,46-60,80376,566,5,1,0,1
White,Male,18-30,87452,370,1,1,0,1
White,Male,46-60,33794,449,1,3,0,1
White,Male,60+,43787,821,2,3,1,1
White,Male,18-30,78594,409,7,2,0,1
Black,Non-binary,46-60,60626,382,6,3,1,1
Black,Female,18-30,76600,507,3,4,0,1
White,Male,31-45,52478,482,2,2,0,1
White,Male,31-45,63844,619,0,2,0,1
White,Female,18-30,72315,433,9,4,0,1
Black,Female,31-45,52144,305,3,4,0,0
Hispanic,Female,31-45,98562,317,7,2,0,1
White,Female,46-60,89430,590,0,1,1,1
White,Female,60+,60620,412,1,2,0,1
White,Male,60+,53436,710,9,2,0,1
Hispanic,Male,46-60,26818,328,1,4,0,1
White,Non-binary,31-45,25798,519,8,2,1,1
Black,Male,60+,24449,519,0,1,0,0
White,Male,31-45,98927,482,5,4,0,1
White,Non-binary,60+,64282,645,3,3,0,1
