gender,age_band,college_tier,experience_years,tech_score,communication_score,shortlisted
Male,51+,Tier3,18,44,48,1
Non-binary,41-50,Tier3,7,65,45,0
Female,41-50,Tier2,6,52,64,1
Female,41-50,Tier2,15,66,58,1
Male,51+,Tier2,18,96,55,1
Male,31-40,Tier3,5,53,60,1
Male,51+,Tier3,19,63,41,1
Female,31-40,Tier1,10,42,49,1
Female,51+,Tier3,4,86,55,1
Female,51+,Tier1,15,90,76,1
Male,31-40,Tier2,6,88,54,1
Non-binary,41-50,Tier2,4,69,52,1
Female,31-40,Tier2,10,74,52,1
Male,20-30,Tier2,14,87,71,1
Male,20-30,Tier2,2,53,84,1
Male,31-40,Tier2,4,51,86,1
Male,51+,Tier3,4,67,85,1
Male,20-30,Tier2,8,83,47,1
Male,20-30,Tier1,14,68,82,1
Male,51+,Tier3,2,82,57,1
Female,51+,Tier2,5,56,95,0
Male,41-50,Tier2,16,79,75,1
Male,51+,Tier3,7,88,65,1
Male,31-40,Tier2,10,60,49,1
Male,31-40,Tier1,5,96,70,1
Female,41-50,Tier2,7,62,72,1
Male,20-30,Tier3,9,59,68,1
Male,20-30,Tier2,2,50,44,1
Female,51+,Tier3,13,96,52,1
Male,31-40,Tier2,13,96,40,0
Female,20-30,Tier1,9,73,62,1
Male,41-50,Tier2,11,49,79,0
Male,41-50,Tier3,5,49,42,0
Female,31-40,Tier1,11,82,42,1
Non-binary,41-50,Tier2,13,99,46,1
Female,41-50,Tier2,1,45,75,1
Male,31-40,Tier2,8,75,74,1
Male,51+,Tier3,9,63,54,1
Female,51+,Tier1,16,51,79,1
Male,41-50,Tier2,16,82,42,1
Male,51+,Tier1,2,94,68,0
Male,51+,Tier3,18,62,69,1
Male,41-50,Tier1,0,66,78,0
Female,51+,Tier2,11,97,57,1
Male,41-50,Tier3,6,96,50,1
Female,20-30,Tier3,3,84,82,1
Male,31-40,Tier2,9,76,88,1
Male,31-40,Tier2,12,45,99,0
Male,51+,Tier2,1,40,77,1
Male,51+,Tier2,9,45,79,1
Non-binary,51+,Tier2,3,89,40,1
Female,31-40,Tier2,17,61,68,1
Female,20-30,Tier2,4,80,49,1
Female,20-30,Tier2,18,63,67,0
Female,31-40,Tier3,1,64,96,1
Female,20-30,Tier3,11,54,70,0
Male,31-40,Tier2,16,65,58,0
Male,20-30,Tier1,9,47,42,1
Male,41-50,Tier1,1,90,75,1
Male,41-50,Tier3,5,63,82,1
Male,31-40,Tier2,7,87,54,1
Male,20-30,Tier1,18,77,72,1
Female,51+,Tier2,10,45,80,1
Male,20-30,Tier2,11,93,82,1
Male,41-50,Tier2,8,74,90,1
Male,41-50,Tier2,1,81,84,1
Male,20-30,Tier1,7,40,65,1
Female,20-30,Tier3,10,99,55,1
Male,51+,Tier2,3,85,75,1
Non-binary,51+,Tier3,9,75,72,0
Female,20-30,Tier3,19,97,59,1
Male,20-30,Tier2,15,51,52,0
Male,20-30,Tier2,7,77,72,1
Female,20-30,Tier2,3,50,44,0
Female,31-40,Tier2,9,51,76,1
Female,20-30,Tier3,11,81,53,1
Female,51+,Tier3,13,89,66,1
Male,41-50,Tier1,15,78,62,1
Male,31-40,Tier1,17,46,53,0
Male,20-30,Tier3,11,50,79,1
Female,41-50,Tier3,17,75,43,0
Female,31-40,Tier3,6,91,78,0
Male,41-50,Tier2,19,70,91,1
Male,20-30,Tier2,6,72,58,1
Male,20-30,Tier3,8,52,86,1
Male,51+,Tier3,0,57,93,1
Female,20-30,Tier2,5,80,43,1
Female,20-30,Tier1,5,97,69,0
Female,31-40,Tier2,11,95,58,1
Male,51+,Tier2,11,63,70,1
Male,31-40,Tier2,9,48,70,0
Female,41-50,Tier3,5,70,48,1
Female,20-30,Tier2,16,94,92,1
Female,41-50,Tier3,18,80,52,1
Female,31-40,Tier1,17,49,53,1
Male,20-30,Tier3,5,99,94,1
Male,20-30,Tier3,18,41,99,1
Male,31-40,Tier1,9,77,85,1
Male,31-40,Tier1,7,54,93,1
Male,31-40,Tier2,5,42,49,1
Male,31-40,Tier1,6,82,87,0
Female,31-40,Tier3,0,70,70,1
Male,20-30,Tier3,17,45,76,1
Male,31-40,Tier2,19,42,62,1
Female,20-30,Tier2,11,95,66,0
Male,20-30,Tier2,15,50,45,1
Male,31-40,Tier3,9,54,65,1
Female,31-40,Tier1,9,84,41,0
Male,51+,Tier2,13,91,84,1
Male,20-30,Tier2,19,67,52,0
Male,31-40,Tier2,9,49,90,1
Male,31-40,Tier2,9,77,89,1
Female,31-40,Tier3,10,86,99,0
Female,51+,Tier1,1,96,58,1
Female,51+,Tier1,19,89,40,1
Female,41-50,Tier3,7,89,79,1
Female,20-30,Tier3,6,46,71,0
Male,41-50,Tier1,7,54,61,1
Female,31-40,Tier2,0,57,87,1
Male,51+,Tier2,1,57,68,1
Female,51+,Tier2,17,91,41,1
Female,41-50,Tier2,14,80,79,1
Male,51+,Tier1,0,63,77,1
Male,31-40,Tier2,4,41,87,1
Male,51+,Tier3,1,79,94,1
Male,41-50,Tier2,19,59,50,1
Female,31-40,Tier3,2,73,56,1
Female,41-50,Tier1,18,82,94,0
Male,51+,Tier3,17,65,90,0
Male,41-50,Tier3,17,46,82,1
Male,41-50,Tier3,13,77,99,1
Male,20-30,Tier3,7,69,47,1
Male,51+,Tier3,11,81,61,1
Male,51+,Tier2,9,44,43,1
Female,41-50,Tier2,19,50,50,0
Male,20-30,Tier2,16,40,47,1
Male,51+,Tier3,10,73,48,0
Female,31-40,Tier3,1,95,65,1
Male,41-50,Tier2,3,40,41,1
Non-binary,51+,Tier1,0,58,55,1
Non-binary,31-40,Tier2,14,41,70,0
Male,51+,Tier3,12,60,45,1
Male,31-40,Tier2,7,59,92,1
Male,41-50,Tier2,3,62,60,1
Male,51+,Tier2,9,60,65,1
Male,51+,Tier2,18,63,98,1
Female,20-30,Tier3,17,43,58,1
Male,41-50,Tier3,4,51,67,1
Male,31-40,Tier3,18,61,47,1
Male,51+,Tier2,15,59,53,1
Female,51+,Tier2,0,57,63,0
Male,31-40,Tier2,11,40,87,1
Male,41-50,Tier3,1,69,83,1
Male,20-30,Tier2,7,72,76,1
Non-binary,20-30,Tier2,17,63,95,1
Male,51+,Tier2,15,53,65,1
Female,31-40,Tier3,4,75,70,1
Female,51+,Tier1,12,44,95,0
Male,31-40,Tier3,18,50,90,0
Female,20-30,Tier2,2,63,71,1
Male,41-50,Tier2,7,99,89,1
Female,31-40,Tier1,11,70,80,1
Female,20-30,Tier2,1,94,41,1
Male,51+,Tier2,10,52,64,1
Male,31-40,Tier1,11,55,91,1
Female,41-50,Tier2,17,63,83,0
Male,51+,Tier3,12,52,41,1
Male,51+,Tier1,4,63,81,0
Male,20-30,Tier3,11,93,40,1
Female,31-40,Tier2,1,65,75,0
Female,51+,Tier3,4,41,96,0
Male,41-50,Tier2,6,55,51,1
Male,31-40,Tier1,11,77,48,1
Male,41-50,Tier1,15,85,75,1
Female,51+,Tier1,7,40,80,1
Male,41-50,Tier1,8,88,67,0
Female,20-30,Tier3,14,50,77,0
Male,41-50,Tier3,4,90,72,1
Female,31-40,Tier3,12,74,81,0
Male,41-50,Tier3,4,82,85,1
Male,41-50,Tier1,10,68,61,1
Male,20-30,Tier2,9,76,64,1
Female,41-50,Tier2,19,56,57,1
Female,41-50,Tier2,12,97,45,0
Male,51+,Tier2,8,93,57,1
Female,51+,Tier2,13,78,91,1
Female,31-40,Tier2,17,81,55,1
Female,51+,Tier2,14,67,54,1
Male,51+,Tier3,9,68,87,1
Male,51+,Tier3,6,82,47,1
Male,51+,Tier2,7,42,52,1
Female,20-30,Tier3,2,91,94,1
Female,51+,Tier3,14,49,82,0
Female,20-30,Tier2,15,98,99,1
Male,20-30,Tier2,3,81,96,1
Male,51+,Tier2,5,53,46,0
Female,41-50,Tier3,0,51,56,1
Female,20-30,Tier3,3,86,89,1
Female,41-50,Tier1,10,81,71,1
Female,41-50,Tier2,11,69,61,0
Female,51+,Tier2,4,71,94,0
Male,31-40,Tier2,15,71,90,1
Male,51+,Tier1,12,81,96,1
Female,31-40,Tier3,12,71,52,0
Female,31-40,Tier3,16,65,86,1
Male,51+,Tier3,6,90,62,1
Male,51+,Tier3,7,40,93,1
Female,31-40,Tier3,12,95,68,1
Male,51+,Tier2,15,97,61,1
Male,31-40,Tier2,3,81,40,0
Male,41-50,Tier1,7,41,68,1
Female,51+,Tier3,15,56,87,0
Female,41-50,Tier1,9,69,44,0
Male,20-30,Tier3,11,95,97,0
Female,41-50,Tier2,11,78,74,1
Male,41-50,Tier1,4,46,94,1
Male,31-40,Tier1,15,91,49,1
Female,41-50,Tier1,0,66,58,0
Female,51+,Tier3,8,48,76,1
Female,31-40,Tier3,11,61,46,1
Female,20-30,Tier2,4,73,85,1
Female,51+,Tier1,19,85,74,1
Male,20-30,Tier1,2,88,84,1
Male,41-50,Tier1,4,40,52,0
Male,51+,Tier1,1,48,49,1
Male,51+,Tier3,13,59,41,0
Non-binary,20-30,Tier2,1,92,45,1
Male,51+,Tier2,12,58,47,1
Female,51+,Tier1,6,75,75,1
Female,51+,Tier2,9,99,64,1
Female,41-50,Tier2,12,79,83,1
Male,20-30,Tier2,15,84,99,1
Female,51+,Tier2,13,43,86,0
Male,31-40,Tier1,10,48,79,1
Male,31-40,Tier2,9,80,46,1
Female,31-40,Tier2,5,61,85,1
Male,31-40,Tier2,3,57,62,1
Male,41-50,Tier3,0,51,58,1
Female,51+,Tier2,6,81,85,1
Male,20-30,Tier2,8,82,61,1
Female,51+,Tier2,7,78,52,1
Non-binary,41-50,Tier2,4,48,60,1
Female,31-40,Tier2,18,45,40,1
Male,41-50,Tier3,9,58,98,1
Male,51+,Tier3,10,87,58,1
Female,20-30,Tier1,14,86,99,1
Male,41-50,Tier2,5,46,72,1
Non-binary,20-30,Tier2,14,55,43,1
Non-binary,41-50,Tier3,4,44,81,0
Female,20-30,Tier2,18,55,42,1
Male,20-30,Tier2,18,40,66,1
Male,31-40,Tier1,9,90,91,1
Female,20-30,Tier2,11,76,80,1
Male,31-40,Tier1,3,78,74,0
Male,51+,Tier2,17,58,67,0
Female,51+,Tier1,15,93,45,1
Female,31-40,Tier3,7,76,45,1
Female,31-40,Tier2,3,56,94,1
Female,41-50,Tier2,11,65,96,1
Male,41-50,Tier3,1,61,83,1
Female,41-50,Tier2,3,47,62,1
Non-binary,51+,Tier2,4,72,72,1
Male,41-50,Tier2,2,41,55,1
Male,20-30,Tier1,8,69,63,0
Female,20-30,Tier3,17,86,44,1
Female,41-50,Tier1,10,59,80,0
Female,20-30,Tier2,2,99,81,0
Female,51+,Tier2,1,57,52,1
Male,20-30,Tier2,8,82,86,1
Male,51+,Tier3,13,96,51,1
Female,31-40,Tier2,3,49,44,0
Female,31-40,Tier1,8,63,76,1
Female,31-40,Tier3,12,95,70,1
Female,31-40,Tier2,17,43,67,1
Male,20-30,Tier3,14,76,67,1
Male,41-50,Tier3,9,43,69,1
Female,20-30,Tier3,15,52,57,1
Female,51+,Tier2,11,64,83,1
Female,20-30,Tier2,19,52,66,1
Female,20-30,Tier3,4,57,74,1
Female,51+,Tier2,1,98,65,1
Male,31-40,Tier1,9,63,96,1
Male,31-40,Tier3,0,41,78,1
Male,31-40,Tier3,6,87,88,1
Female,41-50,Tier2,16,72,90,1
Male,51+,Tier1,15,97,99,1
Male,51+,Tier2,2,58,57,1
Male,20-30,Tier3,13,48,72,0
Male,41-50,Tier3,9,67,64,1
Female,31-40,Tier2,6,74,95,1
Male,41-50,Tier1,16,96,70,1
Male,51+,Tier3,5,78,76,1
Female,51+,Tier2,3,49,98,0
Male,20-30,Tier2,16,40,99,1
Male,20-30,Tier3,8,81,41,0
Male,51+,Tier1,3,60,72,1
Female,31-40,Tier2,6,48,78,1
Male,31-40,Tier1,1,99,82,1
Female,41-50,Tier2,16,86,82,1
Male,51+,Tier3,7,54,71,0
Male,51+,Tier2,14,74,57,1
Male,31-40,Tier3,14,96,56,1
Male,31-40,Tier2,7,44,73,1
Female,51+,Tier2,15,80,78,0
Female,20-30,Tier2,18,97,46,0
Non-binary,51+,Tier2,10,61,81,1
Male,51+,Tier2,1,80,93,1
Male,31-40,Tier1,16,62,92,1
Female,31-40,Tier2,15,46,74,0
Male,20-30,Tier2,14,95,69,1
Male,20-30,Tier3,12,62,51,1
Male,41-50,Tier3,14,83,74,1
Male,51+,Tier3,3,64,50,1
Non-binary,31-40,Tier1,15,66,83,1
Female,20-30,Tier2,11,80,96,0
Female,41-50,Tier3,3,45,43,1
Male,41-50,Tier2,2,94,64,1
Male,31-40,Tier1,16,73,87,1
Male,31-40,Tier3,17,48,71,1
Male,41-50,Tier3,17,99,59,1
Male,20-30,Tier2,16,88,89,1
Female,41-50,Tier1,11,72,70,0
Female,51+,Tier3,3,90,43,0
Male,51+,Tier2,11,99,93,1
Non-binary,31-40,Tier3,19,45,77,1
Female,20-30,Tier3,14,76,92,1
Female,20-30,Tier3,15,70,86,0
Female,51+,Tier2,4,73,40,0
Male,41-50,Tier1,14,80,42,1
Male,31-40,Tier3,16,68,76,1
Male,41-50,Tier2,17,97,61,1
Female,41-50,Tier3,4,53,56,1
Male,41-50,Tier1,12,75,53,1
Male,20-30,Tier1,18,75,80,1
Male,51+,Tier3,12,92,74,1
Male,20-30,Tier3,17,54,97,1
Female,51+,Tier3,13,47,52,0
Female,31-40,Tier3,3,65,74,0
Male,31-40,Tier2,3,75,82,1
Male,41-50,Tier3,19,87,41,1
Male,51+,Tier3,19,60,95,1
Male,51+,Tier2,18,67,86,1
Male,51+,Tier2,12,43,52,0
Male,41-50,Tier1,11,55,90,1
Male,41-50,Tier2,6,61,93,1
Female,31-40,Tier3,11,51,55,1
Female,20-30,Tier2,3,55,57,1
Male,51+,Tier2,1,90,46,1
Male,51+,Tier2,1,79,84,1
Female,20-30,Tier2,4,77,75,0
Male,51+,Tier2,9,81,80,1
Female,41-50,Tier2,9,76,69,1
Female,41-50,Tier3,8,68,81,1
Male,51+,Tier2,12,57,80,0
Male,41-50,Tier1,6,49,46,1
Female,41-50,Tier1,4,81,54,1
Male,51+,Tier3,9,78,99,1
Female,31-40,Tier2,9,57,79,1
Female,20-30,Tier3,5,40,58,1
Female,41-50,Tier3,18,78,82,0
Male,31-40,Tier3,7,60,76,1
Female,41-50,Tier2,0,40,41,0
Male,41-50,Tier3,16,54,81,1
Male,20-30,Tier2,6,43,87,1
Female,41-50,Tier3,13,99,94,0
Male,20-30,Tier2,16,59,52,1
Non-binary,20-30,Tier2,8,49,79,1
Female,20-30,Tier2,16,62,80,0
Male,31-40,Tier1,4,80,82,1
Male,51+,Tier3,19,73,82,1
Male,31-40,Tier2,7,99,94,1
Male,51+,Tier2,5,85,97,1
Male,51+,Tier2,10,87,70,1
Female,20-30,Tier3,18,72,55,0
Male,41-50,Tier3,3,73,81,1
Male,20-30,Tier3,17,78,95,1
Female,41-50,Tier3,0,49,83,0
Male,51+,Tier1,12,93,96,1
Female,20-30,Tier1,13,59,45,1
Male,41-50,Tier3,0,40,67,1
Male,31-40,Tier2,10,52,71,1
Female,41-50,Tier2,16,40,83,1
Female,20-30,Tier1,3,44,49,0
Female,31-40,Tier2,11,55,89,0
Female,41-50,Tier1,9,54,57,0
Female,41-50,Tier3,5,88,43,0
Male,41-50,Tier2,0,67,48,0
Male,41-50,Tier2,6,70,46,1
Female,41-50,Tier1,15,62,89,1
Female,31-40,Tier3,13,87,47,0
Non-binary,51+,Tier2,19,84,82,1
Male,31-40,Tier3,19,82,46,0
Male,31-40,Tier3,5,56,80,1
Female,31-40,Tier2,4,88,79,1
Male,51+,Tier3,17,73,42,1
Female,20-30,Tier3,14,52,56,0
Female,51+,Tier3,5,53,41,1
Male,31-40,Tier3,18,50,54,1
Female,41-50,Tier2,0,67,85,1
Female,41-50,Tier2,0,81,68,1
Male,31-40,Tier1,12,71,89,1
Female,41-50,Tier1,2,74,87,1
Male,31-40,Tier3,9,98,91,1
Female,41-50,Tier2,2,70,61,1
Male,51+,Tier3,8,56,43,1
Female,20-30,Tier3,7,86,96,1
Male,20-30,Tier3,2,48,91,1
Male,51+,Tier3,12,49,45,1
Female,51+,Tier2,5,47,77,0
Male,31-40,Tier1,12,60,65,1
Male,31-40,Tier2,19,52,50,1
Non-binary,31-40,Tier1,19,98,65,1
Non-binary,41-50,Tier1,11,89,56,1
Female,31-40,Tier2,12,44,63,1
Female,51+,Tier3,1,45,67,1
Male,20-30,Tier2,15,69,74,1
Male,41-50,Tier2,5,70,70,1
Male,31-40,Tier3,18,56,52,1
Female,41-50,Tier2,12,50,93,1
Female,41-50,Tier1,16,59,74,1
Female,31-40,Tier3,8,87,55,1
Female,41-50,Tier2,16,48,54,1
Male,20-30,Tier3,1,41,82,0
Male,51+,Tier1,18,76,57,1
Male,51+,Tier3,18,40,86,1
Male,20-30,Tier2,6,43,76,1
Male,41-50,Tier2,9,75,87,0
Female,31-40,Tier2,9,93,87,1
Male,41-50,Tier3,19,97,88,1
Male,20-30,Tier2,8,64,80,1
Male,41-50,Tier2,16,42,66,0
Female,51+,Tier3,14,48,94,0
Female,41-50,Tier3,1,61,74,0
Male,20-30,Tier2,3,62,91,1
Male,51+,Tier3,18,51,84,1
Female,41-50,Tier2,16,49,93,1
Male,41-50,Tier2,4,73,74,1
Female,51+,Tier2,6,82,67,0
Female,31-40,Tier3,17,49,78,1
Male,51+,Tier3,6,69,77,1
Male,31-40,Tier2,16,61,48,1
Non-binary,20-30,Tier2,6,45,51,1
Male,20-30,Tier2,3,89,54,1
Male,51+,Tier3,7,41,60,0
Female,51+,Tier3,12,69,91,1
Female,20-30,Tier2,3,41,74,1
Non-binary,31-40,Tier3,5,71,81,1
Female,20-30,Tier3,4,81,72,1
Male,51+,Tier2,11,55,90,1
Male,20-30,Tier1,3,51,58,1
Female,51+,Tier2,8,40,94,0
Female,51+,Tier3,3,92,62,0
Male,20-30,Tier3,18,47,52,1
Female,31-40,Tier2,13,87,83,1
Male,41-50,Tier3,4,89,40,0
Male,20-30,Tier1,17,52,90,1
Male,41-50,Tier2,9,54,68,0
Male,20-30,Tier3,18,92,63,1
Male,41-50,Tier3,11,83,55,0
Male,31-40,Tier2,17,47,64,0
Male,31-40,Tier2,16,49,94,0
Female,20-30,Tier1,10,85,62,1
Female,51+,Tier2,2,44,67,0
Female,41-50,Tier2,16,89,86,0
Non-binary,51+,Tier1,0,58,55,0
Male,51+,Tier3,14,86,82,1
Male,51+,Tier2,8,77,95,0
Female,31-40,Tier3,14,98,77,1
Male,20-30,Tier3,2,50,50,1
Non-binary,20-30,Tier1,18,92,42,1
Male,31-40,Tier1,12,82,54,0
Non-binary,31-40,Tier3,11,59,40,1
Male,20-30,Tier2,19,59,46,1
Female,51+,Tier3,0,60,40,0
Male,41-50,Tier3,16,57,88,1
Non-binary,41-50,Tier3,12,96,71,1
Male,41-50,Tier3,0,89,48,0
Female,51+,Tier2,9,49,68,0
Non-binary,20-30,Tier2,14,73,65,1
Male,31-40,Tier2,6,65,62,1
Female,20-30,Tier1,17,69,84,1
Female,51+,Tier2,15,48,82,1
Male,31-40,Tier2,13,85,68,1
Female,51+,Tier3,17,90,91,0
Female,41-50,Tier2,6,70,77,0
Female,41-50,Tier2,16,81,72,1
Male,51+,Tier2,17,94,46,1
Male,31-40,Tier1,11,43,51,1
Non-binary,31-40,Tier1,7,45,70,1
Female,20-30,Tier2,1,53,71,1
Male,41-50,Tier1,6,43,93,0
Female,20-30,Tier2,3,65,59,0
Male,20-30,Tier3,17,86,94,1
Male,51+,Tier3,5,87,90,0
Male,51+,Tier3,8,78,56,1
Male,20-30,Tier2,8,56,75,1
Female,41-50,Tier3,13,58,42,1
Male,51+,Tier3,7,90,40,1
Non-binary,20-30,Tier1,18,88,89,0
Non-binary,20-30,Tier3,2,45,66,1
Female,20-30,Tier2,17,68,92,0
Male,20-30,Tier3,4,50,86,1
Male,20-30,Tier3,13,55,79,1
Female,20-30,Tier1,3,69,72,1
Female,51+,Tier3,6,64,59,1
Male,41-50,Tier2,19,79,53,1
Female,20-30,Tier3,11,50,75,1
Female,31-40,Tier2,1,46,44,0
Female,51+,Tier3,10,65,62,0
Female,51+,Tier1,13,95,84,1
Female,20-30,Tier2,15,61,99,1
Male,51+,Tier1,19,64,95,0
Female,20-30,Tier3,5,58,54,1
Female,41-50,Tier3,3,70,45,1
Male,41-50,Tier3,14,65,72,1
Male,51+,Tier3,0,81,94,1
Male,51+,Tier1,6,80,58,1
Female,31-40,Tier2,11,75,52,0
Non-binary,51+,Tier1,9,62,68,1
Male,31-40,Tier2,4,86,45,1
Female,41-50,Tier2,11,52,54,0
Male,41-50,Tier2,17,64,55,1
Non-binary,20-30,Tier2,9,41,63,1
Female,41-50,Tier1,5,41,62,1
Female,31-40,Tier1,11,55,87,0
Male,51+,Tier1,6,48,49,1
Male,20-30,Tier3,17,67,93,1
Male,31-40,Tier3,1,52,80,1
Male,51+,Tier3,9,74,80,1
Female,20-30,Tier2,14,80,88,1
Female,41-50,Tier2,11,52,56,0
Non-binary,31-40,Tier3,16,70,88,1
Non-binary,51+,Tier2,3,60,95,1
Female,20-30,Tier2,6,71,83,1
Female,20-30,Tier2,8,93,84,1
Female,41-50,Tier1,18,73,69,1
Female,51+,Tier2,6,47,83,1
Male,41-50,Tier2,1,98,85,1
Male,41-50,Tier3,5,80,49,1
Male,51+,Tier1,17,87,94,1
Non-binary,51+,Tier2,5,41,58,0
Female,51+,Tier3,12,77,68,1
Male,31-40,Tier1,18,71,41,1
Female,51+,Tier2,1,93,75,1
Female,20-30,Tier3,11,79,58,1
Male,41-50,Tier1,14,97,46,1
Male,31-40,Tier1,13,67,65,1
Female,51+,Tier2,5,76,54,0
Male,31-40,Tier2,17,80,86,1
Female,51+,Tier2,4,40,95,1
Male,31-40,Tier3,17,80,77,1
Female,41-50,Tier1,2,49,42,0
Female,41-50,Tier2,2,94,77,1
Female,20-30,Tier2,9,43,55,0
Female,20-30,Tier1,18,74,41,1
Male,51+,Tier2,2,49,70,1
Male,41-50,Tier2,11,86,67,1
Male,31-40,Tier2,15,50,46,1
Female,31-40,Tier1,16,53,69,1
Female,31-40,Tier2,6,77,82,1
Female,20-30,Tier2,12,51,97,0
Male,31-40,Tier3,1,84,46,0
Male,20-30,Tier1,3,56,75,0
Male,20-30,Tier2,9,55,68,0
Male,51+,Tier2,6,74,63,0
Female,31-40,Tier3,16,41,91,1
Male,31-40,Tier2,19,50,78,1
Male,41-50,Tier3,5,80,43,1
Female,51+,Tier3,18,42,68,0
Male,41-50,Tier3,4,68,83,1
Male,51+,Tier2,9,57,44,1
Female,31-40,Tier2,8,59,94,1
Male,20-30,Tier3,12,86,68,1
Female,20-30,Tier3,18,53,69,0
Female,20-30,Tier3,5,73,68,1
Female,20-30,Tier2,3,88,65,1
Male,20-30,Tier1,2,93,58,1
Female,41-50,Tier2,2,70,65,1
Male,51+,Tier3,3,97,76,1
Male,31-40,Tier2,4,79,66,1
Male,41-50,Tier2,7,81,69,1
Non-binary,51+,Tier3,15,97,90,1
Male,20-30,Tier2,2,57,92,0
Male,51+,Tier3,11,69,69,1
Female,51+,Tier2,7,64,42,0
Male,20-30,Tier2,12,58,98,1
Male,20-30,Tier2,3,47,97,1
Male,20-30,Tier3,13,67,82,0
Male,31-40,Tier1,13,47,46,1
Male,20-30,Tier1,12,70,88,1
Male,31-40,Tier3,5,42,96,1
Female,20-30,Tier1,16,42,48,0
Male,31-40,Tier2,3,83,92,1
Male,51+,Tier2,7,61,80,1
Female,41-50,Tier2,16,56,81,1
Male,51+,Tier2,2,75,52,0
Female,51+,Tier2,16,56,54,0
Male,20-30,Tier2,8,53,93,1
Male,31-40,Tier2,1,90,44,1
Male,41-50,Tier3,12,48,68,1
Male,20-30,Tier1,19,69,74,1
Male,20-30,Tier2,1,60,66,1
Male,20-30,Tier1,19,51,66,1
Male,51+,Tier2,10,76,47,0
Male,31-40,Tier2,14,71,71,1
Male,31-40,Tier1,10,50,59,1
Male,41-50,Tier3,2,59,49,1
Male,31-40,Tier2,2,74,52,1
Male,31-40,Tier3,11,92,68,1
Female,20-30,Tier3,4,86,74,0
Male,20-30,Tier2,19,85,93,1
Female,51+,Tier1,6,50,47,0
Female,20-30,Tier2,6,91,68,0
Male,20-30,Tier3,12,47,70,0
Female,20-30,Tier2,8,43,80,0
Female,20-30,Tier1,12,66,69,0
Male,51+,Tier2,11,83,61,1
Male,20-30,Tier3,12,79,60,1
Female,41-50,Tier3,9,77,51,0
Female,41-50,Tier1,0,86,50,1
Male,41-50,Tier3,7,69,41,1
Male,41-50,Tier2,15,83,89,1
Male,20-30,Tier2,12,87,80,1
Male,41-50,Tier3,2,87,41,1
Female,20-30,Tier2,2,66,73,0
Male,51+,Tier2,4,60,42,1
Male,41-50,Tier1,10,91,55,1
Female,31-40,Tier3,6,59,90,0
Male,41-50,Tier3,9,99,43,1
Male,41-50,Tier2,9,43,62,1
Female,20-30,Tier3,19,50,96,1
Female,41-50,Tier1,1,52,89,1
Male,31-40,Tier2,2,48,59,1
Male,20-30,Tier2,7,43,64,0
Male,20-30,Tier1,10,51,69,1
Male,51+,Tier2,12,48,57,1
Male,51+,Tier3,6,52,81,0
Male,41-50,Tier1,12,87,50,1
Male,51+,Tier2,1,65,68,1
Male,51+,Tier2,5,77,56,0
Male,51+,Tier2,8,81,65,1
Male,20-30,Tier3,19,52,95,1
Male,20-30,Tier2,1,78,96,1
Male,20-30,Tier2,17,67,62,1
Male,51+,Tier3,15,97,95,1
Female,20-30,Tier1,11,58,91,1
Female,51+,Tier2,6,63,87,1
Female,20-30,Tier2,6,58,59,1
Female,20-30,Tier2,16,88,84,1
Male,31-40,Tier3,12,52,41,1
Male,41-50,Tier3,10,52,63,1
Male,51+,Tier2,5,97,70,0
Female,31-40,Tier3,13,67,66,0
Female,20-30,Tier1,5,92,41,1
Male,51+,Tier1,5,41,96,1
Male,20-30,Tier2,1,49,53,1
Male,41-50,Tier2,19,61,43,0
Male,31-40,Tier2,14,52,88,0
Female,41-50,Tier2,16,97,52,1
Female,31-40,Tier3,7,48,75,0
Male,20-30,Tier2,4,72,74,1
Non-binary,41-50,Tier2,16,53,83,1
Female,41-50,Tier1,19,87,93,1
Male,20-30,Tier1,0,59,94,1
Male,41-50,Tier2,17,54,47,1
Male,51+,Tier2,14,71,41,1
Male,31-40,Tier3,4,72,45,1
Male,31-40,Tier1,6,56,70,1
Male,31-40,Tier1,17,63,93,1
Male,51+,Tier2,5,69,49,1
Male,31-40,Tier2,4,52,83,1
Female,20-30,Tier1,18,98,60,1
Male,41-50,Tier3,9,86,81,1
Male,51+,Tier1,14,87,49,1
Male,31-40,Tier2,9,55,62,1
Non-binary,20-30,Tier2,15,41,42,1
Male,41-50,Tier1,11,56,71,1
Male,41-50,Tier2,17,71,59,1
Non-binary,51+,Tier3,0,82,49,0
Female,51+,Tier2,15,47,68,1
Female,51+,Tier3,5,91,80,1
Male,20-30,Tier1,2,42,91,1
Male,20-30,Tier3,1,51,90,1
Female,51+,Tier2,1,59,85,1
Female,31-40,Tier3,12,55,73,1
Female,41-50,Tier2,8,53,76,1
Female,41-50,Tier3,15,55,59,0
Male,20-30,Tier2,4,98,47,1
Female,41-50,Tier1,6,92,46,1
Male,31-40,Tier1,12,88,45,1
Male,41-50,Tier3,19,82,50,0
Male,20-30,Tier2,12,88,83,1
Male,20-30,Tier3,6,90,57,1
Male,31-40,Tier2,9,93,90,1
Male,31-40,Tier2,14,72,81,1
Female,41-50,Tier1,5,69,96,0
Male,41-50,Tier3,4,98,68,1
Female,20-30,Tier3,1,51,64,1
Male,31-40,Tier3,14,54,60,1
Male,31-40,Tier2,15,57,85,1
Male,31-40,Tier2,18,67,42,1
Male,41-50,Tier3,8,62,57,1
Male,31-40,Tier2,18,53,63,1
Male,20-30,Tier3,6,69,86,1
Male,20-30,Tier3,3,72,77,1
Non-binary,41-50,Tier3,2,84,49,0
Male,51+,Tier3,19,54,66,1
Female,41-50,Tier2,10,46,51,1
Male,51+,Tier2,0,54,46,1
Female,31-40,Tier3,5,91,56,1
Female,41-50,Tier1,10,81,40,1
Female,20-30,Tier3,0,85,97,1
Male,31-40,Tier3,6,77,89,0
Male,20-30,Tier2,5,85,65,1
Male,31-40,Tier3,13,95,54,1
Female,41-50,Tier2,1,96,90,1
Female,51+,Tier2,3,93,99,1
Non-binary,31-40,Tier1,10,83,72,1
Male,51+,Tier2,14,50,76,1
Female,31-40,Tier2,17,68,86,1
Female,20-30,Tier2,0,70,70,0
Male,20-30,Tier3,2,64,74,1
Male,31-40,Tier3,2,91,40,1
Female,51+,Tier1,6,93,47,0
Female,41-50,Tier2,0,63,51,0
Female,41-50,Tier3,10,96,98,1
Male,20-30,Tier1,5,58,93,1
Female,41-50,Tier1,19,41,96,1
Male,20-30,Tier1,2,61,58,1
Male,41-50,Tier2,18,59,64,1
Male,31-40,Tier1,1,72,96,1
Female,20-30,Tier3,17,47,71,0
Female,20-30,Tier2,11,64,51,0
Male,31-40,Tier2,9,85,52,0
Male,20-30,Tier2,4,48,67,1
Female,41-50,Tier2,8,73,40,1
Male,41-50,Tier3,1,96,90,1
Female,20-30,Tier3,1,62,45,0
Male,41-50,Tier3,5,44,47,0
Male,51+,Tier2,9,94,43,1
Male,20-30,Tier3,17,64,44,0
Male,31-40,Tier3,11,47,64,0
Female,51+,Tier3,3,55,61,0
Male,20-30,Tier1,16,93,67,1
Male,31-40,Tier1,14,87,78,1
Female,41-50,Tier2,5,84,62,1
Male,31-40,Tier3,15,91,43,1
Male,51+,Tier2,16,54,91,1
Female,41-50,Tier2,2,40,43,0
Female,20-30,Tier3,9,61,86,0
Male,41-50,Tier3,4,42,98,0
Female,20-30,Tier3,13,77,60,1
Female,20-30,Tier2,12,93,76,1
Male,31-40,Tier3,5,53,95,1
Male,31-40,Tier2,11,75,80,1
Female,31-40,Tier1,7,57,41,1
Female,51+,Tier1,4,86,98,1
Male,51+,Tier2,14,80,46,1
Female,31-40,Tier2,15,57,88,1
Female,51+,Tier3,0,42,55,1
Male,41-50,Tier1,15,49,56,1
Male,41-50,Tier3,4,88,59,1
Male,51+,Tier2,2,78,97,1
Female,51+,Tier2,19,86,62,1
Male,41-50,Tier2,14,40,73,0
Female,20-30,Tier2,12,66,50,1
Female,41-50,Tier2,15,96,73,1
Female,41-50,Tier2,10,66,72,0
Male,51+,Tier1,1,50,65,1
Female,41-50,Tier1,5,88,41,0
Male,51+,Tier2,5,44,62,1
Female,51+,Tier3,13,46,80,1
Male,31-40,Tier2,10,58,61,1
Male,41-50,Tier3,7,96,97,1
Female,20-30,Tier3,7,95,73,1
Male,31-40,Tier3,0,68,99,1
Male,51+,Tier3,6,54,54,1
Female,51+,Tier2,5,74,49,1
Female,20-30,Tier3,7,86,54,1
Female,51+,Tier3,18,76,81,0
Female,41-50,Tier2,19,94,68,1
Male,31-40,Tier2,7,51,96,1
Male,51+,Tier1,13,69,62,1
Male,51+,Tier3,17,59,98,1
Male,20-30,Tier3,15,76,56,1
Female,41-50,Tier1,8,42,99,1
Female,51+,Tier2,14,48,48,1
Male,20-30,Tier2,9,97,89,1
Male,51+,Tier1,15,80,75,0
Female,20-30,Tier3,3,78,48,0
Male,20-30,Tier2,19,65,55,1
Female,41-50,Tier1,12,41,75,1
Male,51+,Tier2,4,62,87,0
Female,41-50,Tier3,6,62,90,1
Male,20-30,Tier1,8,98,72,0
Female,31-40,Tier3,7,60,94,0
Female,51+,Tier2,15,55,70,1
Female,31-40,Tier1,5,48,45,0
Female,51+,Tier1,15,52,49,1
Female,41-50,Tier2,5,67,55,0
Female,41-50,Tier2,13,66,43,1
Male,41-50,Tier3,0,90,93,1
Female,41-50,Tier3,8,91,61,1
Female,41-50,Tier3,12,56,52,0
Male,31-40,Tier2,18,77,55,1
Female,41-50,Tier3,16,75,91,1
Female,20-30,Tier2,10,40,68,1
Female,20-30,Tier2,7,57,45,1
Male,31-40,Tier1,4,90,65,1
Male,51+,Tier1,9,48,50,1
Non-binary,20-30,Tier3,6,52,63,1
Female,51+,Tier2,9,79,68,1
Male,31-40,Tier2,3,94,42,1
Female,51+,Tier2,8,84,91,1
Female,51+,Tier2,13,54,49,1
Male,51+,Tier2,1,82,99,0
Female,51+,Tier2,8,83,40,1
Male,31-40,Tier3,0,85,91,0
Male,20-30,Tier3,9,43,82,1
Male,41-50,Tier2,9,72,65,1
Female,51+,Tier2,19,63,97,0
Male,20-30,Tier2,2,75,51,0
Male,20-30,Tier3,5,90,53,1
Male,31-40,Tier2,5,80,64,1
Male,20-30,Tier2,1,49,47,1
Female,31-40,Tier1,17,75,82,1
Male,51+,Tier2,1,59,43,0
Male,51+,Tier2,11,80,67,1
Female,41-50,Tier3,4,84,46,0
Male,41-50,Tier2,19,83,49,1
Male,41-50,Tier2,6,50,90,1
Male,20-30,Tier3,15,51,96,1
Male,51+,Tier3,19,57,97,1
Male,31-40,Tier2,0,69,75,0
Male,41-50,Tier2,0,83,41,1
Male,31-40,Tier2,16,87,65,1
Female,31-40,Tier3,0,76,92,1
Male,41-50,Tier1,19,59,89,1
Female,51+,Tier3,12,64,53,1
Female,41-50,Tier3,8,51,97,1
Male,31-40,Tier2,14,60,55,1
Female,41-50,Tier1,2,64,93,1
Male,31-40,Tier2,13,50,82,1
Non-binary,31-40,Tier2,10,48,81,0
Male,41-50,Tier1,11,89,56,1
Male,20-30,Tier3,12,64,85,1
Male,41-50,Tier3,12,74,61,1
Non-binary,20-30,Tier2,0,91,43,1
Male,31-40,Tier3,9,71,58,1
Female,31-40,Tier1,2,88,41,1
Male,20-30,Tier2,3,53,78,0
Female,31-40,Tier1,15,40,48,0
Male,20-30,Tier2,7,56,99,1
Female,20-30,Tier3,15,64,58,1
Male,31-40,Tier3,16,98,55,1
Male,51+,Tier1,18,47,93,1
Male,20-30,Tier2,14,44,64,1
Male,41-50,Tier2,15,44,87,1
Female,41-50,Tier2,14,80,57,0
Male,31-40,Tier3,1,74,62,1
Female,51+,Tier3,10,58,92,1
Male,31-40,Tier2,0,62,60,1
Male,51+,Tier2,14,48,50,1
Male,20-30,Tier2,18,93,78,1
Male,20-30,Tier1,3,69,80,1
Female,20-30,Tier2,10,89,43,1
Male,20-30,Tier2,4,55,64,1
Male,41-50,Tier3,2,72,71,1
Female,41-50,Tier3,12,41,69,1
Female,31-40,Tier1,9,53,84,1
Male,51+,Tier2,10,85,98,1
Male,20-30,Tier1,17,40,65,1
Female,20-30,Tier1,1,65,96,0
Male,51+,Tier3,6,97,75,1
Male,51+,Tier1,8,64,90,1
Male,31-40,Tier2,9,55,73,1
Female,51+,Tier1,17,54,48,0
Female,20-30,Tier3,6,65,51,1
Male,20-30,Tier2,6,86,41,0
Male,20-30,Tier2,2,83,77,1
Male,20-30,Tier2,11,55,44,0
Female,20-30,Tier3,6,53,44,0
Male,31-40,Tier3,16,68,91,1
Male,20-30,Tier2,0,63,61,0
Female,31-40,Tier3,4,86,44,0
Male,20-30,Tier3,15,94,98,1
Female,41-50,Tier3,14,54,43,1
Male,41-50,Tier2,1,58,48,1
Male,41-50,Tier2,8,47,68,1
Male,41-50,Tier2,6,73,61,1
Female,31-40,Tier3,3,41,66,1
Female,31-40,Tier2,19,66,49,1
Female,51+,Tier3,17,49,55,1
Male,20-30,Tier2,3,74,81,0
Female,41-50,Tier3,12,62,81,1
Male,31-40,Tier3,0,88,90,1
Male,20-30,Tier1,2,47,49,1
Female,20-30,Tier3,15,67,45,0
Male,31-40,Tier2,3,62,88,1
Male,41-50,Tier3,15,43,44,1
Male,51+,Tier2,18,53,97,1
Male,20-30,Tier2,0,92,45,1
Male,51+,Tier3,4,81,98,0
Female,41-50,Tier2,18,68,95,1
Male,41-50,Tier3,10,40,98,1
Female,51+,Tier2,12,43,86,1
Female,41-50,Tier2,19,71,64,1
Male,20-30,Tier2,4,72,98,1
Male,51+,Tier2,3,88,90,1
Male,41-50,Tier2,3,65,89,1
Female,51+,Tier1,3,56,43,1
Male,20-30,Tier2,3,78,79,1
Female,41-50,Tier1,19,62,98,0
Male,20-30,Tier3,17,71,87,1
Female,41-50,Tier3,17,91,71,1
Male,31-40,Tier2,15,54,95,1
Male,41-50,Tier3,8,52,90,1
Female,51+,Tier2,17,99,91,1
Female,41-50,Tier3,1,41,74,1
Male,20-30,Tier3,3,99,49,1
Female,20-30,Tier3,11,58,73,1
Male,41-50,Tier2,6,63,75,1
Female,51+,Tier3,14,84,45,0
Female,31-40,Tier2,6,63,82,1
Male,51+,Tier3,16,50,85,1
Male,31-40,Tier1,15,98,55,1
Male,20-30,Tier2,18,61,98,1
Male,51+,Tier3,8,54,92,1
Female,31-40,Tier3,13,49,58,1
Male,41-50,Tier1,16,80,73,1
Male,20-30,Tier3,4,66,64,1
Female,41-50,Tier1,1,99,70,0
Non-binary,20-30,Tier2,19,48,88,1
Male,51+,Tier2,15,91,80,1
Male,51+,Tier2,13,67,56,1
Male,20-30,Tier2,13,40,86,0
Male,20-30,Tier2,0,56,69,1
Female,20-30,Tier1,2,70,78,0
Male,51+,Tier1,6,83,93,1
Female,31-40,Tier2,14,49,94,1
Male,41-50,Tier3,18,76,70,1
Female,41-50,Tier3,19,68,58,1
Female,51+,Tier1,1,57,74,0
Female,41-50,Tier2,18,86,68,1
Male,20-30,Tier1,8,77,98,1
Male,31-40,Tier1,18,78,40,1
Male,41-50,Tier3,4,88,43,1
Female,31-40,Tier2,17,45,67,1
Female,20-30,Tier1,15,79,57,1
Female,41-50,Tier2,3,51,65,0
Female,51+,Tier1,11,92,79,1
Female,31-40,Tier3,6,53,58,1
Male,20-30,Tier3,13,83,94,1
Female,31-40,Tier1,11,94,94,1
Male,41-50,Tier2,2,49,99,1
Male,41-50,Tier3,4,93,96,1
Male,51+,Tier3,16,59,45,0
Male,20-30,Tier2,9,54,40,1
Male,20-30,Tier1,9,70,47,1
Female,51+,Tier1,10,46,72,0
Male,51+,Tier2,16,97,90,1
Female,20-30,Tier2,4,80,82,1
Male,31-40,Tier1,12,49,60,1
Male,31-40,Tier2,9,49,63,1
Male,51+,Tier1,8,87,64,1
Male,31-40,Tier3,16,78,86,1
Female,20-30,Tier2,0,67,94,0
Male,41-50,Tier1,3,69,96,1
Female,41-50,Tier2,3,76,82,0
Male,31-40,Tier2,17,94,58,1
Female,51+,Tier3,8,42,68,1
Female,51+,Tier2,17,89,92,1
Female,51+,Tier2,13,82,49,1
Male,51+,Tier3,14,54,95,1
Male,51+,Tier2,5,60,51,1
Male,31-40,Tier3,9,91,72,1
Female,41-50,Tier2,14,76,95,1
Male,41-50,Tier2,3,95,46,0
Male,31-40,Tier1,17,51,56,1
Female,51+,Tier2,17,43,97,1
Male,31-40,Tier3,16,86,99,1
Female,41-50,Tier3,11,48,49,1
Male,20-30,Tier2,6,78,70,1
Male,31-40,Tier2,15,81,99,1
Female,51+,Tier3,10,67,45,1
Male,41-50,Tier3,13,62,56,1
Female,41-50,Tier1,2,84,89,0
Male,41-50,Tier2,18,79,76,1
Male,41-50,Tier2,17,83,57,1
Female,51+,Tier3,9,61,65,0
Female,20-30,Tier1,5,63,88,1
Female,41-50,Tier2,12,90,93,0
Male,31-40,Tier3,9,97,55,1
Female,20-30,Tier1,17,65,47,1
Male,41-50,Tier2,19,69,63,1
Male,20-30,Tier2,15,72,52,1
Female,31-40,Tier2,5,55,68,1
Male,41-50,Tier2,12,61,71,1
Non-binary,31-40,Tier2,3,88,63,1
Male,51+,Tier1,13,96,55,1
Male,41-50,Tier2,0,89,50,1
Male,41-50,Tier3,19,82,71,1
Female,41-50,Tier3,4,57,45,0
Female,41-50,Tier1,7,46,98,1
Female,51+,Tier1,11,89,74,1
Female,41-50,Tier2,1,65,72,0
Female,20-30,Tier2,11,47,57,1
Female,41-50,Tier2,4,45,76,1
Male,51+,Tier3,4,69,52,0
Male,41-50,Tier1,12,78,49,1
Male,20-30,Tier1,8,62,76,1
Non-binary,51+,Tier2,9,71,65,0
Female,51+,Tier3,0,61,85,0
Male,20-30,Tier1,2,81,56,1
Female,20-30,Tier2,17,82,40,1
Female,20-30,Tier2,11,96,64,0
Male,20-30,Tier3,2,84,73,1
Female,20-30,Tier3,8,48,78,1
Female,51+,Tier2,1,70,49,1
Male,51+,Tier2,2,46,59,0
Female,41-50,Tier2,13,48,46,1
Male,41-50,Tier2,3,52,95,1
Female,31-40,Tier3,18,97,55,1
Non-binary,41-50,Tier3,12,42,76,0
Female,41-50,Tier3,6,74,68,1
Male,20-30,Tier3,11,72,99,1
Female,20-30,Tier2,2,60,51,0
Female,41-50,Tier1,8,70,56,1
Male,31-40,Tier3,1,91,87,0
Female,20-30,Tier2,8,73,59,0
Male,41-50,Tier3,11,71,65,0
Female,41-50,Tier2,11,96,87,1
Male,51+,Tier1,14,74,58,1
Male,31-40,Tier3,1,54,97,1
Male,51+,Tier1,17,95,86,0
Female,31-40,Tier3,12,71,51,1
Male,20-30,Tier3,13,45,60,1
Female,31-40,Tier3,4,84,81,1
Male,41-50,Tier3,9,60,97,1
Male,41-50,Tier2,11,72,93,1
Male,31-40,Tier3,9,71,73,1
Female,31-40,Tier2,10,91,46,1
Male,31-40,Tier2,1,58,84,1
Female,51+,Tier2,4,72,74,0
Female,31-40,Tier2,6,67,54,1
Female,20-30,Tier2,5,70,40,0
Male,51+,Tier2,2,60,65,1
Male,51+,Tier2,12,93,74,1
Female,31-40,Tier3,2,73,64,0
Male,20-30,Tier2,5,54,81,0
Female,51+,Tier3,10,53,98,1
Male,41-50,Tier3,16,58,98,1
Female,51+,Tier3,9,82,54,1
Female,31-40,Tier2,11,54,61,1
Non-binary,20-30,Tier3,16,45,98,1
Male,31-40,Tier1,3,91,45,1
Female,41-50,Tier3,1,48,91,1
Male,41-50,Tier1,10,76,54,1
Male,41-50,Tier3,6,59,63,1
Female,31-40,Tier3,1,73,60,1
Female,51+,Tier2,17,77,46,1
Non-binary,31-40,Tier2,3,65,96,1
Female,20-30,Tier3,7,57,68,0
Male,51+,Tier2,19,67,71,1
Male,41-50,Tier3,13,94,71,1
Female,31-40,Tier1,11,90,92,0
Male,41-50,Tier1,17,48,98,1
Male,41-50,Tier3,10,71,44,1
Male,20-30,Tier3,7,98,43,1
Male,51+,Tier3,1,92,61,1
Male,20-30,Tier2,14,95,57,1
Male,20-30,Tier3,8,98,74,1
Male,20-30,Tier2,18,45,56,1
Male,41-50,Tier2,19,53,89,1
Non-binary,20-30,Tier3,7,67,89,0
Male,20-30,Tier2,18,97,95,1
Male,51+,Tier2,4,63,63,1
Female,51+,Tier2,10,52,41,0
Male,20-30,Tier3,14,82,52,1
Female,51+,Tier2,7,51,93,0
Female,51+,Tier3,18,90,54,0
Male,20-30,Tier2,7,58,44,1
Male,41-50,Tier2,18,60,42,1
Female,20-30,Tier3,17,66,76,1
Female,51+,Tier2,9,97,76,1
Male,41-50,Tier1,6,58,76,1
Female,31-40,Tier1,8,63,42,1
Male,41-50,Tier2,0,65,74,1
Non-binary,51+,Tier3,18,84,91,1
Male,41-50,Tier1,4,67,62,1
Female,20-30,Tier3,18,85,99,1
Female,31-40,Tier2,0,95,67,0
Female,31-40,Tier2,14,57,99,1
Male,31-40,Tier3,15,83,69,1
Male,51+,Tier2,6,75,57,1
Male,51+,Tier2,11,81,97,1
Male,31-40,Tier1,7,68,91,1
Male,41-50,Tier1,4,56,75,0
Female,31-40,Tier2,9,43,72,1
Male,41-50,Tier1,4,83,65,0
Male,41-50,Tier2,16,84,87,1
Non-binary,51+,Tier2,4,98,79,1
Female,41-50,Tier2,14,68,56,0
Female,31-40,Tier1,12,43,79,1
Non-binary,51+,Tier2,0,49,46,0
Male,20-30,Tier3,10,64,96,0
Male,20-30,Tier3,0,70,47,0
Female,51+,Tier1,10,42,92,0
Female,31-40,Tier3,17,86,95,1
Male,20-30,Tier2,17,41,70,1
Female,20-30,Tier2,15,96,98,1
Male,41-50,Tier2,12,64,97,1
Male,41-50,Tier1,6,88,51,1
Male,31-40,Tier1,0,45,87,1
Female,51+,Tier2,15,65,70,1
Female,31-40,Tier2,0,47,83,1
Male,51+,Tier3,16,74,58,1
Female,20-30,Tier2,5,66,49,0
Male,41-50,Tier1,1,64,78,1
Male,31-40,Tier3,16,57,51,1
Female,31-40,Tier2,5,93,59,0
Non-binary,51+,Tier2,13,40,76,1
Female,51+,Tier3,17,87,87,1
Female,31-40,Tier3,5,78,80,1
Female,51+,Tier3,9,42,46,1
Female,31-40,Tier3,17,94,91,1
Male,31-40,Tier3,8,43,93,0
Male,31-40,Tier3,7,80,97,1
Male,20-30,Tier2,9,76,53,0
Male,51+,Tier1,16,90,50,1
Female,41-50,Tier2,5,54,46,0
Male,41-50,Tier2,13,47,68,1
Male,51+,Tier3,5,77,49,1
Male,31-40,Tier2,6,89,68,1
Female,41-50,Tier2,11,58,48,0
Male,41-50,Tier1,2,95,75,1
Female,51+,Tier3,13,86,87,1
Male,41-50,Tier2,18,65,49,1
Male,31-40,Tier3,15,78,58,1
Female,51+,Tier2,6,49,95,1
Female,31-40,Tier2,7,77,70,1
Male,41-50,Tier1,17,53,56,1
Female,41-50,Tier1,12,88,48,1
Female,31-40,Tier3,8,80,84,1
Male,20-30,Tier3,9,58,72,1
Female,41-50,Tier2,8,69,73,1
Female,20-30,Tier1,14,44,84,1
Female,41-50,Tier2,19,94,63,1
Female,20-30,Tier3,1,70,48,1
Female,20-30,Tier3,12,46,46,0
Female,20-30,Tier1,1,58,55,1
Female,31-40,Tier1,18,70,58,1
Female,20-30,Tier3,1,91,78,0
Female,20-30,Tier2,2,97,45,0
Female,20-30,Tier2,5,78,89,1
Female,41-50,Tier1,2,63,90,1
Male,20-30,Tier2,9,73,50,1
Female,41-50,Tier3,5,96,51,1
Female,20-30,Tier3,15,62,97,0
Male,20-30,Tier2,16,87,81,1
Female,31-40,Tier2,18,84,52,0
Male,41-50,Tier1,2,79,51,1
Male,20-30,Tier2,17,45,60,1
Female,41-50,Tier2,6,77,49,0
Male,41-50,Tier2,8,80,59,1
Female,51+,Tier2,19,75,89,1
Female,31-40,Tier2,11,66,75,1
Male,31-40,Tier1,4,50,67,1
Male,31-40,Tier2,2,44,63,1
Male,51+,Tier1,10,96,44,1
Female,51+,Tier1,3,56,76,0
Non-binary,31-40,Tier3,4,91,99,1
Female,51+,Tier2,0,46,51,0
Male,51+,Tier2,17,66,97,1
Female,51+,Tier3,11,86,74,1
Male,31-40,Tier3,12,96,79,1
Female,31-40,Tier2,8,54,93,1
Male,31-40,Tier3,1,85,41,0
Female,51+,Tier2,4,52,89,1
Male,31-40,Tier2,12,50,80,1
Non-binary,51+,Tier2,15,99,84,1
Male,20-30,Tier3,15,84,78,0
Female,51+,Tier3,2,65,81,1
Female,41-50,Tier2,3,61,48,1
Male,31-40,Tier1,10,67,61,1
Female,31-40,Tier2,13,63,86,1
Female,41-50,Tier1,2,68,44,1
Male,51+,Tier2,15,48,51,0
Male,20-30,Tier3,14,81,40,1
Female,41-50,Tier3,9,43,83,0
Male,41-50,Tier3,8,88,61,1
Female,51+,Tier3,10,85,77,1
Male,31-40,Tier2,15,95,90,1
Female,51+,Tier3,9,57,58,0
Male,41-50,Tier2,16,82,55,1
Female,41-50,Tier1,18,55,70,0
Non-binary,31-40,Tier1,1,72,90,0
Non-binary,31-40,Tier2,1,68,42,1
Female,31-40,Tier2,5,78,62,1
Male,51+,Tier2,18,99,81,1
Female,31-40,Tier3,7,49,98,1
Male,41-50,Tier1,2,48,57,1
Male,41-50,Tier1,13,98,65,1
Male,20-30,Tier3,15,70,52,1
Male,51+,Tier1,0,67,97,0
Female,20-30,Tier2,2,99,57,0
Female,41-50,Tier2,17,96,42,0
Male,20-30,Tier2,8,42,97,1
Male,41-50,Tier1,5,93,99,1
Non-binary,20-30,Tier1,0,94,62,1
Male,31-40,Tier1,9,53,42,1
Male,20-30,Tier2,5,97,94,1
Male,31-40,Tier2,11,64,64,1
Female,31-40,Tier2,3,54,66,1
Female,51+,Tier2,12,41,97,1
Male,31-40,Tier3,16,63,83,1
Male,31-40,Tier1,7,53,66,1
Female,20-30,Tier2,19,87,91,1
Female,41-50,Tier3,2,46,78,1
Male,51+,Tier2,11,75,64,1
Non-binary,31-40,Tier2,6,89,63,1
Male,51+,Tier2,11,63,47,1
Male,20-30,Tier3,1,66,48,1
Female,31-40,Tier3,13,76,85,0
Male,20-30,Tier2,4,77,76,1
Female,51+,Tier3,8,69,69,1
Male,20-30,Tier2,10,66,92,1
Male,51+,Tier2,4,78,58,1
Non-binary,20-30,Tier2,2,54,92,1
Male,51+,Tier1,16,65,55,1
Female,41-50,Tier3,1,40,63,1
Male,20-30,Tier2,0,95,83,1
Male,20-30,Tier2,6,43,60,1
Male,41-50,Tier3,13,68,75,1
Female,41-50,Tier1,4,96,79,0
Male,20-30,Tier2,18,40,78,1
Female,41-50,Tier1,10,82,86,1
Male,31-40,Tier3,1,89,45,0
Non-binary,51+,Tier3,7,85,44,0
Male,51+,Tier2,8,61,53,1
Female,51+,Tier3,2,50,92,1
Female,31-40,Tier2,1,49,84,1
Female,41-50,Tier3,6,98,81,1
Female,41-50,Tier2,4,56,89,0
Female,20-30,Tier2,4,75,43,0
Female,41-50,Tier3,19,95,47,1
Male,20-30,Tier2,12,86,63,1
Male,31-40,Tier1,19,65,50,1
Female,51+,Tier2,5,87,56,1
Female,51+,Tier3,19,60,89,0
Female,51+,Tier2,17,52,60,0
Male,41-50,Tier1,1,48,96,1
Male,20-30,Tier2,5,50,65,1
Male,20-30,Tier2,8,50,82,1
Female,31-40,Tier1,2,45,87,1
Male,41-50,Tier3,0,40,83,0
Male,31-40,Tier3,0,93,84,1
Male,20-30,Tier2,18,45,66,1
Male,20-30,Tier2,4,52,55,1
Female,51+,Tier2,12,61,94,0
Male,41-50,Tier1,18,95,65,1
Female,20-30,Tier3,11,70,92,0
Male,51+,Tier2,15,61,72,0
Male,41-50,Tier2,18,76,70,0
Male,31-40,Tier3,2,86,87,1
Male,41-50,Tier2,11,66,86,1
Male,41-50,Tier2,4,89,45,1
Male,20-30,Tier1,1,91,83,1
Female,20-30,Tier3,6,53,47,1
Male,41-50,Tier3,12,86,46,1
Female,20-30,Tier2,14,97,73,1
Female,20-30,Tier3,2,44,83,0
Female,20-30,Tier1,19,97,92,1
Male,51+,Tier2,4,75,53,1
Male,51+,Tier2,7,71,55,1
Male,41-50,Tier2,0,73,82,1
Male,20-30,Tier2,7,46,91,0
Non-binary,51+,Tier2,17,81,48,0
Male,41-50,Tier1,19,87,49,1
Male,20-30,Tier2,15,49,56,1
Female,31-40,Tier1,17,89,51,1
Female,20-30,Tier3,19,56,45,1
Female,20-30,Tier2,11,69,58,1
Male,51+,Tier1,12,60,82,1
Male,41-50,Tier2,12,99,80,1
Male,41-50,Tier2,9,52,92,1
Male,51+,Tier3,6,40,68,1
Male,20-30,Tier2,13,40,45,1
Male,31-40,Tier2,15,86,98,0
Male,20-30,Tier3,14,72,64,1
Male,20-30,Tier2,11,77,96,1
Male,31-40,Tier1,8,64,63,1
Female,51+,Tier2,7,65,64,0
Female,41-50,Tier3,17,52,55,0
Female,51+,Tier2,17,98,91,1
Male,51+,Tier2,12,67,55,1
Male,20-30,Tier1,17,72,45,1
Male,41-50,Tier1,14,76,76,0
Female,41-50,Tier2,3,80,60,0
Female,51+,Tier2,16,69,43,0
Male,31-40,Tier1,4,96,73,1
Female,51+,Tier3,15,88,67,1
Male,31-40,Tier3,8,87,77,0
Male,41-50,Tier2,9,47,80,1
Female,51+,Tier3,17,88,67,1
Female,20-30,Tier1,16,86,56,1
Female,51+,Tier2,17,95,53,0
Female,41-50,Tier2,6,40,46,1
Male,20-30,Tier3,3,51,61,1
Female,20-30,Tier3,4,44,90,0
Male,31-40,Tier2,15,63,40,1
Female,20-30,Tier3,2,45,68,0
Male,20-30,Tier1,17,64,91,1
Female,51+,Tier3,13,40,70,1
Male,41-50,Tier3,14,64,69,1
Female,31-40,Tier1,16,40,96,0
Male,51+,Tier3,0,71,54,0
Female,20-30,Tier1,16,81,57,1
Male,20-30,Tier2,10,81,74,0
Male,31-40,Tier2,16,42,89,1
Male,41-50,Tier2,13,88,69,1
Male,31-40,Tier3,19,58,73,1
Female,51+,Tier3,18,99,81,1
Male,31-40,Tier2,6,82,50,1
Non-binary,20-30,Tier3,12,68,66,1
Male,51+,Tier3,17,89,63,1
Male,20-30,Tier1,13,41,74,1
Female,41-50,Tier3,0,48,78,1
Female,20-30,Tier1,6,95,47,1
Male,20-30,Tier3,7,56,90,1
Female,31-40,Tier2,17,99,57,1
Female,20-30,Tier1,8,85,52,1
Male,51+,Tier2,0,75,84,1
Non-binary,51+,Tier2,16,56,63,0
Non-binary,41-50,Tier2,18,88,90,1
Female,51+,Tier1,5,51,62,0
Male,31-40,Tier2,2,99,51,0
Female,41-50,Tier3,4,59,88,0
Male,51+,Tier2,1,89,69,1
Male,31-40,Tier2,19,42,70,1
Male,51+,Tier2,3,82,67,0
Male,51+,Tier1,9,96,61,1
Female,20-30,Tier3,9,89,83,1
Female,51+,Tier3,10,43,67,1
Female,51+,Tier2,15,56,52,1
Male,31-40,Tier2,16,89,64,0
Male,31-40,Tier3,15,76,83,1
Male,20-30,Tier2,6,85,90,1
Non-binary,51+,Tier3,15,81,85,1
Male,20-30,Tier2,2,54,46,1
Female,51+,Tier3,15,72,84,1
Female,41-50,Tier2,7,55,45,0
Male,41-50,Tier2,11,50,63,1
Female,20-30,Tier3,2,94,58,1
Male,20-30,Tier2,16,59,58,1
Female,20-30,Tier2,17,77,75,1
Female,31-40,Tier2,10,63,90,1
Male,31-40,Tier2,3,93,48,1
Male,31-40,Tier2,15,55,87,1
Female,20-30,Tier1,16,69,98,0
Female,51+,Tier1,8,73,75,0
Male,41-50,Tier2,5,40,77,1
Female,20-30,Tier3,19,63,79,1
Female,31-40,Tier2,1,63,98,0
Female,31-40,Tier2,8,48,68,1
Male,20-30,Tier3,5,61,63,1
Female,20-30,Tier1,2,51,87,0
Female,31-40,Tier2,19,56,44,1
Male,51+,Tier1,5,64,92,0
Male,31-40,Tier1,6,67,93,1
Non-binary,31-40,Tier2,0,54,81,0
Male,20-30,Tier2,0,69,94,1
Female,51+,Tier1,4,90,84,1
Male,31-40,Tier2,5,66,65,1
Male,31-40,Tier2,12,61,53,1
Female,41-50,Tier2,1,49,78,1
Male,20-30,Tier2,14,97,68,1
Male,41-50,Tier3,14,70,91,1
Male,41-50,Tier1,12,66,45,1
Female,31-40,Tier2,13,51,46,1
Male,20-30,Tier1,6,85,76,1
Male,51+,Tier1,13,70,92,1
Non-binary,31-40,Tier2,9,71,57,1
Male,51+,Tier2,16,71,62,1
Female,51+,Tier3,13,80,83,1
Male,20-30,Tier2,7,98,77,1
Female,41-50,Tier3,3,84,98,1
Male,20-30,Tier1,15,74,40,1
Non-binary,51+,Tier1,12,92,43,0
Male,31-40,Tier1,19,85,90,1
Male,51+,Tier1,17,60,83,1
Male,31-40,Tier2,13,49,86,0
Male,31-40,Tier2,17,55,74,1
Male,20-30,Tier1,4,46,62,0
Male,51+,Tier3,8,43,66,1
Female,41-50,Tier3,2,66,99,0
Male,51+,Tier2,7,91,65,0
Male,51+,Tier1,19,94,91,1
Female,41-50,Tier1,9,64,99,1
Female,20-30,Tier1,18,70,47,1
Male,51+,Tier1,2,50,82,1
Male,51+,Tier2,10,87,55,1
Male,31-40,Tier2,10,59,80,1
Female,51+,Tier2,16,75,42,0
Female,41-50,Tier3,15,93,71,1
Male,31-40,Tier3,6,93,44,1
Female,20-30,Tier3,3,94,59,1
Female,31-40,Tier1,18,56,53,1
Female,41-50,Tier2,11,84,99,0
Female,41-50,Tier2,14,50,71,1
Male,31-40,Tier1,10,69,65,1
Male,20-30,Tier1,4,74,86,1
Male,31-40,Tier3,4,80,45,1
Male,20-30,Tier2,14,77,98,1
Male,31-40,Tier2,17,61,97,0
Female,41-50,Tier2,10,92,75,1
Male,51+,Tier2,11,82,79,0
Male,51+,Tier1,1,87,90,1
Male,20-30,Tier2,19,90,98,1
Female,20-30,Tier1,14,66,44,1
Male,20-30,Tier1,19,76,52,1
Male,41-50,Tier3,3,85,71,1
Male,31-40,Tier2,17,88,55,1
Male,41-50,Tier3,5,74,40,1
Non-binary,51+,Tier2,18,43,52,0
Non-binary,20-30,Tier2,10,55,93,0
Male,31-40,Tier2,1,55,50,1
Non-binary,51+,Tier1,7,60,92,1
Female,51+,Tier1,10,65,47,1
Female,51+,Tier3,4,96,64,1
Male,41-50,Tier3,17,75,79,0
Male,20-30,Tier2,17,58,71,1
Male,51+,Tier2,13,97,63,1
Female,20-30,Tier3,9,56,67,1
Male,41-50,Tier1,2,84,53,1
Male,51+,Tier2,8,65,84,1
Male,41-50,Tier2,2,61,42,1
Female,41-50,Tier3,10,94,75,1
Male,20-30,Tier3,11,97,66,1
Female,51+,Tier2,11,95,59,1
Non-binary,41-50,Tier3,2,67,86,1
Male,51+,Tier3,6,40,54,1
Female,20-30,Tier2,13,83,66,0
Male,41-50,Tier2,10,75,92,1
Female,20-30,Tier2,6,82,84,1
Male,51+,Tier3,9,76,80,1
Female,51+,Tier1,10,41,67,0
Female,20-30,Tier3,14,56,64,1
Female,31-40,Tier2,18,79,81,1
Female,41-50,Tier3,15,77,83,1
Male,51+,Tier2,19,60,85,1
Female,51+,Tier2,11,48,72,1
Female,41-50,Tier3,17,52,85,0
Female,20-30,Tier3,12,50,53,0
Male,20-30,Tier3,4,55,47,1
Female,20-30,Tier1,3,55,87,1
Female,31-40,Tier3,13,98,53,1
Female,31-40,Tier1,7,41,40,1
Male,51+,Tier2,8,81,55,1
Female,20-30,Tier2,18,83,57,0
Male,41-50,Tier2,2,47,46,1
Female,51+,Tier2,4,82,54,0
Male,41-50,Tier3,17,81,63,1
Female,51+,Tier1,0,52,88,0
Non-binary,31-40,Tier3,7,96,90,1
Male,51+,Tier2,18,56,94,1
Non-binary,31-40,Tier1,16,78,52,1
Male,51+,Tier1,16,63,48,1
Female,20-30,Tier3,10,42,95,1
Female,41-50,Tier3,1,69,95,1
Female,20-30,Tier3,5,91,54,1
Female,51+,Tier3,13,52,96,1
Female,51+,Tier2,2,58,97,0
Male,51+,Tier2,11,46,74,1
Male,31-40,Tier3,3,48,63,1
Female,41-50,Tier2,11,58,72,0
Female,41-50,Tier2,12,84,55,0
Female,51+,Tier2,1,93,47,1
Female,51+,Tier2,1,79,68,1
Male,31-40,Tier2,14,61,62,1
Female,20-30,Tier1,16,57,84,0
Male,20-30,Tier2,6,62,70,1
Male,41-50,Tier2,13,41,79,1
Male,31-40,Tier2,11,89,88,1
Male,51+,Tier2,16,89,93,1
Male,41-50,Tier3,13,50,94,1
Male,31-40,Tier1,5,70,53,1
Female,20-30,Tier2,18,72,98,0
Male,31-40,Tier3,5,53,92,0
Male,20-30,Tier2,17,55,69,1
Male,31-40,Tier2,4,50,92,1
Male,41-50,Tier3,5,72,78,1
Male,20-30,Tier2,1,46,66,1
Male,41-50,Tier3,7,70,86,1
Female,41-50,Tier3,14,87,55,1
Female,20-30,Tier2,14,85,90,1
Female,20-30,Tier2,10,86,45,1
Male,51+,Tier1,0,53,94,1
Male,51+,Tier2,17,67,72,0
Female,51+,Tier2,11,92,83,1
Male,41-50,Tier2,11,82,57,1
Male,41-50,Tier2,10,55,55,1
Male,51+,Tier2,7,58,51,1
Male,41-50,Tier1,6,56,59,1
Male,41-50,Tier2,1,98,84,1
Male,20-30,Tier2,10,65,79,1
Female,20-30,Tier3,9,45,98,1
Male,41-50,Tier1,2,82,68,1
Female,51+,Tier2,19,88,69,1
Female,31-40,Tier3,9,48,65,1
Female,51+,Tier1,17,89,61,1
Female,31-40,Tier2,13,56,72,0
Non-binary,51+,Tier1,17,70,97,1
Male,20-30,Tier2,7,51,92,0
Male,41-50,Tier2,9,62,78,0
Male,41-50,Tier2,12,93,86,1
Female,20-30,Tier2,7,93,68,0
Female,31-40,Tier3,3,44,61,1
Male,31-40,Tier1,3,82,84,1
Female,31-40,Tier1,4,75,52,1
Male,20-30,Tier3,0,98,99,0
Female,31-40,Tier2,16,75,48,1
Male,20-30,Tier3,1,42,63,1
Male,51+,Tier2,7,97,54,1
Male,51+,Tier3,6,63,75,0
Male,20-30,Tier2,14,94,52,1
Male,41-50,Tier3,4,96,66,1
Male,51+,Tier3,1,56,83,1
Female,31-40,Tier2,6,78,76,0
Male,20-30,Tier1,7,65,46,0
Male,31-40,Tier2,6,43,47,0
Female,31-40,Tier1,6,94,76,1
Female,41-50,Tier2,13,84,80,1
Male,31-40,Tier2,17,51,53,1
Male,41-50,Tier2,5,40,97,1
Male,51+,Tier2,3,60,51,1
Male,20-30,Tier2,9,58,75,1
Female,31-40,Tier2,17,60,91,1
Male,20-30,Tier1,11,91,79,0
Male,31-40,Tier1,15,57,56,1
Female,20-30,Tier1,6,82,79,0
Male,31-40,Tier2,5,91,92,1
Female,31-40,Tier2,4,42,68,0
Male,31-40,Tier2,2,88,66,1
Non-binary,31-40,Tier2,11,83,40,1
Male,31-40,Tier3,14,71,91,1
Female,31-40,Tier1,9,49,73,1
Female,31-40,Tier2,19,79,43,1
Male,31-40,Tier3,18,54,63,0
Female,31-40,Tier3,15,44,60,0
Non-binary,20-30,Tier3,10,43,72,1
Female,41-50,Tier1,7,97,46,1
Female,31-40,Tier1,2,67,40,1
Female,41-50,Tier3,6,92,80,1
Male,31-40,Tier2,6,91,42,1
Male,31-40,Tier2,13,90,83,1
Female,20-30,Tier3,1,92,90,1
Male,51+,Tier3,9,43,54,1
Female,51+,Tier3,18,54,70,1
Female,20-30,Tier3,8,56,93,0
Male,41-50,Tier3,15,83,55,1
Male,51+,Tier2,18,42,49,0
Female,20-30,Tier3,17,49,93,0
Male,20-30,Tier1,8,86,68,1
Female,51+,Tier2,15,81,98,1
Male,41-50,Tier3,12,95,98,1
Female,20-30,Tier2,9,62,45,0
Male,31-40,Tier2,19,57,68,1
Female,41-50,Tier1,13,40,56,1
Male,41-50,Tier3,11,74,92,0
Female,51+,Tier2,18,92,99,1
Male,51+,Tier3,6,97,61,1
Female,31-40,Tier2,14,70,63,0
Female,20-30,Tier3,15,98,56,1
Male,51+,Tier3,7,83,60,0
Male,51+,Tier2,9,40,90,1
Male,41-50,Tier2,3,42,89,0
Female,51+,Tier2,18,42,50,1
Female,51+,Tier3,18,76,95,0
Male,51+,Tier2,14,58,46,1
Male,51+,Tier3,13,68,81,1
Male,41-50,Tier2,0,64,78,1
Female,31-40,Tier3,15,72,44,1
Male,31-40,Tier3,9,75,83,1
Non-binary,20-30,Tier3,18,68,87,0
Male,51+,Tier3,2,97,96,1
Female,41-50,Tier2,4,65,60,1
Male,20-30,Tier1,8,43,57,1
Male,20-30,Tier3,17,88,74,0
Female,31-40,Tier3,10,53,59,1
Female,41-50,Tier2,15,89,54,1
Non-binary,41-50,Tier2,1,66,44,1
Male,41-50,Tier2,11,72,52,1
Male,31-40,Tier2,5,61,90,1
Female,31-40,Tier2,10,87,51,1
Female,31-40,Tier2,7,42,94,0
Male,31-40,Tier3,11,62,60,1
Male,31-40,Tier2,1,60,76,1
Male,51+,Tier2,8,80,45,1
Female,51+,Tier2,14,62,46,0
Male,41-50,Tier1,1,43,65,1
Male,20-30,Tier3,0,60,81,0
Male,41-50,Tier3,9,76,87,1
Male,20-30,Tier2,1,82,47,1
Male,31-40,Tier3,11,70,48,1
Male,20-30,Tier3,7,60,66,0
Male,41-50,Tier3,4,65,43,1
Female,41-50,Tier1,0,80,60,1
Male,20-30,Tier3,14,97,70,1
Male,51+,Tier2,5,74,60,1
Female,31-40,Tier2,11,77,79,0
Female,31-40,Tier1,7,63,64,1
Male,41-50,Tier2,12,50,78,1
Male,51+,Tier1,18,80,54,0
Male,20-30,Tier2,0,68,92,1
Female,31-40,Tier2,10,86,74,1
Non-binary,51+,Tier3,19,94,88,1
Female,31-40,Tier3,0,99,82,0
Female,51+,Tier2,7,42,80,1
Female,51+,Tier3,4,40,76,0
Male,41-50,Tier3,16,91,96,1
Male,31-40,Tier3,7,93,81,1
Female,20-30,Tier1,9,58,86,0
Non-binary,41-50,Tier3,1,85,67,1
Male,41-50,Tier3,8,88,53,1
Female,20-30,Tier3,2,61,43,0
Male,41-50,Tier2,17,53,92,0
Male,51+,Tier2,6,88,59,0
Male,51+,Tier2,14,96,73,0
Male,31-40,Tier2,19,98,51,1
Female,31-40,Tier1,17,53,72,1
Male,20-30,Tier2,2,83,63,1
Female,31-40,Tier3,13,55,59,0
Female,51+,Tier3,1,72,44,1
Female,20-30,Tier1,13,52,77,1
Male,20-30,Tier3,10,77,69,1
Male,31-40,Tier2,15,88,63,1
Male,51+,Tier3,7,51,82,0
Non-binary,20-30,Tier3,6,94,79,1
Female,51+,Tier3,10,90,46,1
Male,51+,Tier3,2,77,75,0
Female,51+,Tier2,16,78,77,1
Male,31-40,Tier3,13,72,55,1
Female,41-50,Tier1,5,72,91,1
Male,41-50,Tier3,7,68,54,0
Female,20-30,Tier3,4,44,85,0
Male,51+,Tier3,7,45,62,0
Female,31-40,Tier2,1,70,51,0
Female,51+,Tier3,14,55,68,1
Female,51+,Tier1,11,70,83,0
Male,31-40,Tier1,16,64,87,0
Male,41-50,Tier3,0,87,54,1
Male,51+,Tier2,14,85,68,1
Male,51+,Tier3,13,72,84,0
Male,41-50,Tier2,19,52,82,0
Female,31-40,Tier1,15,91,88,0
Female,20-30,Tier3,8,49,60,0
Male,41-50,Tier2,0,63,54,1
Male,20-30,Tier1,16,49,53,1
Male,20-30,Tier3,12,80,81,1
Female,41-50,Tier2,4,70,83,1
Male,51+,Tier2,9,52,55,1
Female,20-30,Tier2,5,42,54,1
Male,20-30,Tier3,18,98,81,1
Non-binary,31-40,Tier3,12,89,43,1
Female,51+,Tier3,0,91,66,1
Male,20-30,Tier1,19,73,62,1
Female,31-40,Tier3,14,88,68,1
Male,51+,Tier3,13,67,80,1
Female,41-50,Tier3,7,58,92,1
Male,41-50,Tier2,9,62,91,0
Female,31-40,Tier3,8,84,48,1
Female,41-50,Tier3,16,71,92,1
Female,20-30,Tier1,8,52,96,1
Female,51+,Tier2,2,72,95,0
Male,20-30,Tier3,10,73,91,1
Male,20-30,Tier1,11,72,82,1
Male,41-50,Tier3,9,95,82,1
Male,20-30,Tier3,16,44,46,1
Female,41-50,Tier2,16,95,92,1
Male,51+,Tier2,10,42,81,0
Non-binary,51+,Tier2,3,99,43,0
Female,20-30,Tier3,6,46,44,0
Female,31-40,Tier2,13,63,44,1
Male,41-50,Tier3,6,61,50,1
Female,41-50,Tier2,7,84,80,1
Female,20-30,Tier1,0,62,67,1
Male,41-50,Tier1,3,69,55,1
Female,41-50,Tier2,11,99,80,1
Female,31-40,Tier3,2,57,93,1
Male,31-40,Tier2,12,71,69,1
Male,20-30,Tier2,19,95,43,1
Male,31-40,Tier2,5,92,41,1
Male,20-30,Tier2,10,46,85,0
Male,51+,Tier2,3,72,42,1
Male,20-30,Tier3,19,44,89,0
Male,51+,Tier2,15,88,60,1
Male,20-30,Tier2,6,67,45,1
Non-binary,41-50,Tier1,10,47,82,1
Male,31-40,Tier3,0,54,92,1
Non-binary,51+,Tier2,6,91,57,0
Male,20-30,Tier1,11,43,83,1
Male,31-40,Tier3,6,73,44,1
Male,20-30,Tier2,6,44,48,1
Male,31-40,Tier2,9,72,59,1
Male,31-40,Tier2,15,96,67,1
Female,20-30,Tier3,7,44,65,0
Male,51+,Tier1,8,77,57,1
Female,51+,Tier3,8,73,58,0
Female,41-50,Tier2,1,97,42,0
Male,31-40,Tier2,12,65,48,1
Male,41-50,Tier2,12,40,75,1
Female,41-50,Tier2,3,43,70,1
Male,20-30,Tier3,11,78,88,1
Male,20-30,Tier2,16,93,56,1
Non-binary,20-30,Tier2,1,65,94,0
Male,31-40,Tier2,12,72,62,1
Female,20-30,Tier3,17,72,73,0
Non-binary,20-30,Tier2,14,47,80,0
Male,31-40,Tier3,7,59,80,0
Male,31-40,Tier2,14,55,44,0
Male,51+,Tier1,0,60,54,1
Male,20-30,Tier2,19,84,86,1
Male,20-30,Tier2,9,94,42,1
Female,20-30,Tier2,11,95,58,1
Male,51+,Tier1,4,65,67,1
Male,20-30,Tier3,8,62,42,1
Non-binary,51+,Tier3,7,57,77,1
Female,41-50,Tier3,15,70,43,0
Female,51+,Tier1,13,91,63,0
Male,41-50,Tier1,12,81,70,1
Female,20-30,Tier1,12,51,84,1
Male,41-50,Tier3,4,40,98,1
Male,51+,Tier3,15,81,84,1
Male,31-40,Tier2,10,48,98,0
Female,41-50,Tier1,4,42,50,1
Male,41-50,Tier2,12,99,76,1
Male,20-30,Tier2,10,90,40,1
Male,51+,Tier2,18,65,48,1
Male,41-50,Tier2,2,48,56,1
Female,41-50,Tier3,14,81,93,0
Female,41-50,Tier1,6,90,40,1
Female,41-50,Tier1,6,55,42,1
Male,31-40,Tier3,5,63,86,1
Male,51+,Tier2,2,89,65,1
Male,20-30,Tier1,12,53,92,1
Male,20-30,Tier1,6,42,70,1
Male,31-40,Tier1,4,73,65,1
Female,51+,Tier2,17,72,62,0
Male,41-50,Tier3,7,89,69,1
Male,31-40,Tier2,16,63,49,1
Male,51+,Tier2,19,48,47,0
Male,41-50,Tier3,0,52,83,1
Male,31-40,Tier2,13,41,64,0
Non-binary,51+,Tier3,16,46,61,1
Female,20-30,Tier3,9,87,54,1
Non-binary,20-30,Tier1,11,60,98,1
Male,51+,Tier3,15,58,80,1
Male,20-30,Tier2,13,64,95,1
Male,51+,Tier3,15,86,96,1
Male,41-50,Tier2,7,61,49,1
Female,51+,Tier3,9,50,59,1
Male,41-50,Tier3,16,72,80,1
Male,31-40,Tier2,17,71,86,1
Male,51+,Tier2,19,60,62,1
Male,31-40,Tier3,15,78,92,1
Female,20-30,Tier3,16,59,92,1
Male,41-50,Tier1,15,47,40,1
Male,51+,Tier3,18,81,41,1
Male,31-40,Tier2,7,76,97,1
Male,41-50,Tier1,5,48,58,1
Female,41-50,Tier2,5,64,53,1
Female,20-30,Tier2,8,64,47,1
Non-binary,20-30,Tier3,3,72,77,1
Female,41-50,Tier2,11,41,51,0
Male,41-50,Tier3,11,58,65,1
Female,51+,Tier1,16,85,66,1
Male,41-50,Tier2,14,59,68,1
Male,51+,Tier2,8,81,54,1
Female,41-50,Tier2,6,80,85,1
Male,20-30,Tier1,9,81,92,1
Female,51+,Tier1,15,68,40,1
Male,31-40,Tier2,11,45,99,1
Female,20-30,Tier2,6,56,82,1
Female,51+,Tier2,17,99,67,0
Female,51+,Tier2,14,64,96,0
Female,31-40,Tier3,5,77,42,1
Female,51+,Tier3,11,43,90,0
Male,41-50,Tier2,10,69,57,0
Male,31-40,Tier2,19,59,91,1
Male,20-30,Tier1,2,42,99,1
Female,20-30,Tier3,1,62,73,0
Male,41-50,Tier1,5,90,71,1
Female,20-30,Tier2,4,57,68,1
Male,51+,Tier2,17,65,64,0
Male,51+,Tier2,15,95,99,1
Female,41-50,Tier1,7,75,65,0
Male,20-30,Tier3,19,47,78,1
Male,20-30,Tier1,10,56,47,0
Male,41-50,Tier2,9,70,58,1
Non-binary,31-40,Tier1,11,76,93,1
Female,20-30,Tier1,5,84,86,1
Male,31-40,Tier3,19,96,81,1
Male,20-30,Tier1,4,72,61,1
Male,20-30,Tier3,8,66,68,1
Female,20-30,Tier2,15,84,72,1
Female,20-30,Tier1,13,43,77,1
Male,51+,Tier3,7,61,84,1
Male,31-40,Tier2,19,65,85,1
Male,31-40,Tier3,18,71,74,1
Female,20-30,Tier1,13,63,82,0
Female,20-30,Tier3,6,85,42,1
Male,31-40,Tier1,4,74,58,0
Male,51+,Tier2,17,76,49,0
Male,41-50,Tier3,1,71,66,1
Non-binary,41-50,Tier3,10,46,54,1
Male,31-40,Tier3,7,72,50,1
Female,20-30,Tier3,0,70,86,1
Female,20-30,Tier3,11,94,65,1
Male,51+,Tier1,1,51,98,1
Male,41-50,Tier2,17,50,63,1
Male,51+,Tier2,6,63,52,1
Female,41-50,Tier2,16,47,71,1
Female,31-40,Tier2,13,71,76,0
Female,41-50,Tier2,6,96,43,1
Male,51+,Tier1,2,77,52,0
Male,51+,Tier3,5,99,48,1
Non-binary,51+,Tier1,19,61,96,0
Female,31-40,Tier2,1,73,88,1
Male,41-50,Tier2,16,58,73,1
Non-binary,41-50,Tier3,11,91,95,1
Female,51+,Tier3,11,59,76,0
Female,41-50,Tier2,16,95,87,0
Female,20-30,Tier1,9,53,46,1
Female,20-30,Tier2,2,72,40,0
Female,20-30,Tier1,19,49,99,1
Male,41-50,Tier2,17,55,97,1
Male,31-40,Tier2,12,43,51,0
Female,31-40,Tier1,11,66,60,1
Male,31-40,Tier2,16,67,50,1
Male,31-40,Tier3,3,82,83,0
Male,20-30,Tier3,9,55,90,0
Male,20-30,Tier2,10,98,97,0
Female,51+,Tier1,5,91,83,0
Female,41-50,Tier1,5,72,83,1
Male,41-50,Tier2,8,87,53,1
Male,31-40,Tier3,14,58,73,1
Male,20-30,Tier1,1,60,73,0
Female,31-40,Tier3,3,61,64,1
Female,51+,Tier1,4,48,43,1
Male,41-50,Tier3,16,48,91,1
Female,41-50,Tier2,7,48,94,1
Female,31-40,Tier3,7,66,65,1
Female,51+,Tier2,11,56,55,0
Female,41-50,Tier2,7,83,49,0
Male,51+,Tier1,18,96,84,1
Female,51+,Tier1,2,84,41,0
Male,31-40,Tier3,17,47,74,1
Female,20-30,Tier3,18,55,58,1
Female,31-40,Tier3,18,57,45,1
Female,20-30,Tier2,14,98,58,0
Female,51+,Tier3,5,72,98,0
Male,20-30,Tier1,15,40,92,1
Male,51+,Tier2,7,51,91,1
Non-binary,41-50,Tier2,15,45,90,1
Female,41-50,Tier2,17,80,47,1
Male,41-50,Tier2,19,94,53,1
Male,31-40,Tier1,15,44,49,1
Male,31-40,Tier2,10,98,42,1
Female,51+,Tier3,6,55,77,0
Female,41-50,Tier2,16,57,68,1
Male,31-40,Tier1,16,88,54,1
Male,41-50,Tier1,11,57,62,1
Female,31-40,Tier2,12,40,62,0
Female,20-30,Tier2,9,58,57,0
Male,20-30,Tier2,6,93,85,0
Female,41-50,Tier2,13,47,58,1
Male,51+,Tier3,0,42,67,0
Male,31-40,Tier2,16,97,65,1
Female,31-40,Tier3,3,64,49,1
Female,20-30,Tier2,4,97,86,1
Female,20-30,Tier2,19,44,43,1
Female,51+,Tier3,6,94,94,0
Female,51+,Tier1,9,79,41,0
Male,51+,Tier1,16,58,42,1
Male,41-50,Tier3,6,57,46,1
Male,20-30,Tier2,0,89,94,1
Male,41-50,Tier3,6,92,55,1
Female,20-30,Tier1,10,70,70,1
Non-binary,20-30,Tier3,8,72,49,0
Male,31-40,Tier2,11,86,58,0
Male,20-30,Tier1,2,57,67,1
Female,20-30,Tier2,3,96,56,0
Male,41-50,Tier2,3,78,67,1
Female,20-30,Tier2,12,55,58,1
Female,41-50,Tier1,18,55,76,1
Female,51+,Tier1,9,86,62,1
Male,20-30,Tier2,4,77,59,1
Male,20-30,Tier1,6,80,52,1
Female,41-50,Tier3,15,46,52,1
Female,51+,Tier1,0,53,82,1
Male,31-40,Tier2,11,82,50,0
Female,51+,Tier1,1,92,87,1
Male,41-50,Tier2,6,87,54,1
Female,51+,Tier3,10,64,56,0
Male,41-50,Tier1,12,71,93,1
Non-binary,41-50,Tier3,1,77,89,1
Male,31-40,Tier2,6,61,67,0
Male,20-30,Tier3,14,98,58,1
Male,41-50,Tier2,10,55,43,0
Male,41-50,Tier3,1,91,61,1
Female,31-40,Tier2,6,68,61,1
Non-binary,41-50,Tier2,3,55,94,0
Male,20-30,Tier1,10,51,76,0
Male,31-40,Tier1,1,56,78,0
Female,20-30,Tier3,15,76,73,0
Female,20-30,Tier2,6,66,72,0
Female,31-40,Tier2,12,64,83,0
Male,41-50,Tier3,4,52,81,0
Male,20-30,Tier2,16,47,79,1
Female,20-30,Tier3,11,95,72,1
Male,20-30,Tier3,18,44,51,0
Female,20-30,Tier2,6,51,41,1
Male,31-40,Tier3,5,80,98,1
Female,31-40,Tier1,7,42,67,1
Male,51+,Tier2,12,74,49,1
Female,51+,Tier2,4,72,61,1
Male,20-30,Tier2,1,96,56,1
Female,41-50,Tier3,8,61,65,0
Male,20-30,Tier3,10,89,42,1
Female,41-50,Tier2,5,95,46,1
Female,20-30,Tier2,6,83,83,1
Female,51+,Tier3,6,48,47,1
Female,51+,Tier2,18,80,59,1
Female,41-50,Tier2,5,57,51,0
Female,20-30,Tier2,10,89,74,1
Male,41-50,Tier3,10,68,56,0
Female,51+,Tier2,6,78,67,1
Male,20-30,Tier3,1,66,80,1
Male,20-30,Tier3,18,75,49,1
Male,41-50,Tier2,3,84,61,1
Male,31-40,Tier2,5,56,77,1
Female,41-50,Tier3,16,95,96,0
Female,51+,Tier2,4,73,72,0
Female,51+,Tier3,6,85,61,1
Male,51+,Tier3,8,42,83,1
Male,51+,Tier2,0,44,76,1
Male,51+,Tier3,0,53,52,0
Male,31-40,Tier3,18,42,66,1
Male,20-30,Tier3,5,62,54,1
Male,41-50,Tier2,17,78,61,1
Male,41-50,Tier1,9,69,69,1
Female,51+,Tier2,10,89,82,1
Female,41-50,Tier3,0,84,79,1
Non-binary,51+,Tier2,0,62,76,0
Female,31-40,Tier3,12,66,73,1
Female,31-40,Tier2,4,93,83,0
Male,20-30,Tier2,19,49,99,1
Female,31-40,Tier1,0,64,73,0
Female,31-40,Tier3,19,52,97,1
Male,20-30,Tier2,2,55,87,0
Male,41-50,Tier2,17,80,92,1
Female,51+,Tier2,8,73,74,0
Male,51+,Tier3,13,94,81,1
Female,41-50,Tier2,16,76,58,0
Female,20-30,Tier2,13,61,47,1
Male,41-50,Tier3,3,56,78,1
Male,31-40,Tier3,4,62,72,1
Male,20-30,Tier3,16,93,83,1
Male,20-30,Tier2,1,75,67,0
Male,20-30,Tier2,4,88,76,1
Female,51+,Tier3,3,48,87,0
Male,41-50,Tier2,3,91,64,1
Male,20-30,Tier3,5,41,75,1
Male,20-30,Tier2,19,71,56,1
Female,20-30,Tier2,12,95,63,1
Male,41-50,Tier1,4,89,60,1
Male,51+,Tier2,6,92,41,1
Female,31-40,Tier1,19,98,70,0
Female,51+,Tier1,0,61,83,0
Male,20-30,Tier3,13,82,72,0
Female,51+,Tier2,3,52,69,1
Male,51+,Tier3,16,47,51,1
Male,31-40,Tier3,13,98,83,1
Male,41-50,Tier2,15,40,51,1
Male,41-50,Tier1,13,56,90,1
Female,51+,Tier3,15,51,96,0
Male,51+,Tier2,19,43,88,1
Male,41-50,Tier3,7,92,91,1
Female,41-50,Tier3,2,52,63,0
Female,31-40,Tier3,18,70,63,0
Male,20-30,Tier2,0,80,97,1
Female,51+,Tier2,1,98,99,1
Male,41-50,Tier2,14,46,50,1
Female,51+,Tier1,9,62,52,1
Female,51+,Tier3,17,63,66,0
Non-binary,41-50,Tier1,13,44,47,1
Male,31-40,Tier2,16,44,49,0
Male,51+,Tier3,12,56,47,1
Male,31-40,Tier2,0,69,59,1
