gender,age_group,race,annual_income,credit_score,existing_debt,employment_status,existing_cards,credit_approved
Male,46-60,Black,132106,697,28122,Self-employed,1,0
Male,31-45,White,57248,492,609,Employed,1,1
Female,46-60,Hispanic,56195,605,6730,Unemployed,3,0
Male,46-60,White,57652,756,12754,Employed,4,1
Female,18-30,White,124111,845,12999,Self-employed,2,1
Male,18-30,White,68492,837,36218,Employed,4,1
Female,18-30,White,25252,513,1903,Self-employed,1,0
Female,18-30,White,128060,745,39926,Employed,4,1
Female,60+,Black,101018,568,11219,Unemployed,3,0
Male,31-45,White,147450,801,14120,Self-employed,3,1
Male,60+,Hispanic,27937,583,12298,Employed,1,1
Male,60+,White,61683,532,140,Unemployed,0,1
Female,46-60,White,147383,806,3280,Employed,4,1
Female,18-30,White,64852,473,43818,Employed,2,1
Male,31-45,White,120049,765,36273,Employed,1,1
Male,60+,White,141299,638,10123,Employed,0,1
Male,18-30,Hispanic,40701,613,13128,Self-employed,4,1
Male,60+,Hispanic,76886,423,27610,Employed,0,1
Female,31-45,Black,63864,719,28760,Unemployed,1,1
Female,46-60,Black,112220,594,5846,Employed,4,1
Male,60+,Black,110060,446,17544,Employed,0,1
Female,18-30,Hispanic,123657,407,28888,Self-employed,0,1
Female,46-60,Hispanic,119130,656,4824,Unemployed,3,0
Male,46-60,White,112731,350,24841,Unemployed,1,0
Female,18-30,White,58796,703,8571,Employed,2,1
Female,60+,Hispanic,10694,709,29803,Employed,1,0
Female,31-45,White,116202,686,31922,Unemployed,1,1
Male,46-60,Asian,135166,375,10754,Employed,3,1
Female,18-30,Hispanic,125468,460,7673,Employed,2,0
Male,46-60,White,14368,451,17928,Self-employed,3,1
Female,60+,Black,137655,762,21489,Employed,1,1
Female,60+,White,77981,450,7456,Employed,0,1
Male,18-30,White,18668,642,32514,Self-employed,0,0
Female,46-60,White,92266,542,7991,Employed,1,1
Female,46-60,White,12903,351,1989,Unemployed,4,0
Male,31-45,White,84473,373,49231,Self-employed,1,0
Female,46-60,Asian,134932,802,27042,Self-employed,1,1
Male,46-60,White,18652,791,24464,Employed,4,1
Female,31-45,Black,130563,815,32708,Employed,4,1
Female,60+,White,65733,703,10685,Employed,3,1
Male,46-60,White,53503,372,27349,Employed,0,1
Female,18-30,White,50456,830,5007,Unemployed,4,0
Male,46-60,Black,57035,810,23414,Employed,1,1
Male,46-60,White,129067,542,38924,Self-employed,2,1
Female,31-45,Black,142665,518,15210,Unemployed,2,1
Female,31-45,Hispanic,65873,602,34889,Employed,3,1
Male,18-30,Black,65153,847,18995,Unemployed,2,1
Male,31-45,White,84395,464,10095,Unemployed,0,0
Male,60+,Hispanic,44348,463,9933,Employed,1,1
Female,46-60,Black,57205,660,35936,Self-employed,2,1
Male,31-45,Black,10771,643,22438,Employed,0,0
Female,18-30,Hispanic,125836,506,31336,Unemployed,2,0
Male,46-60,White,28559,352,43884,Self-employed,1,1
Female,31-45,White,137191,486,11432,Employed,3,1
Male,31-45,White,51281,506,10139,Employed,0,0
Male,46-60,Hispanic,114189,815,14805,Self-employed,4,1
Female,46-60,Black,115533,543,8142,Employed,4,0
Male,31-45,Asian,131021,387,38032,Employed,2,1
Female,46-60,Black,119626,581,43084,Employed,4,1
Female,18-30,White,89028,304,2125,Self-employed,0,0
Female,31-45,White,37159,362,5992,Employed,4,1
Male,31-45,Asian,49008,740,25102,Employed,0,1
Female,31-45,Asian,139491,813,30657,Employed,4,1
Female,31-45,White,125027,721,17114,Employed,3,1
Male,18-30,White,85478,338,3105,Employed,2,1
Male,31-45,White,72142,457,39167,Employed,0,1
Male,46-60,White,44781,327,6150,Employed,3,0
Male,31-45,White,106037,368,13602,Employed,2,1
Male,18-30,White,42997,724,48498,Employed,3,1
Female,31-45,Black,106784,454,44992,Employed,4,1
Male,46-60,Black,66270,499,19028,Employed,0,0
Female,31-45,Hispanic,124962,519,26984,Employed,1,0
Female,60+,Asian,148010,665,31827,Employed,3,1
Male,18-30,White,33382,783,26002,Self-employed,1,1
Male,31-45,Black,136003,572,45204,Employed,0,1
Male,31-45,Hispanic,53947,400,24826,Employed,4,1
Female,18-30,Hispanic,122648,631,29116,Unemployed,4,1
Female,46-60,White,147510,626,10257,Employed,1,1
Female,60+,Black,82996,524,45286,Employed,2,1
Male,18-30,Hispanic,86638,746,26584,Unemployed,1,1
Female,46-60,Hispanic,89199,385,31507,Self-employed,1,0
Female,18-30,Black,71776,515,3684,Self-employed,1,0
Male,18-30,Asian,144098,743,37918,Unemployed,1,1
Female,31-45,Hispanic,28766,459,32020,Self-employed,0,1
Male,31-45,White,42316,578,3407,Unemployed,0,1
Male,31-45,Hispanic,62360,777,13062,Employed,1,1
Female,31-45,White,92613,468,26664,Self-employed,1,0
Female,31-45,Hispanic,25386,542,7783,Self-employed,4,1
Male,60+,Black,84735,442,29034,Employed,3,1
Female,46-60,Black,39058,350,15135,Unemployed,0,1
Female,31-45,Hispanic,34513,837,16390,Unemployed,2,1
Female,18-30,Black,148936,415,5671,Unemployed,2,1
Male,18-30,Black,24595,490,24395,Employed,2,1
Female,60+,Asian,101699,649,2932,Employed,3,0
Male,46-60,Hispanic,117474,422,11124,Employed,4,1
Female,46-60,Black,23376,326,13881,Unemployed,3,1
Female,31-45,Hispanic,101005,720,26321,Employed,1,1
Male,31-45,White,63347,522,1484,Employed,4,1
Female,18-30,Asian,16926,840,18944,Unemployed,4,0
Female,46-60,White,62521,754,14263,Self-employed,1,0
Male,46-60,White,18247,792,32545,Self-employed,2,1
Female,60+,White,97628,398,35264,Self-employed,2,1
Female,60+,White,44385,317,48693,Employed,0,0
Male,46-60,Asian,31505,348,24584,Employed,2,1
Male,31-45,Asian,126222,752,25787,Unemployed,3,0
Female,31-45,Asian,11198,332,26566,Unemployed,4,0
Female,31-45,White,86928,818,41973,Employed,0,1
Male,18-30,Black,88957,726,29266,Employed,0,1
Female,31-45,White,77041,616,9822,Unemployed,2,1
Male,18-30,Hispanic,68030,385,47264,Unemployed,0,1
Female,31-45,White,50580,517,42139,Self-employed,0,0
Female,46-60,Black,77059,390,44465,Employed,1,0
Male,46-60,Hispanic,35293,556,48245,Employed,2,1
Female,46-60,Asian,72876,406,24596,Self-employed,2,0
Female,60+,Hispanic,98244,696,35254,Employed,4,1
Female,60+,Black,136197,450,11557,Self-employed,3,1
Male,46-60,White,105358,679,46210,Employed,0,1
Female,31-45,White,109543,570,30443,Employed,0,1
Female,31-45,Asian,146282,823,39636,Self-employed,3,1
Female,46-60,White,94780,412,1418,Employed,3,0
Female,18-30,White,10330,773,48998,Unemployed,0,0
Female,60+,White,35208,539,30461,Employed,3,0
Male,46-60,White,95181,573,39533,Employed,1,1
Male,31-45,White,36019,654,48692,Employed,3,1
Female,46-60,Asian,26323,691,36570,Employed,2,1
Male,31-45,Asian,16388,415,37666,Employed,0,1
Male,18-30,White,122107,496,15700,Employed,0,1
Male,60+,Asian,117265,327,10742,Unemployed,3,0
Female,31-45,Asian,51852,528,44191,Unemployed,4,0
Female,18-30,White,22972,696,7958,Employed,1,1
Male,46-60,Black,105539,468,30820,Self-employed,2,1
Female,31-45,White,81288,536,13045,Employed,3,0
Male,31-45,White,74024,444,14729,Employed,4,1
Male,46-60,White,142383,601,18232,Employed,3,1
Female,60+,Black,13639,616,2808,Employed,0,0
Male,60+,White,36485,800,43509,Employed,2,1
Male,60+,White,69277,405,47766,Employed,3,0
Male,31-45,White,37322,306,5030,Unemployed,0,0
Female,46-60,White,37028,633,25540,Employed,1,1
Male,46-60,Hispanic,37808,570,34541,Self-employed,0,1
Male,46-60,Black,50847,723,554,Employed,3,1
Male,31-45,Black,12159,754,20391,Self-employed,3,1
Female,18-30,White,51045,335,35010,Self-employed,1,0
Female,60+,White,38377,396,23589,Employed,3,0
Male,31-45,Asian,82826,472,13488,Self-employed,4,1
Male,18-30,Hispanic,118434,485,42923,Employed,1,1
Female,31-45,White,109567,726,31491,Self-employed,2,0
Female,18-30,Hispanic,118710,753,24631,Self-employed,0,1
Male,18-30,White,146206,812,17674,Employed,2,1
Female,18-30,White,71235,491,31882,Self-employed,1,1
Female,31-45,Hispanic,48057,821,23738,Self-employed,4,1
Female,31-45,White,51277,314,22959,Self-employed,1,0
Female,46-60,White,69578,311,47875,Employed,4,1
Female,18-30,Hispanic,36097,331,11487,Unemployed,3,1
Male,31-45,White,99370,685,9324,Unemployed,1,0
Female,31-45,Black,98070,340,12067,Employed,2,0
Female,60+,White,146592,597,41522,Employed,0,1
Male,31-45,White,13904,689,27089,Employed,1,1
Female,46-60,White,101882,453,764,Employed,0,1
Female,60+,White,34892,773,32817,Unemployed,1,1
Female,60+,White,16801,721,822,Self-employed,1,1
Male,18-30,White,98108,572,40160,Employed,1,1
Male,31-45,Asian,43708,379,46789,Self-employed,3,0
Female,46-60,Hispanic,48540,472,23561,Unemployed,2,1
Male,60+,Hispanic,135095,665,17770,Employed,3,1
Female,18-30,White,33729,516,32338,Employed,2,1
Female,18-30,White,149211,452,15616,Unemployed,0,0
Male,46-60,White,28976,587,2658,Unemployed,3,1
Female,18-30,White,20660,793,31187,Employed,0,1
Female,46-60,White,53019,513,2632,Self-employed,1,0
Male,31-45,White,42065,730,6857,Employed,3,1
Male,31-45,Black,125717,635,23028,Employed,3,1
Female,18-30,Hispanic,27153,792,20622,Employed,1,0
Female,46-60,White,125455,660,19173,Self-employed,4,0
Male,18-30,White,91274,360,47588,Employed,0,1
Male,31-45,White,23794,750,4925,Self-employed,2,1
Male,31-45,Hispanic,23294,550,17748,Employed,2,1
Male,46-60,Black,102593,661,48928,Employed,2,1
Male,31-45,White,116303,757,20798,Unemployed,3,1
Female,31-45,White,44576,587,35349,Employed,2,1
Male,60+,Hispanic,50900,512,10650,Employed,2,1
Male,31-45,Hispanic,67353,842,43382,Self-employed,1,1
Male,60+,Black,118874,497,47860,Unemployed,0,1
Male,46-60,White,81550,804,35986,Unemployed,3,1
Male,31-45,Black,117431,408,45834,Employed,1,1
Female,18-30,Black,71598,462,20492,Self-employed,1,1
Female,31-45,Black,88530,824,28378,Unemployed,3,1
Female,18-30,Hispanic,76718,631,27671,Employed,1,0
Male,18-30,White,24128,430,2989,Employed,4,1
Male,31-45,White,61936,444,43416,Self-employed,3,1
Female,18-30,White,90278,769,21870,Unemployed,0,0
Male,60+,White,14590,601,35542,Employed,3,1
Female,46-60,Hispanic,95527,712,49982,Self-employed,1,1
Female,46-60,White,105807,367,1956,Employed,1,1
Male,46-60,White,53829,790,4245,Unemployed,0,0
Female,46-60,Asian,53847,566,4629,Unemployed,0,0
Female,18-30,Asian,73548,652,49410,Unemployed,4,1
Female,18-30,White,14472,462,47818,Unemployed,3,1
Male,18-30,Black,129952,514,48919,Unemployed,2,1
Female,31-45,White,19557,315,36056,Employed,1,0
Male,60+,White,125924,386,18924,Employed,2,1
Male,31-45,Hispanic,29204,771,27729,Employed,1,0
Male,31-45,White,98229,442,18226,Employed,0,1
Male,31-45,Hispanic,132378,413,47899,Employed,2,1
Male,60+,White,104179,820,19110,Unemployed,1,0
Male,31-45,White,132936,691,13641,Self-employed,3,1
Female,31-45,Black,24919,709,8958,Self-employed,3,1
Male,60+,Asian,23472,522,24409,Employed,3,1
Female,31-45,Hispanic,29967,387,44387,Employed,1,1
Male,31-45,Hispanic,69951,377,4567,Employed,3,0
Male,46-60,White,18407,594,49811,Employed,4,1
Male,18-30,White,72067,790,33518,Employed,4,1
Male,18-30,Hispanic,75687,621,4320,Employed,0,0
Female,60+,White,86370,495,37795,Self-employed,2,1
Male,18-30,White,143538,479,44696,Employed,1,1
Male,46-60,Black,99750,677,13036,Unemployed,3,1
Female,46-60,White,36101,796,46773,Employed,3,1
Male,60+,Asian,14142,694,8965,Unemployed,0,1
Female,31-45,Asian,41217,523,1503,Employed,1,1
Female,46-60,Black,129640,510,22584,Self-employed,1,0
Male,18-30,White,43138,772,37047,Unemployed,3,0
Female,60+,White,142918,349,47617,Self-employed,1,1
Female,31-45,Black,48633,607,5193,Employed,3,1
Female,60+,White,125883,349,25517,Employed,4,1
Male,46-60,Asian,61318,738,39920,Employed,3,1
Male,31-45,White,43048,824,24992,Self-employed,0,1
Female,31-45,White,128673,660,9518,Employed,0,1
Male,46-60,Hispanic,83054,735,4409,Employed,3,1
Male,31-45,White,31863,442,32323,Employed,1,1
Female,18-30,Black,31870,783,43127,Employed,2,1
Male,18-30,Hispanic,73691,790,47122,Employed,4,1
Female,18-30,White,92982,338,23241,Employed,2,1
Male,46-60,White,113344,483,44674,Employed,4,1
Female,31-45,White,20190,740,1489,Employed,4,1
Female,60+,Black,80625,610,2945,Unemployed,1,0
Female,31-45,Hispanic,144157,778,43516,Employed,4,1
Female,18-30,Hispanic,103422,743,18534,Employed,0,1
Male,46-60,White,148306,403,47561,Unemployed,0,1
Female,18-30,Black,100321,847,47571,Employed,4,1
Male,18-30,Hispanic,52364,712,23027,Employed,3,1
Male,31-45,White,143572,778,29446,Employed,2,1
Female,60+,White,62858,657,46808,Employed,1,1
Male,31-45,White,14478,668,33549,Self-employed,4,1
Female,46-60,Asian,146099,566,36681,Employed,4,1
Male,46-60,White,120820,734,18573,Employed,4,1
Female,18-30,White,72648,367,4256,Employed,0,1
Male,46-60,Asian,102010,845,32456,Employed,0,1
Female,18-30,Asian,57741,849,42103,Employed,2,1
Female,18-30,White,44603,410,4882,Employed,1,0
Male,46-60,White,101913,425,45541,Unemployed,4,0
Male,18-30,Hispanic,16626,457,29716,Employed,0,1
Male,31-45,White,77127,575,8501,Self-employed,0,0
Male,18-30,Black,48288,763,20338,Self-employed,3,1
Female,31-45,Hispanic,34394,314,24379,Employed,4,1
Male,46-60,White,56808,838,10910,Employed,4,1
Female,60+,Asian,37887,766,9716,Unemployed,1,0
Male,60+,Asian,112666,659,41631,Employed,3,1
Male,31-45,White,31401,704,39214,Self-employed,4,1
Female,18-30,Asian,10311,597,37810,Employed,0,1
Male,46-60,White,38920,608,31180,Employed,2,1
Female,46-60,Hispanic,54383,704,46281,Self-employed,1,1
Male,31-45,Hispanic,107781,324,18192,Self-employed,4,1
Female,31-45,White,55257,636,28567,Self-employed,4,1
Male,18-30,White,100578,360,48947,Employed,0,1
Female,60+,White,17941,582,6560,Self-employed,2,0
Female,31-45,White,74712,615,18565,Self-employed,0,1
Female,60+,Asian,94582,554,23786,Employed,0,1
Male,31-45,White,28936,444,22709,Employed,2,1
Male,18-30,Asian,17246,828,38323,Employed,0,1
Female,18-30,White,25734,507,28641,Employed,0,1
Female,31-45,White,52944,626,39975,Employed,0,1
Female,31-45,White,91341,500,3504,Employed,2,1
Male,46-60,Black,113601,313,2419,Employed,0,1
Female,60+,White,71849,443,38392,Employed,2,0
Female,31-45,White,52904,325,37795,Self-employed,4,1
Female,18-30,Hispanic,131083,791,2799,Employed,4,1
Female,46-60,Asian,118964,612,41618,Self-employed,0,1
Female,46-60,White,70204,558,6691,Employed,3,1
Male,18-30,Black,36272,498,35456,Employed,4,1
Female,46-60,White,148212,467,39210,Employed,2,1
Male,31-45,Hispanic,118659,489,664,Employed,4,1
Male,31-45,Black,20916,697,18763,Employed,4,1
Female,60+,White,99558,512,34716,Self-employed,0,0
Female,18-30,Black,113285,675,47322,Self-employed,2,1
Female,18-30,Hispanic,72550,814,2137,Employed,3,1
Female,31-45,Hispanic,55843,615,14663,Employed,2,0
Male,46-60,Asian,24224,461,18071,Self-employed,4,0
Male,31-45,Asian,126774,750,1299,Self-employed,4,1
Male,46-60,White,105870,789,20947,Unemployed,0,1
Male,18-30,Black,47392,734,18240,Employed,3,1
Female,46-60,Black,15301,380,44119,Employed,1,1
Male,18-30,Hispanic,49321,530,47337,Employed,3,1
Male,31-45,White,21692,792,33750,Employed,2,1
Male,18-30,White,106178,718,37113,Self-employed,0,1
Female,60+,White,136985,746,3809,Employed,1,1
Female,46-60,Black,146204,671,14953,Self-employed,1,1
Female,46-60,White,69302,766,17666,Employed,2,1
Male,46-60,White,32897,576,42848,Employed,0,1
Female,18-30,White,80692,468,13004,Employed,1,0
Female,46-60,Hispanic,49861,805,26085,Employed,0,1
Female,31-45,White,15695,649,10248,Employed,2,1
Female,18-30,White,92202,658,26624,Self-employed,2,0
Female,18-30,Hispanic,58717,740,23572,Unemployed,0,1
Male,46-60,White,31882,595,2378,Employed,2,1
Female,46-60,White,148138,361,37796,Employed,2,0
Female,18-30,Black,29555,824,34124,Employed,1,1
Female,31-45,White,49582,489,19105,Employed,0,1
Female,31-45,Black,86230,366,49856,Employed,2,1
Male,31-45,White,129152,725,10548,Employed,3,1
Female,46-60,Black,46878,773,1092,Unemployed,3,0
Female,31-45,Black,69306,393,18023,Unemployed,2,1
Male,46-60,White,62682,537,39442,Employed,4,1
Female,31-45,White,99172,720,39380,Employed,3,1
Female,18-30,White,77712,613,18143,Employed,1,1
Male,18-30,Asian,145638,730,12931,Employed,1,0
Female,46-60,White,103180,673,33215,Self-employed,1,0
Female,18-30,White,35372,656,44275,Employed,2,0
Female,46-60,Asian,63885,330,19521,Self-employed,2,0
Male,31-45,White,59499,709,7738,Unemployed,3,0
Male,46-60,White,136841,677,2371,Self-employed,1,1
Female,60+,White,40374,677,3990,Employed,1,1
Female,60+,White,64279,358,46286,Employed,4,1
Female,60+,White,127811,809,2466,Employed,2,1
Male,46-60,White,46758,513,7147,Self-employed,3,1
Female,46-60,White,67553,523,36917,Employed,3,1
Male,60+,White,138179,555,29889,Employed,2,0
Male,60+,White,102883,665,1884,Unemployed,1,1
Male,31-45,Black,105879,406,26061,Employed,0,1
Male,31-45,White,104369,708,22422,Employed,3,1
Male,31-45,Black,62944,355,946,Employed,2,1
Male,46-60,Asian,117447,737,33815,Employed,1,1
Male,46-60,White,135297,761,11602,Employed,1,1
Male,18-30,White,114127,492,5058,Unemployed,1,1
Female,31-45,Black,88170,320,28769,Employed,4,1
Female,31-45,White,56673,658,43297,Unemployed,1,1
Male,46-60,White,94608,797,21114,Employed,4,1
Male,46-60,White,142691,838,4782,Employed,2,1
Male,31-45,White,129363,754,32748,Employed,1,1
Male,60+,White,14263,362,27214,Unemployed,2,1
Female,31-45,Hispanic,110740,839,22585,Self-employed,3,1
Male,18-30,White,73651,778,36404,Employed,1,1
Female,31-45,White,116181,809,3921,Employed,4,1
Female,31-45,Hispanic,28892,533,47703,Unemployed,3,1
Female,31-45,White,43360,526,41310,Employed,2,1
Female,46-60,White,118701,520,3331,Unemployed,0,1
Male,18-30,White,79625,727,7229,Self-employed,2,1
Female,31-45,White,53467,469,1990,Employed,3,0
Female,31-45,White,69294,613,49717,Employed,3,1
Female,18-30,Asian,75424,789,3574,Employed,3,1
Male,46-60,White,35530,764,41565,Employed,1,1
Male,46-60,White,20430,625,30274,Employed,2,1
Female,18-30,Asian,42135,475,4983,Employed,2,1
Female,18-30,Black,137128,795,30143,Employed,4,1
Male,18-30,White,142490,471,14198,Employed,2,1
Male,31-45,White,88745,773,32967,Unemployed,4,1
Female,31-45,Black,96941,690,49074,Unemployed,0,1
Male,18-30,Black,75213,635,27027,Self-employed,1,1
Female,60+,Hispanic,15081,493,41247,Employed,2,1
Male,31-45,Asian,60883,795,26512,Self-employed,0,1
Male,46-60,White,148084,386,27631,Unemployed,2,0
Female,46-60,White,29471,722,38949,Employed,4,1
Female,31-45,Asian,94300,776,49533,Employed,0,1
Male,31-45,Hispanic,39441,570,48108,Employed,2,1
Male,46-60,White,97002,353,25702,Employed,0,1
Male,60+,Black,38388,817,35031,Unemployed,0,1
Female,31-45,White,139328,759,12440,Employed,1,0
Female,18-30,Black,119320,838,33077,Unemployed,1,0
Male,31-45,White,76205,478,9383,Unemployed,0,1
Female,46-60,Hispanic,146758,374,330,Employed,2,1
Female,46-60,White,14881,455,16601,Employed,0,0
Male,60+,Black,126903,626,12168,Self-employed,2,1
Female,46-60,White,145973,654,43671,Employed,4,1
Female,18-30,Asian,32582,418,37131,Employed,3,1
Female,31-45,White,136932,590,13096,Unemployed,2,0
Male,46-60,White,108360,575,479,Employed,1,1
Female,46-60,White,59367,557,40296,Unemployed,2,0
Male,31-45,Black,20061,832,18544,Employed,3,1
Female,18-30,White,100187,646,13163,Employed,0,1
Female,46-60,White,36801,469,27014,Employed,4,1
Female,18-30,Asian,36512,805,17174,Employed,4,1
Male,31-45,White,79079,443,45647,Employed,3,1
Male,18-30,White,22969,543,19825,Employed,4,1
Female,31-45,Asian,109958,704,7483,Employed,2,1
Female,46-60,Black,43753,620,11841,Employed,0,0
Male,18-30,White,133670,486,27124,Self-employed,2,1
Female,31-45,Asian,123092,547,4320,Unemployed,3,0
Male,60+,Black,48439,532,15541,Employed,1,1
Male,46-60,Black,57065,408,812,Employed,4,0
Female,60+,White,92648,647,44087,Unemployed,3,1
Female,31-45,Black,98145,450,42477,Employed,0,0
Female,31-45,White,86827,608,10111,Self-employed,1,0
Male,46-60,White,112587,788,12942,Self-employed,0,1
Female,31-45,White,144043,832,23469,Employed,2,1
Female,31-45,White,88231,406,13458,Unemployed,1,1
Male,18-30,Asian,137845,714,3419,Employed,4,1
Male,18-30,Hispanic,125350,729,9498,Self-employed,1,1
Female,31-45,Black,18657,794,9687,Employed,2,0
Female,18-30,White,124529,570,27062,Self-employed,4,1
Male,31-45,White,35532,761,31414,Unemployed,2,1
Male,18-30,Black,49554,827,1252,Employed,2,1
Female,31-45,White,13942,837,441,Employed,4,1
Female,60+,Black,58028,411,25650,Employed,4,1
Male,46-60,Asian,113765,344,23518,Unemployed,2,1
Male,60+,Hispanic,114295,750,42985,Employed,2,1
Male,46-60,Asian,68587,494,32165,Employed,4,1
Male,18-30,Hispanic,93873,506,23230,Employed,2,1
Female,31-45,White,41322,367,16738,Employed,0,1
Female,31-45,White,15780,331,15677,Unemployed,0,0
Female,60+,Black,119838,713,16434,Unemployed,0,0
Female,60+,Black,51996,780,35669,Employed,0,0
Female,31-45,White,114227,720,48038,Self-employed,2,1
Male,18-30,White,82202,842,49407,Unemployed,2,0
Male,46-60,Hispanic,80480,785,3812,Self-employed,1,0
Female,31-45,White,96265,430,42451,Employed,1,1
Female,46-60,Black,87882,432,30806,Employed,1,0
Female,60+,White,144513,517,595,Self-employed,1,1
Male,31-45,White,34115,723,18229,Employed,2,1
Male,46-60,Black,73546,732,39363,Employed,1,0
Female,18-30,Black,93213,395,41979,Employed,2,0
Female,46-60,Black,92978,799,45846,Employed,0,1
Female,60+,White,76050,493,30282,Employed,2,1
Male,31-45,White,15823,407,49152,Employed,1,1
Female,18-30,White,66158,578,39554,Self-employed,2,0
Male,31-45,Asian,85248,769,36527,Unemployed,2,1
Male,18-30,Hispanic,107318,428,37446,Self-employed,4,1
Male,31-45,Black,119028,462,33263,Employed,1,1
Male,18-30,White,65519,392,27133,Unemployed,3,0
Male,31-45,White,100438,542,22800,Employed,3,1
Male,18-30,Hispanic,39528,321,17919,Self-employed,2,0
Male,46-60,Black,70564,840,3307,Unemployed,4,0
Male,31-45,White,37535,489,8457,Unemployed,2,0
Male,18-30,Black,130113,385,24867,Self-employed,1,1
Male,46-60,Hispanic,33593,438,26533,Employed,0,0
Male,46-60,Black,146278,415,16100,Unemployed,2,0
Female,31-45,White,96406,534,7976,Self-employed,3,1
Male,60+,Black,126283,303,4906,Unemployed,2,1
Male,31-45,Hispanic,129981,439,3270,Employed,1,1
Male,46-60,Hispanic,83925,533,8392,Self-employed,1,1
Female,31-45,Black,66832,392,49597,Employed,3,0
Female,18-30,Hispanic,74354,349,40668,Unemployed,3,1
Male,18-30,White,76504,626,15288,Employed,4,1
Male,31-45,White,134643,521,49316,Employed,4,0
Female,46-60,White,57228,693,44152,Employed,0,0
Male,60+,White,63534,464,47389,Unemployed,3,0
Female,46-60,Black,41652,457,19824,Unemployed,4,0
Male,18-30,Black,52970,729,2581,Self-employed,3,1
Female,46-60,White,94853,364,14505,Employed,2,1
Male,18-30,Black,64541,834,37007,Employed,4,1
Female,31-45,White,13543,534,22967,Employed,3,1
Female,18-30,Asian,30290,708,40002,Employed,3,1
Male,18-30,White,120964,657,1453,Unemployed,2,1
Male,46-60,White,123301,760,8167,Unemployed,3,1
Female,46-60,Asian,65198,846,36599,Unemployed,4,1
Male,31-45,Asian,82890,740,48202,Self-employed,4,1
Male,31-45,Hispanic,117986,656,4571,Employed,0,1
Female,46-60,White,133069,560,11122,Self-employed,0,0
Female,46-60,Hispanic,120603,839,38507,Self-employed,4,1
Female,46-60,White,43823,601,7005,Employed,0,1
Male,18-30,White,21399,827,25814,Unemployed,0,0
Male,31-45,White,61106,511,8933,Unemployed,2,1
Female,46-60,Black,149086,562,13189,Self-employed,1,1
Male,18-30,Black,65098,406,13584,Self-employed,0,1
Male,46-60,White,50456,572,25164,Employed,1,1
Female,18-30,Black,75026,545,29801,Self-employed,0,1
Female,18-30,White,57176,541,12222,Self-employed,1,1
Female,31-45,Asian,142290,710,3488,Employed,3,0
Male,31-45,White,80129,461,27393,Employed,1,1
Female,46-60,Black,120546,357,25150,Employed,1,0
Male,31-45,White,142291,604,11371,Unemployed,3,1
Male,46-60,White,74005,533,35606,Self-employed,3,1
Female,46-60,Black,73208,331,21706,Employed,0,0
Male,18-30,White,21617,809,7167,Employed,0,1
Female,18-30,Asian,55768,352,15882,Employed,1,1
Male,18-30,White,61448,337,41667,Self-employed,4,1
Male,31-45,Asian,98091,698,47516,Self-employed,1,1
Female,31-45,White,93159,775,904,Unemployed,4,0
Male,46-60,Black,51365,619,17533,Employed,3,1
Female,46-60,Hispanic,89037,336,36753,Employed,1,0
Female,18-30,White,28916,705,21265,Employed,0,1
Female,31-45,Black,147626,629,19512,Self-employed,2,1
Female,18-30,White,100484,379,23578,Employed,0,0
Male,18-30,White,57259,569,45253,Employed,2,0
Female,18-30,White,83499,606,22115,Unemployed,4,0
Male,60+,White,112208,438,12837,Self-employed,0,1
Female,46-60,Asian,141410,690,520,Employed,1,1
Male,60+,Hispanic,29089,467,29137,Employed,2,1
Female,31-45,Hispanic,112629,461,10204,Self-employed,3,0
Female,18-30,White,117395,451,35831,Unemployed,1,0
Male,46-60,White,11117,517,40790,Employed,0,1
Male,46-60,Asian,98272,724,14111,Employed,3,1
Male,31-45,Asian,117927,495,46895,Unemployed,3,0
Female,18-30,Hispanic,33563,785,15031,Employed,3,0
Female,18-30,Black,93402,383,5230,Unemployed,3,0
Female,46-60,Black,80886,528,37071,Unemployed,1,1
Male,31-45,Asian,39151,558,12410,Self-employed,4,1
Female,18-30,White,24024,414,42533,Unemployed,3,1
Male,31-45,Black,61594,677,40244,Employed,4,1
Female,18-30,White,115679,492,48600,Unemployed,4,0
Male,31-45,White,107673,650,17850,Employed,0,1
Male,18-30,Asian,82078,495,14910,Employed,1,0
Female,46-60,Hispanic,105036,739,2479,Employed,3,1
Male,60+,White,92654,719,1024,Self-employed,2,1
Female,31-45,White,87714,366,12202,Unemployed,0,1
Male,46-60,White,11980,353,28416,Unemployed,1,1
Female,18-30,Black,45307,712,46944,Employed,1,0
Male,46-60,Asian,55154,637,8329,Unemployed,4,1
Female,60+,White,43475,501,35845,Employed,0,1
Male,18-30,White,28510,503,9704,Unemployed,1,1
Male,18-30,Black,28422,632,3223,Employed,0,0
Female,60+,Hispanic,105936,400,18373,Employed,1,1
Female,46-60,Hispanic,31749,489,27400,Employed,4,1
Female,46-60,Hispanic,57999,514,5280,Self-employed,3,1
Male,18-30,White,135793,844,18958,Employed,3,1
Female,31-45,White,141550,718,15397,Unemployed,1,0
Female,18-30,White,78945,585,19939,Employed,1,1
Male,18-30,Asian,84191,319,38279,Self-employed,0,1
Male,18-30,White,136994,773,41329,Employed,4,1
Female,46-60,White,52739,606,23494,Self-employed,0,1
Female,31-45,White,10974,345,38409,Employed,0,1
Male,31-45,White,78440,515,34449,Employed,2,1
Male,31-45,White,19389,700,39961,Unemployed,2,1
Female,18-30,Hispanic,40680,549,47875,Employed,3,1
Male,18-30,Asian,89518,397,46760,Employed,4,1
Male,46-60,Black,19280,793,27370,Employed,4,1
Female,46-60,White,18132,383,3271,Unemployed,3,0
Female,60+,White,143330,528,46936,Employed,4,1
Female,46-60,White,100037,817,11908,Unemployed,2,1
Male,31-45,Black,35964,563,42499,Employed,2,1
Male,31-45,Asian,103965,518,19306,Unemployed,2,1
Female,46-60,White,32863,475,4103,Unemployed,0,1
Male,18-30,White,140053,436,25734,Self-employed,1,1
Female,46-60,Asian,17621,514,17905,Employed,3,0
Female,31-45,Asian,113995,771,47915,Employed,0,1
Male,18-30,Asian,125524,641,29446,Employed,4,1
Male,46-60,Hispanic,66290,825,42240,Self-employed,1,1
Female,18-30,Hispanic,126814,759,5917,Unemployed,4,1
Male,31-45,White,97049,672,11503,Employed,3,1
Female,60+,White,114990,681,2623,Employed,1,1
Female,18-30,Hispanic,28555,466,1505,Unemployed,2,0
Male,31-45,Hispanic,141781,399,17977,Employed,2,1
Male,18-30,White,100848,524,32060,Employed,1,1
Male,18-30,Black,136522,737,37312,Employed,2,1
Male,31-45,White,58829,470,11865,Self-employed,2,1
Male,31-45,Hispanic,81336,413,31718,Employed,2,1
Female,18-30,White,82435,802,23838,Unemployed,3,1
Female,60+,White,46762,805,19133,Employed,1,1
Female,31-45,Hispanic,57966,477,26791,Employed,1,0
Female,31-45,White,25871,543,14951,Employed,0,1
Male,18-30,White,109434,617,33345,Employed,4,1
Female,46-60,White,61488,377,34698,Employed,4,0
Female,18-30,White,61919,737,620,Unemployed,0,0
Male,46-60,Asian,95962,838,13160,Self-employed,4,1
Female,46-60,Black,65937,730,40188,Employed,2,1
Male,31-45,Asian,128466,635,32605,Employed,1,1
Female,31-45,White,128867,836,21116,Employed,0,1
Female,31-45,Asian,124177,491,49204,Employed,3,0
Male,60+,Asian,101712,452,28879,Employed,2,1
Female,31-45,White,67886,714,16602,Employed,3,1
Female,18-30,Asian,116084,642,21560,Self-employed,2,0
Male,46-60,Asian,140964,405,9686,Self-employed,0,0
Female,60+,Black,100663,567,11127,Unemployed,1,0
Female,18-30,Black,81962,646,43808,Employed,3,0
Female,31-45,White,134516,582,32550,Self-employed,1,1
Female,46-60,Black,148195,737,21967,Unemployed,2,0
Female,60+,Hispanic,62519,547,3075,Employed,1,1
Female,18-30,Hispanic,128371,407,35501,Employed,1,0
Female,46-60,White,12348,600,31341,Unemployed,1,0
Female,46-60,Black,24261,500,44026,Employed,1,1
Female,46-60,White,137443,755,27024,Employed,1,1
Female,31-45,White,86400,604,13606,Employed,4,1
Male,18-30,White,84303,803,41698,Employed,1,1
Male,60+,Hispanic,111667,312,24917,Unemployed,3,0
Male,18-30,Asian,129040,551,13890,Employed,4,1
Female,46-60,White,14783,748,14516,Employed,3,1
Male,46-60,Asian,118137,740,26585,Employed,2,1
Female,18-30,White,73609,364,32482,Employed,3,1
Male,46-60,Black,43607,725,8434,Unemployed,4,1
Male,46-60,White,16209,354,3673,Employed,2,1
Male,46-60,White,51451,845,2851,Unemployed,2,0
Female,60+,White,125862,559,5972,Unemployed,1,1
Female,46-60,White,17996,616,9903,Employed,3,1
Male,60+,Hispanic,30594,442,20343,Employed,1,1
Female,46-60,Black,84068,303,2672,Unemployed,1,0
Male,60+,White,73010,697,10822,Unemployed,1,1
Female,60+,Hispanic,71120,563,16324,Employed,1,0
Male,60+,Hispanic,112501,601,16158,Employed,4,1
Female,60+,White,68542,373,21710,Employed,3,1
Female,18-30,Black,54080,789,21372,Self-employed,4,0
Male,60+,Hispanic,25233,696,4846,Employed,4,1
Male,46-60,Black,149663,699,43649,Self-employed,2,0
Female,31-45,Hispanic,65007,456,3985,Employed,1,0
Female,31-45,Black,119660,736,32951,Employed,3,1
Female,18-30,Asian,75156,667,3209,Employed,3,1
Male,31-45,Black,44059,840,22131,Employed,3,1
Male,31-45,Black,71278,445,13377,Employed,3,0
Male,31-45,Hispanic,51692,636,3081,Employed,1,1
Female,46-60,Black,149612,400,9914,Employed,2,1
Male,31-45,White,85465,462,4939,Employed,4,1
Female,31-45,White,33295,727,34920,Self-employed,2,1
Male,31-45,Asian,29354,520,10032,Employed,2,1
Male,18-30,Hispanic,149520,655,19547,Self-employed,1,1
Male,18-30,White,103080,326,42754,Unemployed,2,0
Male,60+,White,106370,577,17833,Unemployed,0,1
Female,31-45,White,81089,629,22939,Employed,3,1
Female,60+,White,125288,625,9924,Employed,0,1
Female,31-45,Black,142422,770,31414,Unemployed,1,1
Female,18-30,Black,133267,522,45896,Employed,3,0
Male,46-60,White,125589,449,42621,Employed,2,1
Female,46-60,White,122524,686,34276,Employed,2,1
Male,60+,Black,73092,464,17653,Employed,3,1
Female,18-30,White,35491,719,33398,Self-employed,1,1
Male,46-60,White,95617,444,19196,Employed,0,1
Female,31-45,White,23260,419,39838,Employed,1,1
Male,46-60,White,32533,769,9470,Employed,2,1
Male,18-30,Black,41304,469,36214,Unemployed,1,1
Male,46-60,Hispanic,37741,794,22733,Employed,1,1
Male,46-60,White,16077,625,14952,Self-employed,2,1
Female,60+,White,53290,323,15410,Self-employed,3,1
Female,60+,White,104856,699,16410,Unemployed,3,1
Female,18-30,White,131929,668,42900,Self-employed,0,1
Male,46-60,Hispanic,83253,804,20054,Employed,1,1
Female,18-30,Black,40592,719,1637,Employed,4,0
Female,31-45,White,88722,589,47427,Self-employed,3,1
Male,46-60,Asian,119601,350,37998,Employed,4,0
Male,46-60,White,144944,434,8716,Unemployed,1,1
Male,18-30,Black,59711,476,23532,Unemployed,1,1
Female,46-60,White,133909,545,14578,Employed,3,1
Female,18-30,Black,52154,833,14750,Employed,2,1
Male,46-60,White,44636,448,11757,Employed,2,1
Male,60+,Black,69584,380,7227,Unemployed,3,1
Male,31-45,Black,23613,512,12174,Employed,0,1
Female,18-30,Black,24779,408,17511,Self-employed,2,0
Female,60+,Black,99992,788,19696,Employed,0,1
Male,46-60,White,135141,641,24327,Employed,1,0
Female,31-45,Black,95681,724,47549,Self-employed,4,1
Female,46-60,White,18046,645,47821,Employed,3,1
Male,31-45,White,88260,502,4036,Employed,4,1
Male,46-60,White,102950,708,44049,Self-employed,1,1
Female,18-30,White,138634,815,34513,Unemployed,1,1
Female,31-45,White,97185,439,47506,Self-employed,2,0
Female,60+,Asian,145955,302,49010,Employed,2,1
Female,60+,Hispanic,63586,434,10191,Unemployed,0,0
Male,46-60,White,71622,593,6397,Employed,0,1
Male,46-60,Black,132115,489,654,Employed,0,1
Male,18-30,White,137649,356,19383,Employed,0,1
Male,18-30,White,60292,833,13226,Employed,2,1
Male,46-60,White,148085,616,48220,Employed,0,1
Female,18-30,Asian,105942,716,22502,Employed,0,1
Male,46-60,Asian,74284,399,42616,Self-employed,3,1
Male,18-30,Hispanic,142135,538,49727,Employed,1,1
Female,60+,White,68833,560,17248,Unemployed,2,1
Male,60+,White,83577,416,4260,Employed,2,1
Female,60+,White,50377,728,47502,Employed,3,1
Female,18-30,White,41912,769,18972,Self-employed,3,1
Female,60+,White,69841,421,24222,Unemployed,3,0
Male,31-45,Black,17880,634,21542,Self-employed,1,1
Female,18-30,Black,118262,458,31358,Employed,2,0
Female,31-45,Hispanic,74133,479,23481,Unemployed,3,0
Male,60+,Black,131407,433,40102,Self-employed,0,1
Male,31-45,Black,68158,392,16087,Unemployed,0,0
Male,31-45,Asian,69126,452,9202,Unemployed,3,1
Female,46-60,Black,20864,310,24568,Employed,3,1
Female,31-45,Hispanic,56481,363,5943,Employed,2,1
Male,31-45,White,124761,385,9727,Self-employed,2,1
Male,18-30,Hispanic,39050,729,42781,Unemployed,3,1
Male,18-30,Black,76297,499,14011,Unemployed,4,1
Female,46-60,White,77630,482,42542,Employed,1,0
Female,46-60,White,30165,561,11600,Employed,1,0
Male,31-45,White,138879,568,41948,Unemployed,1,1
Male,18-30,White,120076,324,40344,Employed,1,1
Male,60+,White,120411,695,44461,Self-employed,1,1
Female,46-60,White,67317,371,29570,Unemployed,3,1
Male,31-45,White,106651,391,17045,Employed,3,1
Male,46-60,Hispanic,24923,686,1907,Self-employed,4,0
Female,18-30,White,47016,551,49571,Employed,0,1
Male,31-45,Hispanic,138023,629,46453,Self-employed,1,1
Female,46-60,Asian,24496,360,3332,Unemployed,4,1
Female,18-30,White,42088,456,47558,Employed,1,0
Male,31-45,White,135043,404,5914,Unemployed,3,1
Female,18-30,Black,83265,673,49643,Employed,3,1
Female,18-30,Asian,93140,825,7995,Employed,1,1
Female,60+,Hispanic,74107,599,30654,Self-employed,1,0
Female,60+,Hispanic,122753,340,43597,Employed,4,1
Male,60+,Asian,78334,498,13771,Employed,3,1
Male,46-60,Asian,85967,467,1102,Employed,1,1
Female,31-45,Asian,136817,421,35246,Employed,4,1
Male,31-45,White,112072,708,27819,Unemployed,0,1
Male,60+,Hispanic,51749,663,8170,Employed,4,1
Female,46-60,White,42965,540,31604,Self-employed,4,1
Female,18-30,Hispanic,135408,384,14106,Employed,1,0
Male,31-45,White,15529,468,16241,Employed,0,1
Female,60+,Hispanic,109774,794,20228,Employed,2,1
Female,31-45,White,96245,848,36390,Employed,0,1
Female,46-60,Hispanic,54803,699,25236,Self-employed,2,0
Male,46-60,White,62138,460,48440,Employed,4,0
Female,46-60,White,111331,562,46513,Employed,0,0
Male,60+,Black,134274,798,48342,Self-employed,3,1
Female,18-30,White,44295,373,40343,Employed,2,0
Female,46-60,Hispanic,51113,315,7223,Employed,0,0
Male,60+,Asian,67135,381,10308,Unemployed,1,1
Male,46-60,White,104578,494,21793,Employed,2,1
Male,18-30,Black,112549,711,5220,Self-employed,2,1
Female,46-60,White,25775,562,49314,Self-employed,2,0
Female,46-60,White,134429,837,47357,Employed,1,1
Female,18-30,Hispanic,125562,682,12726,Employed,3,1
Female,18-30,White,58923,436,38425,Employed,3,0
Male,60+,White,103360,389,3323,Employed,4,1
Female,46-60,White,139146,481,9317,Unemployed,4,1
Female,46-60,Black,127411,767,10926,Employed,0,0
Male,31-45,Black,143407,839,30715,Employed,0,1
Male,18-30,White,53926,749,17918,Employed,0,1
Female,31-45,White,109026,752,22013,Self-employed,1,1
Male,46-60,Black,47110,386,18805,Unemployed,3,1
Female,31-45,Hispanic,112829,507,24355,Self-employed,1,1
Male,31-45,Hispanic,35968,488,30126,Employed,1,0
Male,18-30,Black,128193,684,26127,Self-employed,2,1
Female,60+,White,80441,699,44877,Self-employed,4,1
Female,31-45,White,78721,742,25511,Unemployed,4,0
Female,18-30,White,83751,591,1683,Employed,3,1
Female,31-45,Hispanic,59541,490,15605,Employed,3,1
Male,31-45,White,144226,702,3858,Employed,2,1
Female,18-30,White,61826,766,47156,Self-employed,2,1
Male,46-60,Hispanic,107874,356,46683,Unemployed,1,1
Female,46-60,White,12674,594,44908,Self-employed,2,1
Female,31-45,Hispanic,87899,461,46966,Self-employed,4,1
Male,60+,Black,149423,414,36149,Employed,0,1
Male,18-30,White,120721,796,18212,Employed,0,1
Male,31-45,Black,103267,800,42936,Employed,1,1
Male,60+,White,79044,617,46967,Employed,1,1
Male,60+,White,139523,315,7694,Self-employed,4,1
Male,18-30,White,63863,849,48099,Unemployed,1,1
Male,18-30,White,126173,490,16857,Employed,4,1
Female,60+,White,136957,762,33651,Employed,3,1
Male,31-45,Black,89296,692,30566,Employed,0,0
Female,46-60,Black,28285,418,31088,Unemployed,4,0
Male,31-45,White,13536,733,25663,Unemployed,2,1
Male,31-45,Hispanic,23517,433,7581,Employed,4,0
Male,46-60,White,63552,498,28235,Employed,0,1
Male,31-45,Asian,39905,355,18862,Self-employed,0,1
Male,31-45,White,38834,413,44707,Employed,2,1
Female,31-45,White,85145,442,26485,Unemployed,4,1
Female,31-45,White,14906,835,23684,Unemployed,0,1
Male,31-45,White,84447,323,15004,Employed,4,1
Male,31-45,Asian,115463,830,4319,Employed,1,1
Male,18-30,White,12097,386,24189,Employed,4,1
Female,18-30,Asian,113515,367,8386,Self-employed,0,0
Male,60+,Black,118492,772,23832,Unemployed,2,1
Female,60+,White,14512,421,46689,Employed,1,0
Male,31-45,Hispanic,45618,784,20924,Employed,2,1
Male,60+,White,148134,405,15454,Unemployed,2,1
Male,46-60,White,60038,688,5102,Self-employed,3,1
Female,46-60,Black,16158,530,43732,Employed,2,0
Male,60+,Hispanic,86964,676,14443,Employed,4,1
Male,31-45,White,77899,748,8878,Employed,0,1
Female,60+,Hispanic,36545,806,25072,Employed,0,1
Male,31-45,White,12668,737,2569,Unemployed,4,1
Male,18-30,White,145436,383,41633,Employed,2,1
Female,46-60,White,36770,778,25564,Self-employed,3,1
Female,31-45,White,106751,487,20308,Self-employed,3,1
Female,46-60,Black,49216,532,4108,Employed,4,1
Male,31-45,White,37926,548,2299,Employed,4,1
Male,31-45,Hispanic,127814,660,33887,Employed,0,1
Male,31-45,White,42654,695,33784,Employed,4,1
Male,18-30,Black,136473,622,20369,Unemployed,1,0
Male,60+,White,60291,522,2854,Employed,2,1
Female,46-60,White,65480,847,18616,Employed,1,1
Female,31-45,White,103763,703,28249,Employed,4,1
Female,31-45,Hispanic,27539,365,27799,Employed,2,1
Male,60+,Hispanic,69083,393,29685,Unemployed,4,1
Male,31-45,White,44976,379,16286,Employed,3,1
Male,46-60,White,91147,397,22116,Self-employed,0,1
Female,18-30,White,80483,662,43420,Employed,4,1
Male,18-30,Hispanic,68359,324,11275,Unemployed,1,1
Female,46-60,Hispanic,10535,831,45444,Employed,0,1
Female,31-45,Black,85917,794,44726,Employed,3,0
Female,18-30,White,58740,494,32875,Employed,3,1
Male,31-45,Black,20152,343,11337,Employed,3,1
Male,46-60,White,66468,541,49586,Unemployed,4,1
Male,18-30,Asian,70191,403,41931,Employed,3,1
Male,18-30,White,131396,380,19355,Self-employed,0,1
Male,31-45,Hispanic,52981,355,33152,Employed,4,1
Male,60+,Black,67847,789,3757,Employed,4,1
Female,31-45,White,12646,680,49449,Employed,2,1
Male,31-45,White,76268,415,36185,Unemployed,0,1
Male,31-45,White,57309,483,24148,Employed,4,1
Male,46-60,White,139686,676,25904,Employed,0,1
Female,18-30,Hispanic,54964,521,31057,Employed,4,0
Female,46-60,Black,29844,516,29276,Employed,3,0
Female,60+,White,53049,371,25545,Self-employed,2,1
Male,46-60,Hispanic,143831,317,11701,Employed,1,1
Female,18-30,Black,67943,373,1186,Unemployed,2,0
Male,31-45,White,134312,704,41896,Employed,2,1
Female,18-30,White,85053,653,47379,Self-employed,0,1
Male,60+,White,134698,536,46344,Unemployed,0,1
Male,60+,White,51055,381,1766,Unemployed,1,1
Female,18-30,Black,129739,534,20971,Employed,0,0
Female,46-60,Asian,122651,796,47988,Unemployed,3,0
Female,18-30,Black,16767,586,32823,Employed,0,1
Female,46-60,Hispanic,148374,635,3933,Self-employed,1,0
Female,60+,White,91799,773,32661,Employed,4,1
Female,46-60,White,77629,670,37379,Employed,0,1
Male,46-60,White,35276,613,12292,Employed,2,1
Male,60+,Black,146047,769,22451,Unemployed,2,1
Male,31-45,Hispanic,88375,632,40434,Employed,0,1
Female,18-30,Hispanic,79409,461,33231,Self-employed,3,1
Female,46-60,White,74794,762,46575,Employed,2,0
Male,60+,Hispanic,149658,343,41142,Employed,3,1
Male,46-60,White,33040,727,6135,Unemployed,1,0
Female,46-60,Black,38820,423,18383,Self-employed,0,1
Female,18-30,Black,123354,733,30860,Self-employed,4,1
Female,46-60,White,44371,372,29726,Employed,2,1
Male,46-60,Hispanic,136593,465,6731,Employed,4,1
Female,31-45,Hispanic,104171,389,31126,Unemployed,2,0
Female,31-45,Black,48709,518,27833,Self-employed,3,1
Male,18-30,White,139928,333,47856,Employed,2,1
Male,18-30,Asian,22778,727,37127,Unemployed,1,1
Male,46-60,White,54681,459,19521,Employed,3,1
Female,60+,White,25362,797,774,Employed,4,1
Female,18-30,White,80278,649,4146,Employed,3,1
Male,31-45,White,108063,751,21269,Employed,2,1
Female,46-60,White,115487,300,30915,Unemployed,1,1
Female,46-60,Black,127083,784,39724,Self-employed,1,1
Female,46-60,White,77953,719,18556,Employed,1,0
Male,31-45,Black,131532,306,40693,Self-employed,4,1
Male,46-60,Hispanic,22511,529,22284,Employed,3,1
Male,18-30,Asian,111461,528,22814,Unemployed,0,1
Male,31-45,White,130507,332,38322,Employed,4,1
Male,18-30,Asian,148939,644,15488,Employed,3,1
Male,60+,Hispanic,89480,426,48626,Unemployed,1,1
Male,31-45,White,87671,836,12371,Employed,2,1
Male,60+,Black,136111,761,31428,Unemployed,2,1
Female,46-60,Black,91656,613,13339,Employed,2,1
Male,31-45,Asian,116583,439,15778,Employed,2,1
Male,18-30,White,19863,507,12475,Employed,0,1
Male,60+,White,148449,496,42929,Unemployed,3,1
Female,31-45,Black,121339,633,4967,Unemployed,3,0
Male,31-45,White,64344,621,15559,Employed,4,1
Female,31-45,White,118417,311,41716,Unemployed,2,0
Female,60+,Asian,12546,752,13865,Self-employed,4,0
Male,18-30,Hispanic,149003,716,2332,Employed,2,1
Female,18-30,Black,83354,613,31006,Employed,0,0
Female,60+,Asian,138723,476,6187,Employed,0,1
Male,46-60,White,120956,462,31115,Self-employed,1,0
Male,18-30,Black,99345,402,20004,Employed,2,1
Female,60+,White,54190,787,49223,Employed,2,1
Male,60+,White,129010,534,46911,Unemployed,3,1
Female,31-45,Black,27161,565,48375,Self-employed,0,1
Male,31-45,Hispanic,87264,612,15483,Self-employed,3,0
Female,31-45,Black,39242,762,47083,Self-employed,4,1
Female,46-60,White,79924,362,10862,Self-employed,3,0
Male,31-45,Black,78469,721,14563,Employed,2,1
Male,46-60,White,21266,616,16023,Employed,3,1
Male,18-30,White,95924,493,25713,Unemployed,1,1
Male,18-30,Black,92691,845,6574,Unemployed,3,1
Male,46-60,White,85679,321,39029,Unemployed,1,1
Male,60+,White,42364,759,23073,Unemployed,2,1
Male,46-60,Black,145569,637,18174,Employed,4,1
Female,60+,Black,38800,663,18530,Employed,0,1
Male,18-30,White,145254,425,14570,Unemployed,1,1
Male,46-60,White,34427,513,23692,Employed,0,0
Male,60+,White,109203,644,39274,Unemployed,4,1
Female,46-60,White,117585,783,32574,Unemployed,3,0
Male,18-30,Black,60511,510,19549,Employed,4,0
Male,46-60,Asian,14456,419,15272,Unemployed,4,0
Female,46-60,Hispanic,61905,824,30402,Self-employed,2,1
Male,31-45,Hispanic,25667,788,36710,Employed,1,1
Male,60+,White,124979,618,7706,Unemployed,4,1
Male,18-30,White,46678,625,43545,Employed,1,1
Female,31-45,White,126110,496,8058,Employed,1,1
Female,18-30,Black,123622,720,27163,Unemployed,4,0
Male,31-45,White,17895,577,29247,Self-employed,0,1
Male,60+,White,82585,805,10453,Employed,4,1
Male,31-45,White,148278,676,1649,Unemployed,2,1
Female,46-60,White,71450,404,23707,Unemployed,3,1
Female,31-45,White,18096,669,17263,Employed,3,1
Female,46-60,White,127125,724,31425,Employed,2,1
Male,18-30,Hispanic,87290,601,26237,Employed,4,1
Male,46-60,Asian,137665,775,22759,Unemployed,4,1
Male,31-45,Black,117983,624,30751,Self-employed,4,1
Male,46-60,Asian,86720,485,21951,Unemployed,0,1
Female,31-45,White,123531,583,18183,Unemployed,3,1
Female,18-30,White,78628,391,22553,Employed,0,0
Male,31-45,Asian,74835,838,8637,Employed,1,1
Female,31-45,Black,27262,453,45938,Self-employed,1,1
Female,31-45,Asian,34922,647,5543,Self-employed,2,1
Male,60+,White,109963,721,42728,Employed,0,1
Male,31-45,White,44334,702,2450,Unemployed,4,1
Female,18-30,White,30197,513,27727,Self-employed,4,1
Male,46-60,Asian,127897,703,2707,Unemployed,0,0
Female,31-45,Black,81186,578,15225,Self-employed,4,1
Male,46-60,Black,78393,455,28831,Employed,4,1
Female,18-30,Black,69301,580,26747,Employed,0,1
Male,46-60,Hispanic,126008,768,34216,Self-employed,1,0
Female,60+,Black,64973,662,44488,Employed,0,1
Male,31-45,Hispanic,63611,441,44799,Employed,3,1
Female,46-60,White,110561,485,16909,Employed,3,1
Female,46-60,Hispanic,25813,473,13022,Employed,3,0
Male,18-30,White,18970,640,49578,Self-employed,2,1
Male,46-60,White,135871,622,28616,Employed,2,1
Male,46-60,White,78225,399,1114,Self-employed,1,1
Female,18-30,Black,121574,769,8108,Employed,0,1
Male,31-45,Asian,148060,410,40054,Self-employed,1,1
Male,18-30,Asian,120035,466,8900,Employed,3,1
Female,18-30,Hispanic,146215,354,42270,Employed,3,1
Male,31-45,Asian,41642,670,33489,Employed,2,1
Female,31-45,White,110865,623,44065,Employed,3,1
Female,46-60,Hispanic,61890,574,9909,Unemployed,2,1
Male,18-30,White,118407,573,7934,Employed,1,1
Female,46-60,White,130136,313,18599,Employed,0,0
Male,46-60,White,45831,432,30586,Unemployed,0,1
Male,46-60,White,54988,790,4871,Employed,0,1
Female,18-30,Asian,102945,592,37913,Unemployed,0,1
Female,46-60,Asian,12164,597,12122,Self-employed,4,1
Male,60+,White,10706,709,31884,Employed,1,1
Female,46-60,White,19361,582,9972,Employed,2,1
Female,46-60,White,18674,658,41422,Self-employed,1,0
Female,60+,White,83019,336,49801,Self-employed,1,0
Female,18-30,White,35609,409,40421,Employed,4,1
Female,60+,White,78199,787,23048,Unemployed,4,0
Male,46-60,Asian,105047,724,22864,Employed,0,1
Male,31-45,White,44676,368,39265,Self-employed,0,0
Male,31-45,White,60744,716,11658,Employed,3,1
Female,31-45,Black,108444,415,21205,Employed,3,1
Male,46-60,Asian,52470,611,44249,Employed,4,1
Male,18-30,Hispanic,25378,562,8584,Employed,0,1
Female,31-45,Black,10365,612,30493,Employed,2,1
Female,46-60,White,148278,366,13970,Employed,4,1
Female,46-60,Black,50816,754,4494,Employed,3,1
Female,60+,Black,142174,473,7111,Unemployed,1,1
Female,46-60,Asian,81610,455,6331,Self-employed,2,0
Female,31-45,White,59418,344,18493,Employed,2,0
Male,18-30,White,100511,826,13698,Self-employed,4,1
Female,60+,White,19088,738,2349,Employed,3,1
Female,46-60,White,22693,612,28853,Employed,2,0
Female,18-30,White,60997,528,3849,Employed,1,1
Male,31-45,Asian,38790,552,43955,Employed,0,1
Female,60+,White,78927,337,22870,Employed,4,1
Female,46-60,White,43345,825,38105,Self-employed,3,1
Male,31-45,White,74527,495,21361,Employed,3,0
Male,18-30,White,15030,806,33915,Unemployed,2,0
Female,31-45,Black,54436,545,5509,Unemployed,4,0
Female,46-60,Hispanic,24124,838,47800,Employed,0,1
Female,60+,Hispanic,57997,521,40689,Self-employed,0,0
Male,60+,White,62694,824,3670,Unemployed,3,1
Male,60+,White,133659,652,30987,Self-employed,3,1
Female,46-60,Black,56710,334,6227,Employed,0,0
Male,60+,White,78151,343,48552,Self-employed,1,1
Male,18-30,Hispanic,133327,459,15684,Unemployed,3,1
Female,18-30,White,124433,405,20816,Employed,4,1
Female,46-60,Asian,127334,496,40508,Unemployed,2,0
Male,31-45,White,90642,419,39704,Unemployed,3,1
Male,18-30,Hispanic,115116,526,13852,Self-employed,1,1
Female,18-30,White,21285,452,42486,Employed,2,1
Female,60+,Asian,130333,415,5438,Employed,1,0
Male,46-60,White,51547,551,27427,Employed,1,1
Male,46-60,Hispanic,57055,617,43308,Employed,2,1
Female,18-30,Black,85436,435,8973,Employed,3,1
Male,18-30,White,36783,628,8576,Employed,0,1
Male,46-60,White,15988,681,6533,Employed,2,1
Male,46-60,White,49573,353,2175,Employed,2,1
Male,31-45,White,142627,750,439,Unemployed,0,1
Male,46-60,Black,22807,679,23191,Employed,2,1
Male,18-30,Black,52266,646,40783,Employed,4,1
Female,18-30,White,35178,589,21565,Self-employed,3,1
Male,46-60,Hispanic,104803,547,14415,Self-employed,0,0
Female,60+,White,100825,475,161,Employed,3,1
Female,31-45,Black,34403,585,29032,Self-employed,0,0
Female,31-45,Hispanic,35152,335,27784,Employed,2,0
Female,46-60,White,115688,757,31715,Employed,2,1
Male,46-60,Black,144219,834,9177,Employed,3,1
Male,60+,Black,143513,648,24920,Self-employed,1,1
Female,60+,White,72524,356,24578,Employed,4,1
Male,31-45,White,57586,792,38458,Self-employed,3,1
Female,18-30,Hispanic,89430,522,41475,Unemployed,2,1
Female,31-45,White,140811,723,15276,Unemployed,3,1
Female,31-45,White,107419,432,10865,Employed,3,1
Female,31-45,Asian,119895,452,28118,Employed,2,0
Male,60+,Hispanic,16796,422,33607,Unemployed,1,1
Male,46-60,White,37479,376,28207,Self-employed,0,1
Female,18-30,Asian,82606,630,42891,Employed,1,1
Male,31-45,White,141455,467,27948,Employed,2,1
Female,46-60,White,144878,701,6548,Self-employed,3,1
Female,60+,White,95596,650,40402,Employed,4,1
Male,60+,White,135195,685,29643,Unemployed,0,1
Female,31-45,White,53204,408,15220,Unemployed,3,0
Female,60+,Black,36622,438,10429,Employed,1,1
Female,60+,White,117788,719,38713,Self-employed,0,0
Male,18-30,White,24726,843,36025,Employed,4,1
Female,46-60,White,112073,679,13515,Employed,1,1
Female,46-60,White,149861,411,23498,Self-employed,0,1
Male,31-45,White,74689,529,43133,Employed,3,1
Female,18-30,Black,100743,569,36242,Employed,4,1
Female,18-30,Hispanic,87834,411,4914,Employed,3,1
Female,18-30,Black,98584,607,47214,Self-employed,2,1
Male,46-60,Hispanic,143495,396,42736,Employed,4,1
Female,31-45,Hispanic,67098,825,47605,Employed,0,1
Male,46-60,Asian,49290,805,45051,Employed,2,1
Male,46-60,Hispanic,89046,746,14553,Unemployed,2,0
Male,46-60,White,10159,826,9274,Unemployed,3,1
Female,31-45,White,122404,354,34920,Employed,0,1
Male,46-60,Asian,83564,795,37605,Employed,1,1
Male,46-60,Hispanic,40999,771,26242,Employed,2,1
Female,31-45,Black,41608,379,45130,Employed,4,0
Male,46-60,Asian,129340,485,40884,Employed,4,1
Female,46-60,Black,26090,732,39726,Employed,1,1
Male,31-45,Black,80793,459,20455,Unemployed,2,1
Female,46-60,Hispanic,34168,765,18779,Self-employed,1,0
Female,46-60,Hispanic,103049,694,19541,Employed,4,1
Male,31-45,White,52114,571,30478,Self-employed,4,1
Female,31-45,White,72357,630,30269,Self-employed,0,0
Female,46-60,Black,123193,444,3958,Employed,2,1
Male,60+,White,49469,487,5279,Employed,3,1
Male,18-30,Black,18195,362,25791,Self-employed,4,1
Male,31-45,Hispanic,101457,589,4809,Employed,3,1
Female,46-60,White,92647,478,15095,Unemployed,0,0
Male,18-30,White,18834,783,11073,Employed,2,1
Male,18-30,Asian,97222,582,1237,Employed,1,1
Male,46-60,White,44889,665,3523,Unemployed,2,1
Female,60+,White,26841,475,35199,Employed,4,1
Female,46-60,White,137114,664,30615,Employed,3,1
Female,46-60,Hispanic,54269,762,36253,Employed,3,1
Female,18-30,Black,15986,390,16938,Employed,1,1
Female,18-30,Hispanic,34602,505,20032,Employed,3,1
Male,46-60,Black,100361,593,34898,Self-employed,2,1
Male,18-30,Black,24786,689,28699,Self-employed,2,1
Female,31-45,Hispanic,116196,700,15631,Employed,2,1
Male,18-30,Asian,19708,738,23542,Self-employed,2,1
Male,46-60,Hispanic,112996,615,38778,Unemployed,1,1
Male,31-45,White,42502,323,16960,Employed,3,1
Male,18-30,Hispanic,65129,734,43897,Self-employed,1,0
Female,60+,Asian,35710,314,17473,Employed,3,1
Female,31-45,White,131837,799,7280,Employed,4,1
Female,60+,White,30167,438,5278,Employed,2,1
Female,46-60,White,94689,812,37521,Employed,1,1
Male,18-30,Asian,70363,700,42861,Unemployed,2,0
Male,31-45,Asian,108425,609,49514,Employed,3,1
Male,46-60,Black,102574,402,29295,Employed,3,1
Male,46-60,Black,17741,800,4871,Employed,2,1
Male,46-60,White,103671,670,31497,Employed,4,1
Male,31-45,Asian,118514,815,20155,Employed,1,1
Female,31-45,Asian,134015,792,34656,Employed,4,1
Female,31-45,Hispanic,137315,727,45115,Employed,3,0
Female,60+,White,101164,423,22250,Employed,4,1
Male,18-30,Hispanic,61281,729,6735,Employed,1,1
Male,46-60,Black,119156,394,6894,Employed,0,1
Female,46-60,Asian,84953,356,6894,Employed,0,0
Female,31-45,Black,108372,310,31855,Employed,0,1
Female,31-45,Asian,69425,848,17624,Employed,2,1
Male,31-45,White,112759,563,4338,Unemployed,3,1
Female,46-60,Hispanic,72674,590,1099,Employed,2,0
Female,18-30,Asian,64989,440,46019,Employed,0,0
Male,31-45,Black,89193,560,22691,Self-employed,1,1
Female,31-45,Black,61541,575,960,Unemployed,3,1
Male,18-30,Hispanic,51953,725,418,Employed,2,1
Male,60+,Hispanic,46527,507,43491,Employed,4,1
Male,46-60,Black,40590,672,47340,Employed,4,1
Female,31-45,Hispanic,94993,651,1618,Employed,1,1
Male,46-60,White,103654,560,19991,Employed,2,1
Male,46-60,White,119267,434,29573,Employed,3,1
Male,18-30,White,78968,760,27119,Employed,0,1
Female,60+,Black,69720,321,30794,Unemployed,0,0
Female,31-45,Hispanic,100762,746,3964,Employed,3,1
Female,60+,Black,77368,429,41395,Employed,1,1
Female,60+,White,118805,659,8231,Unemployed,4,1
Male,31-45,Asian,120310,433,34555,Employed,1,1
Male,46-60,White,147869,510,1641,Self-employed,1,1
Male,18-30,White,107585,759,30797,Employed,3,1
Male,18-30,Asian,90870,788,7531,Employed,2,1
Female,60+,White,36924,655,6381,Employed,2,1
Male,46-60,Black,62335,592,14753,Employed,0,1
Male,60+,White,137563,787,35456,Unemployed,4,1
Female,31-45,Black,120433,607,6166,Self-employed,4,1
Male,46-60,Black,102966,820,42752,Employed,0,1
Female,18-30,Black,73154,846,5996,Unemployed,4,0
Female,60+,White,11213,595,9390,Unemployed,4,0
Female,18-30,Asian,74713,514,1563,Employed,2,1
Male,18-30,Black,56168,677,27105,Employed,4,1
Male,18-30,White,118147,307,49631,Unemployed,0,0
Male,18-30,Hispanic,35280,442,26198,Employed,3,1
Female,46-60,White,78313,669,1890,Employed,1,1
Female,18-30,White,15795,386,21531,Employed,1,1
Female,31-45,White,47388,540,18884,Employed,0,1
Female,46-60,Black,137762,414,42959,Employed,3,1
Male,46-60,Asian,51572,656,14995,Unemployed,1,1
Male,46-60,Hispanic,125446,311,18611,Employed,0,0
Female,18-30,Asian,39495,483,11967,Employed,3,1
Female,46-60,Asian,63980,637,19588,Employed,1,1
Female,18-30,White,89954,357,14011,Employed,0,1
Female,46-60,Black,102043,480,39096,Employed,0,1
Male,46-60,Asian,96359,477,48019,Unemployed,4,1
Male,60+,Black,32293,519,46788,Self-employed,1,0
Male,18-30,Black,61302,755,28610,Self-employed,2,1
Female,18-30,White,33378,553,9183,Unemployed,2,1
Male,31-45,Hispanic,87039,524,36824,Self-employed,0,1
Female,18-30,White,148993,761,9633,Employed,3,1
Male,60+,White,17841,800,41521,Employed,3,1
Female,18-30,White,98294,620,45513,Employed,0,1
Male,18-30,White,108144,614,8081,Self-employed,4,1
Male,60+,White,144083,646,40972,Self-employed,0,1
Male,18-30,White,78059,499,18837,Employed,2,1
Female,46-60,White,24105,757,646,Employed,4,1
Female,18-30,Hispanic,114080,575,44254,Unemployed,3,1
Female,60+,Asian,69295,490,17089,Employed,2,1
Female,31-45,White,15419,359,46890,Unemployed,3,0
Female,31-45,White,116305,400,22320,Unemployed,3,1
Male,46-60,White,88699,388,11843,Employed,2,1
Male,46-60,Hispanic,87040,352,47869,Employed,2,0
Male,46-60,White,143337,841,14638,Employed,3,1
Female,46-60,White,33003,389,31096,Employed,1,1
Female,18-30,Asian,93412,363,15175,Employed,4,1
Female,46-60,Hispanic,114687,617,14540,Employed,1,1
Male,31-45,White,139186,573,46783,Employed,1,1
Female,31-45,White,15369,437,17821,Employed,1,1
Male,46-60,Black,131375,497,4149,Employed,3,0
Female,60+,Black,84177,774,22813,Employed,1,0
Male,31-45,Black,23965,680,40687,Employed,3,0
Male,46-60,White,72149,354,41260,Self-employed,4,0
Male,18-30,Asian,103953,584,24080,Employed,0,1
Male,31-45,White,100774,722,31951,Employed,3,1
Male,60+,White,36036,480,4575,Unemployed,3,0
Female,60+,White,121989,706,44418,Employed,1,1
Male,31-45,White,39841,488,44992,Employed,1,1
Female,60+,White,115132,432,3416,Employed,2,1
Male,31-45,Black,67589,752,18334,Self-employed,3,1
Female,46-60,Asian,75715,541,11242,Self-employed,3,1
Female,46-60,White,40422,460,28154,Self-employed,3,0
Male,31-45,White,60241,697,17626,Employed,0,1
Male,31-45,Asian,87839,847,16711,Unemployed,2,1
Female,46-60,White,36035,833,4536,Unemployed,1,0
Male,18-30,Hispanic,45057,777,47058,Unemployed,2,1
Female,31-45,White,82683,748,18193,Self-employed,0,1
Male,46-60,Asian,63909,817,9078,Unemployed,0,1
Male,46-60,Black,124282,798,27564,Self-employed,1,0
Female,31-45,Asian,133431,843,22946,Unemployed,3,1
Male,60+,Black,144615,782,12066,Self-employed,3,1
Male,46-60,Asian,14760,551,17994,Employed,1,1
Female,46-60,Asian,36280,359,9124,Employed,1,1
Male,60+,White,127259,835,45259,Employed,1,1
Male,18-30,Hispanic,73462,635,13583,Self-employed,3,0
Male,18-30,Hispanic,10133,373,18748,Employed,4,1
Female,46-60,Hispanic,75261,695,8263,Employed,1,1
Female,60+,White,15507,795,11758,Employed,0,0
Male,18-30,White,84037,404,26688,Employed,3,1
Male,46-60,Black,14929,594,10565,Employed,2,1
Female,18-30,Black,70412,784,10310,Employed,1,1
Male,31-45,Asian,49287,608,32810,Employed,1,1
Female,46-60,White,96522,830,18752,Employed,2,1
Female,31-45,Hispanic,27237,621,39835,Employed,2,0
Female,31-45,Hispanic,106022,449,39744,Employed,0,1
Male,18-30,Hispanic,127580,806,27171,Employed,3,1
Female,46-60,White,31777,659,32929,Self-employed,3,1
Male,31-45,White,129558,559,38423,Employed,3,1
Male,31-45,White,87991,390,48099,Employed,0,1
Male,31-45,Hispanic,32083,619,18027,Unemployed,0,0
Female,46-60,White,96739,722,15207,Employed,4,1
Male,60+,Black,75901,681,43358,Unemployed,1,1
Female,18-30,Asian,15883,580,7588,Employed,2,1
Male,31-45,White,137817,371,25996,Employed,2,1
Female,46-60,White,127702,588,37662,Employed,2,1
Female,46-60,Asian,143286,332,30103,Unemployed,0,1
Male,46-60,White,37562,393,8130,Self-employed,1,1
Male,31-45,Asian,88331,826,37292,Employed,0,1
Male,18-30,Hispanic,100648,407,41633,Employed,4,1
Female,31-45,Hispanic,149090,615,48764,Self-employed,2,1
Female,18-30,Hispanic,84155,324,36613,Self-employed,3,0
Male,60+,White,29815,783,11703,Employed,1,1
Male,60+,White,95630,348,39266,Self-employed,4,1
Female,60+,White,67939,338,30220,Employed,3,1
Female,31-45,Black,146188,715,20729,Employed,3,1
Female,31-45,White,65133,371,24743,Unemployed,1,0
Male,18-30,White,133803,604,42954,Employed,2,1
Female,18-30,Hispanic,49590,392,25193,Employed,1,1
Female,46-60,Asian,100364,734,5565,Employed,3,0
Male,46-60,Hispanic,98688,777,37100,Employed,3,1
Male,18-30,Black,123388,412,2779,Unemployed,1,0
Male,46-60,Hispanic,142967,743,29123,Employed,2,1
Male,18-30,Hispanic,29481,725,37845,Unemployed,3,0
Male,46-60,Hispanic,33040,599,1461,Unemployed,1,0
Male,46-60,White,70204,305,26800,Unemployed,3,1
Male,31-45,White,138525,603,15908,Unemployed,0,1
Male,60+,White,94820,356,37905,Unemployed,0,0
Male,31-45,Asian,28112,623,22967,Self-employed,2,1
Male,31-45,Black,53405,560,14327,Self-employed,1,0
Female,31-45,White,106905,828,17130,Unemployed,3,1
Male,31-45,Hispanic,49095,448,2244,Unemployed,1,0
Female,46-60,White,101097,526,36363,Unemployed,3,1
Male,46-60,Hispanic,132754,462,38841,Employed,4,1
Female,60+,White,36200,607,37137,Unemployed,0,0
Female,31-45,Black,73537,447,7194,Employed,1,1
Male,31-45,Asian,11815,651,23918,Employed,2,1
Male,18-30,White,140866,581,42743,Unemployed,2,1
Male,18-30,Asian,51797,812,10458,Unemployed,3,1
Male,46-60,Hispanic,51537,742,47052,Unemployed,0,1
Female,31-45,White,136301,453,31297,Unemployed,4,1
Female,60+,White,107249,847,14360,Employed,3,1
Male,18-30,White,120931,818,25376,Employed,0,1
Female,60+,Black,26196,531,24791,Employed,2,0
Male,60+,Black,128414,307,1272,Employed,1,1
Male,31-45,Black,92977,705,34220,Unemployed,2,0
Female,18-30,White,42835,844,16192,Unemployed,4,1
Female,46-60,White,15652,598,28274,Employed,3,1
Female,60+,Hispanic,27694,535,24216,Self-employed,2,1
Male,46-60,White,89285,627,11761,Employed,1,1
Male,18-30,Black,107753,670,45748,Employed,2,0
Female,31-45,White,32097,813,13772,Employed,4,1
Female,60+,Black,114081,794,13500,Employed,0,1
Female,60+,Hispanic,84874,596,43169,Employed,1,1
Female,18-30,White,115273,319,3214,Employed,3,1
Female,60+,White,58304,637,37317,Employed,3,1
Female,18-30,White,122684,349,46929,Self-employed,2,1
Female,46-60,Asian,30839,307,24937,Self-employed,0,1
Male,46-60,White,29834,592,3739,Unemployed,2,0
Male,60+,White,91858,417,44522,Self-employed,3,0
Female,31-45,White,131131,353,31751,Employed,1,1
Male,46-60,White,114640,619,37815,Self-employed,2,1
Male,46-60,Hispanic,40380,651,11927,Unemployed,4,0
Male,18-30,Hispanic,21427,581,49419,Unemployed,4,1
Female,46-60,Hispanic,39350,730,10391,Employed,0,1
Male,46-60,White,117081,309,42624,Self-employed,0,1
Female,18-30,White,105518,441,46951,Employed,0,1
Female,31-45,Black,52759,504,28144,Employed,4,1
Female,18-30,White,49569,575,2041,Employed,1,1
Female,46-60,Asian,111136,707,22171,Employed,1,1
Male,18-30,White,85046,699,44167,Unemployed,3,1
Male,60+,White,116618,645,7760,Unemployed,1,1
Male,18-30,Black,65620,496,15475,Employed,4,1
Female,18-30,Hispanic,18979,473,41914,Employed,0,1
Male,60+,Black,92729,594,36978,Employed,3,1
Male,18-30,Black,46703,344,17773,Employed,4,0
Male,60+,White,103563,521,15464,Employed,0,1
Male,60+,Asian,138865,772,12833,Employed,4,1
Male,31-45,Asian,75380,701,12435,Self-employed,4,1
Female,18-30,Black,83114,436,25234,Employed,4,1
Male,18-30,White,72790,317,34415,Unemployed,3,1
Male,31-45,White,87071,747,21109,Self-employed,4,1
Female,46-60,White,124875,450,33992,Employed,4,0
Male,18-30,White,59280,439,12965,Employed,2,1
Female,31-45,Black,91874,374,1944,Employed,2,1
Female,18-30,Asian,98000,492,34784,Self-employed,0,0
Male,60+,Hispanic,32751,560,21802,Self-employed,4,1
Female,18-30,Hispanic,79001,754,29292,Employed,4,1
Female,46-60,Asian,134518,355,8717,Employed,4,0
Male,18-30,White,54088,509,43545,Employed,4,1
Male,46-60,White,11310,538,20190,Employed,4,1
Male,18-30,Black,61092,616,14008,Self-employed,2,0
Female,18-30,Black,67830,721,9340,Self-employed,0,1
Female,18-30,White,35212,687,9178,Unemployed,0,1
Male,60+,Hispanic,18281,724,34969,Employed,2,1
Female,31-45,Asian,34317,702,46989,Employed,2,0
Female,18-30,White,122228,668,49345,Unemployed,2,1
Male,31-45,White,143009,808,28229,Employed,4,1
Female,31-45,White,32061,495,8255,Employed,4,1
Female,31-45,Black,141040,317,47001,Employed,1,1
Male,46-60,Black,17805,468,7841,Employed,2,1
Male,46-60,White,123994,528,20278,Employed,3,1
Male,46-60,White,64265,480,47507,Self-employed,3,1
Male,60+,White,116850,839,16488,Employed,4,1
Female,60+,Asian,76999,700,15591,Employed,0,1
Female,60+,Black,51218,827,28067,Self-employed,3,1
Female,31-45,Black,77730,508,29883,Employed,1,0
Male,18-30,Asian,115795,710,12930,Unemployed,1,1
Female,46-60,Asian,90738,684,39864,Employed,0,0
Male,46-60,White,106930,334,29941,Self-employed,4,1
Male,18-30,Hispanic,111676,425,3171,Employed,0,1
Male,46-60,Black,52890,845,41882,Unemployed,3,1
Male,18-30,White,100578,454,7539,Employed,1,1
Male,60+,White,139133,704,20572,Employed,4,1
Male,31-45,Hispanic,108995,637,12088,Employed,1,1
Male,31-45,Hispanic,130915,740,17906,Employed,0,1
Female,60+,Asian,69348,724,8265,Self-employed,2,0
Male,46-60,Black,144346,765,40913,Employed,1,0
Male,60+,White,87455,794,12662,Employed,3,1
Female,31-45,Hispanic,88709,472,12064,Employed,4,0
Male,31-45,Asian,58372,306,40665,Employed,0,0
Male,46-60,Asian,43412,573,31826,Unemployed,1,1
Female,46-60,White,37623,772,19174,Employed,1,0
Female,60+,White,125731,843,29417,Employed,1,0
Female,60+,White,44650,620,25702,Employed,2,1
Female,18-30,White,108533,490,11768,Employed,3,1
Female,60+,White,56256,821,3457,Employed,1,1
Male,31-45,Black,108958,308,5785,Unemployed,0,0
Female,18-30,Hispanic,88382,767,22422,Employed,4,1
Male,31-45,Black,97205,708,497,Unemployed,3,1
Male,18-30,White,40602,775,31904,Employed,2,1
Female,46-60,White,34076,610,48155,Employed,4,1
Male,46-60,White,140931,699,45442,Employed,2,1
Male,46-60,Black,52371,703,2228,Unemployed,3,1
Male,31-45,Hispanic,34559,425,17980,Self-employed,1,1
Male,18-30,White,24895,833,29505,Unemployed,3,1
Male,46-60,Hispanic,85746,401,40826,Self-employed,4,1
Male,31-45,Black,100306,306,21759,Self-employed,0,0
Male,31-45,Hispanic,78198,495,22446,Employed,1,1
Male,46-60,Black,139836,399,10844,Employed,1,1
Male,18-30,Hispanic,74888,336,44845,Self-employed,3,1
Female,60+,Hispanic,124355,386,33566,Employed,4,1
Female,31-45,White,141527,480,38158,Employed,3,0
Female,31-45,White,12649,496,5513,Self-employed,0,0
Male,18-30,Asian,45762,659,16490,Unemployed,4,1
Female,46-60,White,58749,398,27127,Unemployed,3,1
Female,18-30,Hispanic,85104,666,755,Employed,0,1
Female,18-30,Black,147202,604,6241,Employed,0,1
Female,31-45,White,102792,709,29993,Unemployed,3,1
Male,18-30,Hispanic,56369,333,6247,Employed,2,0
Female,60+,White,34284,737,35000,Employed,4,1
Male,60+,White,67170,337,4040,Employed,0,1
Male,60+,Hispanic,40232,418,8717,Employed,1,1
Male,60+,White,120426,413,24659,Employed,0,1
Male,18-30,Asian,118902,669,47202,Employed,3,1
Female,46-60,Black,53150,357,24128,Employed,3,1
Female,31-45,White,114336,804,16911,Unemployed,2,1
Female,18-30,Hispanic,92944,786,12495,Employed,1,1
Female,31-45,White,82582,577,25257,Unemployed,4,0
Male,31-45,White,31586,837,1394,Employed,2,1
Female,60+,Black,131532,389,36504,Employed,0,0
Female,31-45,Hispanic,89312,732,34410,Unemployed,4,1
Female,31-45,Asian,88214,588,16206,Employed,4,1
Female,46-60,White,31741,322,10500,Employed,0,1
Female,18-30,Black,25007,450,40914,Unemployed,1,0
Male,60+,White,109366,838,8424,Unemployed,2,0
Female,31-45,White,108520,569,24458,Self-employed,1,1
Male,31-45,Asian,50229,662,8923,Employed,0,1
Male,31-45,White,56725,390,38123,Employed,4,1
Male,31-45,White,141560,664,43628,Employed,2,1
Male,46-60,Black,137426,531,43137,Self-employed,0,1
Male,46-60,Black,75964,609,46176,Unemployed,1,1
Female,46-60,Hispanic,66697,743,36244,Employed,0,1
Female,46-60,White,34090,816,37802,Employed,0,1
Female,46-60,Hispanic,41810,685,7207,Employed,2,1
Female,31-45,Black,106905,594,12240,Unemployed,4,1
Female,31-45,Asian,110213,835,48715,Employed,4,1
Male,46-60,Hispanic,66953,512,42664,Self-employed,3,0
Female,18-30,Asian,139917,336,26870,Self-employed,3,0
Female,31-45,White,71982,545,9438,Unemployed,4,0
Female,46-60,White,106258,305,40984,Unemployed,4,1
Female,60+,Black,23358,315,21686,Unemployed,0,1
Male,18-30,Hispanic,89378,531,48211,Employed,3,1
Male,18-30,White,36785,497,19326,Employed,3,1
Male,60+,Black,82637,513,3895,Self-employed,2,0
Male,31-45,White,61361,806,49323,Self-employed,3,1
Male,31-45,White,119799,656,7062,Self-employed,4,1
Male,46-60,White,142982,658,22085,Employed,0,1
Female,46-60,White,24191,678,7802,Employed,3,1
Male,60+,White,26182,358,37007,Employed,2,1
Female,46-60,Hispanic,147313,619,41154,Employed,2,1
Male,46-60,White,36834,754,46064,Employed,2,1
Female,31-45,White,97366,592,27610,Self-employed,1,1
Male,31-45,White,119498,529,16522,Employed,0,1
Male,46-60,Black,145637,516,16258,Employed,2,1
Male,31-45,Black,49460,478,3734,Self-employed,4,0
Male,60+,Hispanic,36626,533,27885,Unemployed,4,0
Male,60+,White,80818,678,18022,Unemployed,4,1
Male,60+,Black,77801,722,48208,Employed,3,1
Male,31-45,Hispanic,148175,467,27135,Employed,4,1
Male,31-45,Hispanic,33143,750,31689,Self-employed,0,1
Female,46-60,White,81018,406,11737,Self-employed,4,1
Male,46-60,Black,116669,490,32999,Employed,3,1
Male,31-45,Hispanic,38804,608,6553,Employed,4,1
Male,31-45,Hispanic,108741,804,21555,Employed,1,1
Female,46-60,Asian,12224,666,1595,Self-employed,0,1
Female,46-60,White,140984,470,4447,Employed,2,1
Male,60+,White,33566,486,32090,Self-employed,4,1
Female,18-30,Black,34207,318,15548,Employed,3,1
Female,46-60,White,132074,698,21077,Employed,0,1
Female,60+,White,114448,462,20261,Employed,4,1
Male,31-45,Black,71690,501,39890,Employed,1,1
Female,31-45,White,131226,633,11015,Employed,2,0
Female,18-30,Black,127414,496,41598,Self-employed,3,0
Female,18-30,Black,42422,409,11172,Employed,4,1
Male,31-45,Hispanic,51929,522,40737,Self-employed,4,1
Male,60+,Asian,76547,805,44188,Employed,1,1
Male,60+,White,75224,519,32442,Employed,3,1
Male,46-60,Black,55512,631,6946,Self-employed,0,1
Male,60+,Hispanic,37930,490,26617,Self-employed,3,1
Female,31-45,White,17782,738,6504,Employed,2,1
Male,46-60,Asian,50372,399,7767,Self-employed,1,1
Male,60+,White,10607,318,10671,Self-employed,2,1
Male,46-60,Black,137056,458,18238,Employed,4,0
Female,60+,White,124605,813,44398,Self-employed,1,0
Male,60+,Black,93853,564,21647,Employed,3,1
Male,31-45,White,26158,658,38768,Employed,1,1
Female,18-30,White,87956,429,32576,Employed,0,1
Female,46-60,White,79403,453,1149,Employed,3,1
Male,46-60,White,24108,513,31266,Employed,3,1
Male,60+,Hispanic,143023,440,14532,Employed,2,1
Female,60+,White,69277,509,44234,Employed,0,1
Male,60+,White,86546,710,31960,Unemployed,0,1
Female,18-30,Asian,52232,499,43123,Unemployed,0,1
Female,60+,Black,78550,600,711,Self-employed,2,1
Female,46-60,Black,34283,801,7100,Self-employed,1,1
Female,46-60,Hispanic,47852,793,21222,Employed,4,0
Male,31-45,Hispanic,41649,341,25154,Employed,1,1
Male,46-60,Hispanic,52509,600,3611,Unemployed,1,1
Male,60+,White,123068,300,15451,Employed,3,0
Female,60+,Hispanic,138869,483,36684,Self-employed,1,1
Male,18-30,White,142248,818,36280,Employed,3,1
Male,46-60,White,145200,562,47109,Employed,2,1
Female,60+,Black,83514,816,1283,Unemployed,4,1
Female,46-60,White,75978,734,12659,Employed,0,1
Male,46-60,White,43919,811,28257,Employed,1,1
Female,31-45,Black,40631,350,4583,Employed,1,1
Female,46-60,White,114833,595,15528,Employed,3,0
Female,46-60,Hispanic,138734,371,4975,Self-employed,0,1
Female,31-45,Hispanic,51221,638,17482,Employed,0,1
Female,46-60,Asian,132309,357,31518,Self-employed,1,1
Male,18-30,White,114505,775,36927,Employed,2,1
Female,31-45,Asian,27761,324,13501,Employed,4,1
Male,46-60,White,41460,804,26403,Employed,0,1
Male,31-45,Hispanic,132758,460,31731,Unemployed,2,0
Male,46-60,White,46014,849,49533,Self-employed,1,1
Female,18-30,Black,138989,842,1035,Employed,0,1
Male,18-30,Black,104082,562,24151,Self-employed,0,1
Female,46-60,White,103518,485,40162,Unemployed,2,0
Female,18-30,White,100910,713,12805,Employed,0,1
Male,60+,White,110246,687,15297,Unemployed,2,1
Female,31-45,Black,80862,580,46905,Employed,2,0
Female,31-45,Hispanic,136425,489,5139,Employed,2,1
Female,18-30,White,87290,796,27768,Employed,1,1
Female,18-30,White,13248,556,10089,Employed,1,0
Female,18-30,White,18540,634,7691,Unemployed,4,0
Male,18-30,White,136319,591,27145,Employed,1,1
Male,46-60,Hispanic,15650,633,40751,Employed,2,1
Female,46-60,White,43864,594,35686,Employed,0,1
Male,60+,White,54575,821,3454,Employed,4,1
Male,31-45,Black,95437,804,24066,Employed,4,1
Male,46-60,Hispanic,38987,797,6192,Unemployed,0,1
Male,60+,Black,58180,301,27603,Unemployed,1,0
Female,60+,Black,142518,559,8941,Self-employed,4,1
Male,18-30,Black,132037,592,17574,Employed,0,1
Female,31-45,Hispanic,85670,419,46074,Employed,1,1
Female,46-60,Hispanic,146120,447,19386,Self-employed,2,1
Male,46-60,Hispanic,37608,701,45634,Employed,3,1
Male,60+,Hispanic,143283,500,16110,Employed,2,1
Female,31-45,Hispanic,140146,445,49813,Self-employed,4,0
Male,46-60,Hispanic,125835,329,15411,Unemployed,1,1
Male,31-45,Hispanic,54946,347,6110,Employed,3,1
Female,18-30,White,139556,389,9482,Employed,1,1
Male,31-45,Asian,131427,470,17089,Unemployed,4,1
Male,46-60,White,102622,841,35515,Unemployed,3,0
Female,18-30,White,50363,711,17687,Employed,2,1
Female,46-60,Asian,110511,836,11782,Employed,4,1
Male,31-45,White,96843,547,24646,Unemployed,4,1
Male,31-45,Hispanic,120318,543,16947,Self-employed,0,1
Male,60+,Black,117909,375,46423,Self-employed,0,1
Female,46-60,White,103153,666,48626,Self-employed,3,0
Male,31-45,White,12292,423,42547,Self-employed,2,0
Male,60+,Black,109690,625,47086,Self-employed,2,1
Female,31-45,White,48758,490,26324,Unemployed,1,1
Female,18-30,Black,86549,607,14800,Employed,0,1
Male,31-45,White,35014,685,39967,Employed,3,1
Male,31-45,Black,38353,522,8619,Self-employed,0,0
Female,31-45,Black,90046,433,18738,Employed,4,1
Female,46-60,Black,133949,365,11872,Self-employed,2,0
Female,18-30,Black,41591,361,31696,Employed,3,0
Male,31-45,Black,149212,773,33751,Employed,2,0
Female,60+,Hispanic,28969,680,8949,Employed,4,1
Female,18-30,White,126483,466,19574,Employed,4,1
Male,31-45,Black,56275,512,42021,Employed,1,1
Female,46-60,White,41084,771,33520,Employed,1,1
Male,18-30,Black,96196,442,4259,Employed,3,1
Female,60+,Hispanic,38700,717,21941,Self-employed,4,0
Female,18-30,White,97926,503,42008,Self-employed,1,1
Male,31-45,White,106535,329,27546,Self-employed,4,1
Female,60+,White,56145,824,3045,Employed,1,0
Male,46-60,Black,60359,839,4682,Self-employed,0,1
Female,18-30,Asian,121625,380,8220,Self-employed,2,0
Male,31-45,White,124790,753,33507,Employed,4,1
Female,31-45,White,143828,505,32794,Unemployed,3,0
Male,60+,White,87331,678,19270,Unemployed,3,1
Male,46-60,Hispanic,71378,805,29185,Self-employed,3,1
Male,60+,Black,87818,451,3592,Unemployed,2,1
Male,18-30,White,46261,453,9838,Employed,4,1
Male,18-30,White,113523,356,47021,Employed,3,1
Female,60+,Hispanic,87455,346,16786,Unemployed,2,0
Female,46-60,Black,77647,403,13819,Employed,0,1
Male,18-30,Asian,10092,533,9486,Employed,0,1
Female,18-30,Black,73003,465,15617,Employed,2,1
Female,46-60,Asian,109881,672,3888,Employed,1,1
Male,18-30,Black,126222,484,40845,Employed,2,1
Female,18-30,White,116695,356,22161,Employed,4,0
Female,31-45,White,124358,770,27721,Employed,1,1
Female,60+,White,130283,797,21253,Employed,4,1
Male,60+,White,78347,408,40414,Employed,3,1
Male,18-30,Hispanic,78364,435,8212,Self-employed,0,1
Male,31-45,Black,33008,628,38438,Self-employed,1,1
Female,31-45,White,132960,436,32305,Self-employed,4,1
Male,46-60,Black,115135,786,29281,Employed,4,1
Male,60+,Asian,103295,511,31942,Employed,1,1
Female,60+,White,26596,356,18752,Employed,0,1
Male,31-45,Hispanic,72764,761,6801,Employed,4,0
Female,31-45,Hispanic,69983,516,21282,Employed,4,1
Male,31-45,Black,130307,425,38250,Self-employed,3,1
Female,18-30,Asian,128558,701,34370,Employed,0,1
Female,46-60,Asian,86395,416,45632,Employed,2,1
Female,46-60,Hispanic,108255,537,9346,Employed,1,1
Male,60+,White,64190,794,11278,Employed,0,1
Female,46-60,White,44200,834,27002,Unemployed,0,1
Male,31-45,White,115465,657,29069,Unemployed,3,1
Male,60+,White,81551,826,16932,Unemployed,1,0
Male,60+,White,106197,529,22005,Employed,2,1
Female,60+,White,106476,759,29968,Unemployed,3,1
Female,31-45,White,129914,397,15474,Employed,0,0
Male,31-45,White,79640,675,18703,Employed,2,1
Male,31-45,Asian,132560,616,31004,Employed,3,1
Female,31-45,Asian,45649,404,3986,Employed,2,1
Female,46-60,Asian,11392,613,34007,Self-employed,0,1
Female,46-60,Hispanic,116851,603,40979,Employed,3,1
Male,60+,Hispanic,27674,635,20315,Employed,4,1
Male,31-45,Asian,85921,311,5782,Unemployed,2,0
Male,18-30,White,112433,459,1395,Unemployed,0,0
Male,46-60,Black,79893,705,5502,Employed,3,1
Male,60+,Black,13067,387,23367,Employed,2,1
Male,31-45,Black,88616,617,37998,Employed,0,1
Female,46-60,White,31959,355,34186,Unemployed,2,1
Male,31-45,Asian,27145,790,9916,Employed,2,1
Male,18-30,White,32126,343,33552,Employed,4,1
Female,31-45,White,110717,824,28530,Unemployed,1,0
Male,18-30,Hispanic,33861,752,17680,Employed,3,1
Female,46-60,Asian,130730,804,7525,Unemployed,1,1
Female,18-30,Asian,62701,759,15146,Self-employed,4,1
Male,60+,Hispanic,145518,795,34713,Employed,4,1
Male,60+,White,74049,841,38039,Self-employed,3,1
Male,31-45,Hispanic,67497,663,22977,Employed,2,1
Female,31-45,Hispanic,25339,811,22817,Employed,2,1
Male,60+,White,68398,662,44784,Employed,0,1
Male,31-45,White,120174,689,49239,Employed,2,1
Male,18-30,Hispanic,43442,744,3312,Employed,2,1
Female,46-60,White,62964,501,22271,Employed,0,1
Male,60+,White,110165,827,27869,Self-employed,1,1
Female,18-30,Asian,14412,752,16697,Employed,4,1
Female,60+,Asian,11873,663,40059,Self-employed,4,0
Female,31-45,Hispanic,34245,752,14165,Employed,2,1
Female,18-30,White,123589,337,381,Employed,0,1
Male,31-45,Hispanic,146607,831,21759,Employed,2,1
Female,31-45,Black,98782,670,3327,Employed,3,1
Female,31-45,White,49705,777,12785,Employed,0,1
Female,60+,White,72302,343,2131,Employed,1,1
Female,46-60,Asian,24850,811,26823,Unemployed,1,0
Female,60+,White,135539,766,35457,Employed,2,1
Female,46-60,White,120555,743,19671,Employed,0,1
Female,31-45,Black,29065,412,5839,Self-employed,3,0
Female,60+,Hispanic,121650,364,48575,Employed,4,1
Female,60+,Hispanic,144169,644,24527,Employed,0,1
Male,31-45,White,31702,768,40577,Self-employed,3,1
Male,31-45,White,102609,363,1786,Employed,2,1
Male,60+,White,99884,673,34543,Self-employed,1,1
Male,46-60,Asian,59390,722,8195,Self-employed,4,1
Male,31-45,Black,38515,575,27145,Employed,1,1
Female,46-60,White,21461,849,11030,Unemployed,3,1
Male,18-30,White,83554,413,3145,Employed,4,1
Female,46-60,White,105878,522,47582,Self-employed,3,1
Male,18-30,Black,90684,845,21977,Employed,1,0
Female,18-30,White,80047,374,1818,Self-employed,0,1
Female,31-45,Asian,129767,582,25179,Employed,1,1
Male,31-45,White,11960,796,4564,Employed,2,1
Female,31-45,Asian,133180,745,30797,Employed,2,0
Female,31-45,Hispanic,94995,813,42758,Self-employed,3,1
Male,46-60,Asian,54297,473,11302,Self-employed,2,1
Male,46-60,White,84208,532,13509,Unemployed,0,1
Female,31-45,White,33011,482,2850,Employed,0,1
Female,18-30,Hispanic,60790,404,9615,Employed,4,1
Male,31-45,White,93119,580,37529,Employed,2,1
Female,60+,White,91073,483,17340,Employed,3,0
Male,46-60,White,111142,506,37224,Employed,1,1
Male,46-60,Asian,120888,493,5017,Employed,0,0
Male,18-30,Hispanic,30946,321,31244,Unemployed,4,1
Female,18-30,White,92667,553,41076,Employed,3,1
Female,18-30,Black,21149,373,18375,Self-employed,0,1
Male,18-30,White,126080,843,6074,Employed,0,1
Male,46-60,Black,43172,358,9897,Employed,3,1
Male,18-30,Asian,96010,783,655,Employed,4,1
Female,18-30,White,149277,685,24497,Self-employed,0,1
Female,18-30,White,104371,789,48802,Employed,3,0
Male,60+,White,137573,331,17530,Unemployed,3,0
Female,60+,Asian,25344,655,23445,Employed,4,1
Male,46-60,White,99932,712,9158,Employed,0,1
Female,46-60,White,139530,594,2527,Self-employed,2,1
Female,18-30,White,80608,469,23130,Employed,3,1
Female,46-60,Hispanic,109205,758,11601,Unemployed,3,0
Male,60+,White,146647,419,36520,Employed,0,1
Male,31-45,White,72103,783,17653,Unemployed,4,1
Female,18-30,Black,74963,838,24878,Employed,4,0
Female,18-30,White,59218,774,42634,Self-employed,0,1
Female,46-60,Black,105033,556,19831,Employed,4,0
Female,46-60,White,72298,359,32754,Employed,0,1
Female,60+,Hispanic,50404,307,20838,Employed,2,1
Male,18-30,Hispanic,96803,687,29427,Employed,1,1
Female,46-60,Hispanic,114514,394,7942,Employed,4,1
Female,18-30,White,57399,553,30270,Unemployed,3,1
Male,46-60,White,143091,740,16110,Self-employed,3,1
Female,60+,Hispanic,38797,631,13165,Employed,0,1
Male,31-45,Asian,132880,380,34576,Employed,0,1
Male,31-45,Hispanic,128045,525,12529,Self-employed,3,1
Male,31-45,Asian,47148,731,20857,Unemployed,4,1
Female,18-30,White,29458,695,3130,Employed,0,1
Male,60+,White,27643,596,23269,Self-employed,0,1
Female,31-45,Black,136556,517,14372,Employed,0,1
Female,31-45,White,27348,717,46773,Unemployed,1,0
Female,31-45,Hispanic,12091,504,33251,Self-employed,3,1
Male,46-60,White,17756,622,26731,Self-employed,0,1
Male,31-45,Black,118103,358,6254,Unemployed,2,0
Female,46-60,Asian,94902,488,28623,Employed,4,0
Female,31-45,White,111647,593,40697,Employed,2,0
Male,46-60,Black,38653,795,2571,Employed,0,1
Female,18-30,White,18435,614,38664,Employed,3,0
Male,60+,White,121203,355,35306,Employed,4,1
Female,18-30,Black,60239,782,35815,Self-employed,1,0
Female,31-45,White,23315,547,2847,Employed,1,1
Male,60+,Asian,81284,714,37102,Employed,3,1
Male,60+,White,114825,656,28241,Employed,2,1
Female,31-45,Hispanic,139143,782,38840,Employed,0,1
Male,18-30,White,86430,305,12759,Employed,2,1
Female,46-60,Hispanic,132067,848,26503,Self-employed,1,0
Male,46-60,White,66658,792,28266,Employed,3,1
Male,31-45,White,71250,471,32928,Self-employed,2,1
Male,46-60,White,39371,565,28833,Employed,4,1
Male,31-45,Asian,119087,675,49127,Employed,2,1
Female,46-60,White,73197,403,28288,Employed,2,1
Male,31-45,Black,140080,368,35228,Employed,2,0
Male,18-30,White,70514,488,21636,Employed,1,1
Male,46-60,Black,82960,637,2580,Unemployed,0,1
Female,18-30,White,94544,586,37946,Unemployed,3,1
Male,46-60,Black,102313,587,14199,Employed,4,1
Male,31-45,Hispanic,111290,448,21085,Employed,0,1
Female,60+,White,91434,820,17171,Self-employed,1,0
Male,31-45,Hispanic,102981,386,47063,Employed,1,1
Female,31-45,White,65341,386,14378,Employed,0,1
Male,18-30,White,41000,674,16615,Employed,1,1
Male,46-60,Black,121634,570,14653,Employed,1,0
Male,18-30,White,54680,607,13057,Employed,3,1
Male,31-45,Asian,139262,538,8009,Unemployed,0,1
Female,18-30,White,109229,660,28458,Employed,1,1
Female,18-30,Hispanic,80060,337,42781,Employed,2,1
Female,31-45,Black,25030,507,33764,Employed,1,1
Female,46-60,White,33690,837,39426,Employed,1,1
Male,60+,Black,112288,741,12898,Self-employed,4,1
Female,46-60,White,25844,600,32384,Employed,1,1
Female,18-30,White,16969,590,44672,Employed,0,1
Male,60+,White,71165,344,42723,Employed,4,1
Male,31-45,Black,59249,527,14987,Unemployed,0,0
Male,18-30,Hispanic,13705,750,14136,Unemployed,4,0
Female,31-45,Hispanic,114421,667,32651,Employed,4,1
Male,60+,Hispanic,41042,562,32713,Employed,4,1
Male,18-30,White,122388,482,36757,Self-employed,3,1
Male,46-60,Black,113969,440,15698,Employed,4,1
Female,18-30,Black,38978,689,6506,Employed,3,0
Male,18-30,Black,32697,647,30156,Employed,2,1
Female,31-45,White,112186,379,23155,Unemployed,1,1
Female,31-45,White,130136,322,37798,Employed,4,1
Male,18-30,Hispanic,140882,617,35667,Employed,2,1
Female,46-60,White,148562,794,27569,Employed,0,1
Male,46-60,Hispanic,145870,510,30435,Self-employed,1,1
Male,60+,Hispanic,147082,632,2669,Employed,2,0
Male,18-30,Asian,19531,512,36846,Self-employed,3,1
Female,46-60,White,27274,426,29627,Employed,4,1
Male,31-45,Black,149313,499,2467,Unemployed,0,1
Female,31-45,Black,57743,844,45401,Employed,4,1
Female,60+,Asian,120662,826,10711,Unemployed,1,1
Male,46-60,White,95648,543,36797,Employed,0,0
Male,60+,Black,113406,306,32334,Unemployed,4,0
Male,60+,Hispanic,75054,363,48953,Employed,4,1
Female,18-30,Asian,107690,703,46247,Employed,4,1
Male,18-30,White,73333,418,35195,Employed,3,1
Female,31-45,White,15231,834,98,Employed,1,1
Female,46-60,Black,122473,506,31187,Unemployed,0,1
Male,46-60,White,43937,690,45374,Self-employed,1,1
Male,18-30,White,77179,814,22292,Self-employed,1,1
Male,31-45,White,75608,393,37729,Employed,2,1
Female,60+,Black,91499,741,22083,Employed,1,0
Male,46-60,White,78566,838,45575,Self-employed,2,1
Male,31-45,Black,43817,407,46481,Self-employed,4,0
Male,31-45,Hispanic,36735,555,38294,Employed,4,1
Female,31-45,Black,55151,825,31057,Self-employed,0,1
Female,46-60,White,119367,484,17444,Employed,1,1
Female,60+,Black,106090,664,24655,Employed,2,1
Male,60+,White,51710,418,38617,Self-employed,2,1
Male,31-45,Hispanic,37971,667,8409,Self-employed,4,0
Male,31-45,White,23565,554,25681,Employed,3,1
Female,46-60,Black,59098,372,15026,Unemployed,2,1
Female,18-30,White,88945,665,9506,Unemployed,3,0
Female,46-60,White,43420,457,22547,Self-employed,0,1
Male,31-45,Asian,30288,380,26746,Employed,4,0
Female,46-60,Black,74316,353,44819,Self-employed,3,1
Female,46-60,Asian,94442,523,24479,Employed,1,1
Male,46-60,Asian,24169,638,25674,Employed,2,1
Male,46-60,White,147870,356,8766,Self-employed,4,1
Female,18-30,Asian,43599,303,40524,Unemployed,4,1
Female,46-60,Black,61878,337,8545,Employed,1,1
Female,60+,Black,149904,613,45836,Employed,2,1
Male,60+,White,89555,330,15859,Employed,4,1
Female,46-60,White,135095,704,36827,Employed,2,1
Female,46-60,White,133906,622,25926,Self-employed,1,1
Female,31-45,Black,18703,325,29024,Self-employed,2,0
Female,31-45,White,64416,327,18517,Self-employed,2,1
Male,31-45,White,108473,663,29534,Employed,4,1
Female,46-60,Black,89775,440,41383,Employed,3,1
Female,18-30,White,75461,492,37829,Employed,4,1
Female,60+,Black,28792,530,33767,Unemployed,1,0
Female,31-45,White,46266,849,21306,Employed,1,1
Female,60+,White,82940,768,21916,Employed,0,1
Male,46-60,Hispanic,60183,371,36765,Employed,1,1
Male,18-30,Hispanic,148274,837,43810,Self-employed,0,0
Male,46-60,White,86516,391,25069,Unemployed,1,1
Male,31-45,White,39466,508,1206,Employed,4,1
Female,18-30,White,66668,360,9540,Employed,2,0
Male,31-45,White,68952,320,169,Self-employed,3,1
Male,31-45,White,114336,391,28459,Employed,1,1
Female,18-30,Hispanic,24741,844,2418,Unemployed,2,1
Female,18-30,White,133964,522,6350,Employed,0,1
Female,46-60,Hispanic,37088,823,9409,Employed,4,1
Female,46-60,Asian,60681,614,38582,Employed,1,1
Male,31-45,Black,55797,345,44062,Unemployed,3,0
Female,31-45,Hispanic,65184,780,34464,Unemployed,4,1
Female,31-45,Hispanic,46290,393,29664,Employed,3,1
Female,46-60,White,37808,561,4749,Employed,1,1
Female,60+,Black,87622,584,45044,Unemployed,0,1
Female,46-60,Hispanic,136759,480,10461,Employed,4,0
Female,46-60,White,93216,544,7265,Self-employed,4,0
Female,18-30,Hispanic,141616,462,37102,Employed,2,0
Female,31-45,Black,58550,837,22960,Employed,2,1
Male,31-45,Black,92922,578,28679,Employed,3,1
Male,31-45,White,110720,720,42544,Employed,4,1
Female,18-30,Asian,32680,450,18575,Employed,0,1
Female,46-60,White,143549,593,7658,Self-employed,1,1
Male,60+,White,80495,606,5536,Self-employed,2,0
Female,46-60,White,67477,662,24038,Employed,3,1
Female,46-60,White,36973,533,22530,Employed,3,1
Male,18-30,Hispanic,99121,829,10981,Employed,1,1
Male,31-45,White,16795,521,14253,Employed,4,0
Male,46-60,Black,19845,382,4121,Employed,4,1
Male,31-45,Black,44805,363,29322,Employed,4,0
Male,46-60,White,99649,726,47392,Self-employed,3,1
Male,46-60,White,10741,300,29396,Self-employed,0,1
Female,31-45,Black,106148,472,15702,Self-employed,2,1
Female,60+,Black,37181,751,23463,Employed,4,1
Male,31-45,White,62006,464,212,Self-employed,0,1
Female,31-45,White,17226,403,7462,Employed,1,1
Female,18-30,Hispanic,122392,796,6602,Employed,1,1
Male,46-60,Hispanic,146140,788,12752,Unemployed,1,1
Female,31-45,White,118007,420,880,Self-employed,3,1
Female,46-60,Black,26844,593,45609,Employed,4,1
Female,18-30,White,119924,577,34944,Employed,1,1
Male,60+,Asian,75645,512,21826,Unemployed,3,1
Male,18-30,Black,65186,769,6084,Employed,2,1
Female,46-60,Hispanic,129648,414,4817,Employed,0,1
Female,31-45,White,87641,462,47213,Unemployed,0,1
Male,46-60,White,87645,648,45493,Self-employed,2,1
Male,31-45,White,114138,489,37996,Employed,1,1
Female,18-30,Black,74276,572,32687,Employed,3,1
Female,31-45,Asian,32638,363,40979,Self-employed,0,1
Male,46-60,White,81462,807,43905,Unemployed,3,0
Male,31-45,White,114550,834,33415,Unemployed,0,1
Female,60+,White,118058,710,6977,Employed,1,1
Female,60+,Hispanic,30924,703,20595,Self-employed,1,1
Male,31-45,White,11613,465,18684,Self-employed,4,1
Female,60+,Asian,109761,613,24820,Unemployed,1,1
Male,46-60,Hispanic,111257,753,4215,Unemployed,4,1
Male,46-60,White,69231,737,41161,Employed,1,1
Male,46-60,Asian,122138,517,47554,Employed,3,1
Male,18-30,White,124801,493,31531,Employed,4,1
Female,60+,Asian,138313,427,32129,Self-employed,4,0
Female,60+,White,38541,751,47215,Unemployed,3,1
Female,31-45,White,49715,393,26162,Employed,2,1
Male,18-30,Black,16336,745,25108,Employed,0,1
Female,31-45,Black,32217,817,7887,Unemployed,1,0
Female,31-45,Black,120493,748,12111,Unemployed,0,1
Male,31-45,White,60425,405,28860,Unemployed,1,0
Female,46-60,White,75360,386,13121,Self-employed,4,1
Female,18-30,Asian,28921,548,36879,Unemployed,2,0
Male,46-60,White,33255,515,29967,Self-employed,4,1
Male,46-60,White,33881,568,11506,Self-employed,3,1
Male,18-30,White,78569,752,438,Employed,4,1
Female,60+,White,69011,702,13703,Employed,1,0
Female,31-45,White,51923,765,622,Employed,3,0
Male,31-45,White,58218,375,48922,Self-employed,1,1
Male,60+,White,116702,409,28163,Employed,0,1
Female,18-30,White,34862,758,16820,Unemployed,1,1
Female,46-60,White,126137,816,27295,Unemployed,2,1
Female,60+,Black,107725,422,17236,Unemployed,1,0
Female,46-60,White,54468,755,8973,Employed,2,1
Female,18-30,Hispanic,76416,586,17650,Employed,4,1
Male,31-45,White,27814,739,8305,Unemployed,4,1
Male,46-60,Black,36946,825,41586,Self-employed,1,1
Female,18-30,White,148886,322,19268,Employed,0,1
Female,31-45,White,42962,626,9687,Employed,0,1
Female,60+,Asian,34601,320,15965,Unemployed,2,0
Male,46-60,Black,129617,751,16611,Employed,1,0
Female,60+,Asian,148678,404,852,Employed,2,1
Male,31-45,White,95045,374,42973,Employed,4,1
Male,46-60,Hispanic,60526,323,8983,Employed,1,0
Female,18-30,White,81557,436,2134,Self-employed,1,1
Male,46-60,Hispanic,84719,764,45855,Employed,1,1
Male,60+,Hispanic,107326,448,19673,Employed,2,0
Male,60+,White,53551,778,26681,Employed,1,1
Female,18-30,White,25743,380,43703,Employed,3,1
Female,18-30,Black,92805,704,12563,Employed,2,0
Female,18-30,Asian,113358,471,25313,Self-employed,0,0
Male,46-60,White,104994,680,25217,Employed,0,1
Male,60+,Black,71048,847,47688,Self-employed,3,1
Male,31-45,White,24500,525,22542,Employed,0,1
Male,18-30,White,116963,591,25280,Employed,1,1
Male,31-45,Black,128413,454,41390,Employed,4,1
Female,60+,Hispanic,137513,803,25896,Employed,0,1
Male,31-45,Asian,98372,620,27813,Unemployed,2,1
Male,18-30,Black,99541,508,35055,Unemployed,0,1
Female,31-45,White,55833,343,24696,Self-employed,3,0
Male,31-45,Black,124691,500,10289,Employed,1,0
Female,31-45,Black,103301,509,23827,Employed,0,1
Male,46-60,White,26918,649,11861,Unemployed,1,1
Female,46-60,White,72538,803,26128,Employed,3,1
Female,31-45,White,108183,533,47165,Employed,0,1
Male,18-30,White,96730,795,25393,Employed,3,1
Female,18-30,White,75237,363,40769,Employed,1,1
Male,46-60,White,50514,655,36926,Self-employed,4,1
Female,31-45,White,115186,538,15182,Employed,4,1
Female,31-45,White,12693,305,9584,Unemployed,2,0
Male,31-45,White,56245,408,49068,Employed,1,1
Male,18-30,White,69883,749,21152,Employed,0,1
Male,60+,Hispanic,20984,706,42627,Employed,3,0
Female,46-60,White,12700,559,6848,Employed,3,1
Female,60+,White,51850,789,36744,Unemployed,1,1
Male,60+,White,29676,802,10439,Employed,4,1
Female,46-60,White,64813,318,32747,Employed,3,1
Female,18-30,Black,99510,541,41575,Employed,2,1
Male,31-45,Black,118499,624,8521,Employed,1,1
Male,46-60,Black,137506,403,2936,Employed,0,1
Female,60+,Black,111153,434,22166,Employed,3,1
Male,18-30,White,99511,671,41161,Unemployed,0,1
Female,46-60,Asian,132115,305,35690,Employed,4,0
Female,46-60,White,43420,791,2525,Employed,4,1
Female,60+,White,46925,722,10999,Employed,0,1
Male,18-30,Black,65434,306,12158,Unemployed,3,0
Male,31-45,Asian,11135,731,38400,Unemployed,4,1
Male,60+,White,112547,774,4975,Employed,3,1
Male,31-45,Hispanic,74865,844,14223,Self-employed,3,1
Female,18-30,White,39319,485,45893,Employed,4,1
Male,46-60,White,87367,722,24978,Unemployed,3,0
Male,60+,White,46630,815,49520,Employed,2,1
Female,18-30,White,98635,807,16976,Employed,4,1
Male,31-45,Black,45126,368,26683,Employed,0,1
Male,46-60,Asian,137053,728,47422,Unemployed,2,1
Female,46-60,Asian,137992,755,1072,Employed,0,1
Male,46-60,Black,108453,459,40266,Unemployed,4,0
Female,46-60,Hispanic,142505,635,32226,Employed,1,1
Male,18-30,White,107546,697,6203,Unemployed,3,1
Male,46-60,Black,112545,731,29211,Employed,2,1
Male,31-45,Hispanic,11333,369,588,Self-employed,3,1
Male,18-30,White,55962,427,33411,Employed,2,1
Male,46-60,White,80305,698,14515,Employed,1,1
Female,60+,White,38609,310,45647,Employed,1,1
Female,18-30,White,123873,572,34101,Self-employed,4,1
Female,31-45,White,41115,714,30676,Employed,0,1
Female,31-45,White,132132,813,29199,Employed,2,1
Male,46-60,White,88546,834,22867,Self-employed,0,1
Male,60+,White,36435,848,35581,Employed,1,1
Male,31-45,Asian,15581,517,3941,Employed,3,1
Female,46-60,Hispanic,71359,518,27300,Employed,3,0
Male,31-45,Asian,129513,824,6230,Self-employed,4,1
Male,46-60,Hispanic,72672,670,46765,Employed,3,1
Male,31-45,White,106915,771,22453,Employed,3,1
Male,18-30,Hispanic,99713,828,21538,Employed,1,1
Male,18-30,White,40042,594,27830,Self-employed,2,0
Male,18-30,White,38034,399,4741,Unemployed,4,1
Female,18-30,White,85896,527,12414,Unemployed,0,1
Female,18-30,Black,135836,624,40681,Employed,0,1
Female,46-60,Hispanic,80732,557,17913,Employed,1,0
Female,18-30,White,57513,678,28674,Employed,0,1
Male,46-60,White,29106,417,1580,Self-employed,3,1
Male,31-45,White,30873,457,45134,Employed,3,1
Male,60+,White,31256,597,1021,Employed,3,0
Male,60+,White,103557,473,45768,Self-employed,3,1
Male,46-60,White,146185,634,21601,Unemployed,1,1
Female,46-60,Hispanic,47514,446,26648,Employed,3,1
Male,18-30,Hispanic,147974,818,11344,Unemployed,3,1
Female,18-30,White,31199,545,5686,Employed,4,1
Female,46-60,White,82042,463,31943,Unemployed,1,0
Male,18-30,White,56420,313,45121,Unemployed,0,0
Female,18-30,White,114388,466,1797,Unemployed,2,1
Male,46-60,White,114361,838,45206,Employed,4,1
Female,60+,Black,95775,541,39985,Employed,3,1
Male,60+,White,90240,755,49740,Self-employed,2,0
Male,46-60,White,145249,458,37257,Self-employed,0,1
Male,46-60,White,49884,615,19688,Employed,0,1
Male,46-60,Asian,19367,435,9213,Unemployed,0,0
Female,46-60,White,140031,726,37708,Unemployed,0,1
Male,18-30,Hispanic,63641,843,41412,Employed,1,1
Female,46-60,Hispanic,38076,472,37736,Unemployed,1,0
Male,60+,Hispanic,102290,769,39307,Unemployed,2,1
Male,46-60,White,29574,660,6742,Employed,4,1
Female,31-45,Black,145989,528,27824,Unemployed,4,0
Female,18-30,White,96365,330,37994,Employed,0,0
Female,60+,White,148926,433,24622,Employed,2,1
Female,46-60,Asian,110480,588,44636,Unemployed,1,1
Male,46-60,Asian,16318,369,24321,Employed,3,1
Male,60+,White,74033,346,23509,Employed,2,1
Male,18-30,Black,105159,501,28817,Unemployed,4,1
Male,31-45,Asian,67166,547,45591,Employed,0,1
Male,31-45,White,86045,490,33037,Employed,4,1
Male,60+,Hispanic,138936,775,24613,Employed,4,1
Male,46-60,White,29240,725,43048,Employed,1,1
Male,46-60,Hispanic,109176,421,10785,Unemployed,2,1
Male,46-60,White,132669,637,16451,Employed,4,1
Female,31-45,Black,36433,305,46281,Self-employed,4,1
Male,18-30,Hispanic,133102,802,22343,Employed,3,1
Female,18-30,Asian,56840,517,6846,Employed,1,1
Female,60+,White,27611,346,44829,Employed,0,1
Male,31-45,Hispanic,141001,842,21826,Employed,2,1
Female,31-45,Asian,102194,520,27174,Self-employed,3,1
Male,60+,White,24934,454,16796,Employed,2,1
Male,18-30,White,62485,614,12585,Employed,2,1
Female,60+,White,94225,386,20144,Employed,0,1
Female,60+,Hispanic,107302,451,33527,Employed,2,1
Male,46-60,Black,94342,475,8542,Self-employed,4,1
Female,31-45,Asian,141953,502,22034,Employed,1,1
Female,18-30,White,53995,804,37020,Self-employed,4,1
Female,46-60,Black,145331,825,25551,Unemployed,3,1
Male,60+,Black,135441,632,31714,Employed,3,1
Female,31-45,Asian,58016,833,16598,Unemployed,0,0
Female,18-30,White,23922,575,18641,Employed,2,1
Male,31-45,Black,64190,832,48678,Self-employed,3,1
Female,60+,White,92069,644,25764,Self-employed,4,0
Male,18-30,White,143492,391,37004,Unemployed,0,1
Male,18-30,Hispanic,126744,400,13712,Employed,1,1
Female,46-60,White,84309,399,4396,Employed,1,1
Female,18-30,White,60762,335,46480,Employed,1,1
Male,46-60,White,56779,685,18890,Employed,1,1
Male,46-60,White,37658,595,33554,Employed,0,1
Male,46-60,White,116709,456,9189,Unemployed,2,1
Male,60+,Hispanic,139188,409,12364,Employed,0,1
Female,46-60,Black,26004,699,46561,Employed,4,0
Female,18-30,Black,60200,628,15253,Self-employed,4,1
Female,46-60,Black,100565,803,28755,Self-employed,2,1
Male,46-60,Black,55896,659,5539,Employed,1,1
Male,46-60,Hispanic,19334,408,41694,Self-employed,3,1
Female,60+,Hispanic,74793,810,30,Unemployed,4,1
Female,18-30,Hispanic,19872,432,30225,Self-employed,0,0
Male,60+,White,88620,484,22747,Employed,2,1
Female,18-30,White,91471,536,30653,Employed,4,1
Female,31-45,Hispanic,105798,793,1825,Employed,3,1
Female,18-30,Asian,67118,348,6677,Employed,2,1
Male,46-60,Hispanic,126050,304,7601,Unemployed,0,0
Female,46-60,Black,119893,523,7495,Employed,2,1
Female,31-45,White,79065,446,9207,Employed,3,1
Female,46-60,White,89688,578,40341,Self-employed,3,0
Male,18-30,Black,65246,383,3202,Employed,2,0
Female,46-60,White,56356,633,22010,Self-employed,0,0
Female,31-45,Asian,75129,621,44673,Employed,1,1
Male,46-60,White,85163,709,32409,Unemployed,4,0
Female,31-45,White,80462,720,45055,Unemployed,3,0
Female,46-60,Hispanic,140228,664,19200,Employed,4,1
Female,31-45,Asian,146800,407,44156,Employed,0,1
Male,18-30,White,39699,579,17460,Unemployed,3,1
Female,18-30,White,23659,598,47695,Employed,3,1
Female,31-45,White,83965,680,16550,Employed,2,1
Female,31-45,Hispanic,42507,703,6911,Employed,2,1
Male,46-60,Asian,32315,842,31774,Employed,2,1
Female,18-30,Hispanic,80051,364,26541,Employed,4,1
Male,60+,White,104093,341,36992,Employed,4,1
Female,18-30,Black,100738,664,13111,Unemployed,4,0
Male,18-30,Black,39707,798,41517,Self-employed,2,0
Male,60+,Black,21461,379,343,Employed,1,1
Female,31-45,Hispanic,11699,596,20791,Employed,2,1
Female,46-60,Asian,72091,336,11853,Employed,1,1
Female,31-45,Asian,52560,549,6678,Employed,1,1
Female,31-45,Hispanic,16231,342,2607,Unemployed,3,0
Male,18-30,White,113586,542,40125,Unemployed,4,1
Female,46-60,White,87764,435,41095,Unemployed,3,0
Male,46-60,White,102646,635,21825,Employed,0,1
Female,46-60,Hispanic,108298,308,19972,Employed,1,0
Female,31-45,White,67359,430,6437,Employed,2,1
Female,46-60,White,102113,665,44896,Employed,4,0
Female,46-60,White,95653,730,42115,Employed,1,1
Male,18-30,White,13443,474,42150,Employed,2,1
Female,31-45,White,60361,549,44295,Employed,1,1
Male,60+,Hispanic,61539,476,19548,Employed,2,0
Male,31-45,Asian,124680,340,6492,Employed,1,1
Male,60+,Black,85830,408,14591,Employed,0,1
Male,31-45,White,99073,558,45989,Employed,2,0
Male,31-45,White,84256,398,13789,Employed,2,1
Female,31-45,Black,129853,635,44663,Self-employed,2,0
Female,46-60,Asian,95507,411,4462,Employed,0,0
Male,46-60,Black,25033,541,8075,Self-employed,4,1
Male,60+,White,11489,433,21095,Unemployed,2,1
Male,46-60,White,40718,315,33991,Unemployed,2,0
Female,31-45,Hispanic,95562,589,14906,Employed,3,1
Male,60+,Hispanic,65121,395,6510,Self-employed,0,1
Female,60+,White,96859,808,44306,Employed,3,1
Female,31-45,Black,126354,652,15682,Employed,1,1
Female,46-60,Hispanic,140341,445,35094,Employed,0,0
Female,46-60,White,126259,608,21647,Employed,4,1
Male,18-30,Hispanic,142795,300,17137,Self-employed,4,0
Male,18-30,White,146401,795,5869,Unemployed,0,1
Male,18-30,Black,36956,697,40603,Employed,2,1
Male,18-30,Black,143387,501,34609,Employed,0,1
Female,60+,Asian,104602,315,23851,Employed,1,1
Female,46-60,White,136122,394,2519,Self-employed,1,1
Female,31-45,White,60924,692,24178,Employed,0,0
Male,18-30,White,25252,318,34032,Employed,2,0
Female,31-45,Hispanic,66342,699,23313,Employed,4,0
Female,31-45,White,131148,599,45803,Employed,4,1
Female,46-60,White,96608,480,13627,Employed,3,1
